 *** Welcome to SAD Ver.1.0.10.5.8a1 built at 2015-07-23 11:36:06 +0900 ***
 *** Today: 13:28:03 Thursday 03/20/2025 ***
  cpu time= 1.2997E-02(sec) dt=     12.997(msec) free area::    1793
 OFF LOG ECHO;READ 77 ;          23
  cpu time= 1.2997E-02(sec) dt=     12.997(msec) free area::    1793
  cpu time= 1.2997E-02(sec) dt=     12.997(msec) free area::    1792
 input file is redirected to /export/jnulsv01/home/cnaseby/sad_example/jnusad/trunk/share/jnu_opt/MR081209i
  cpu time= 1.2997E-02(sec) dt=     12.997(msec) free area::    1791
  cpu time= 1.3997E-02(sec) dt=     13.997(msec) free area::    1791
  cpu time= 1.3997E-02(sec) dt=     13.997(msec) free area::    1791
  cpu time= 1.3997E-02(sec) dt=     13.997(msec) free area::    1791
OFF CTIME RAD RADCOD FLUC;
ON RFSW;
!
!   definition of elements in MAIN level
!
 ;
 DRIFT  LQB01701     =(L =.35 )
        LQB01801     =(L =.35 )
        LQB02201     =(L =.35 )
        LQB02301     =(L =.35 )
        LQB02401     =(L =.35 )
        LQB02501     =(L =.35 )
        LQB02901     =(L =.35 )
        LQB03001     =(L =.35 )
        LQB03101     =(L =.35 )
        LQB03201     =(L =.35 )
        LQB03601     =(L =.35 )
        LQB03701     =(L =.35 )
        LQB03801     =(L =.35 )
        LQB03901     =(L =.35 )
        LQB04301     =(L =.35 )
        LQB04401     =(L =.35 )
        LQB04501     =(L =.35 )
        LQB04601     =(L =.35 )
        LQB05001     =(L =.35 )
        LQB05101     =(L =.35 )
        LQB05201     =(L =.35 )
        LQB05301     =(L =.35 )
        LQB05701     =(L =.35 )
        LQB05801     =(L =.35 )
        LQB05901     =(L =.35 )
        LQB06001     =(L =.35 )
        LQB06401     =(L =.35 )
        LQB06501     =(L =.35 )
        LQB06601     =(L =.35 )
        LQB06701     =(L =.35 )
        LQB07101     =(L =.35 )
        LQB07201     =(L =.35 )
        LQB08901     =(L =.35 )
        LQB09001     =(L =.35 )
        LQB09401     =(L =.35 )
        LQB09501     =(L =.35 )
        LQB09601     =(L =.35 )
        LQB09701     =(L =.35 )
        LQB10101     =(L =.35 )
        LQB10201     =(L =.35 )
        LQB10301     =(L =.35 )
        LQB10401     =(L =.35 )
        LQB10801     =(L =.35 )
        LQB10901     =(L =.35 )
        LQB11001     =(L =.35 )
        LQB11101     =(L =.35 )
        LQB11501     =(L =.35 )
        LQB11601     =(L =.35 )
        LQB11701     =(L =.35 )
        LQB11801     =(L =.35 )
        LQB12201     =(L =.35 )
        LQB12301     =(L =.35 )
        LQB12401     =(L =.35 )
        LQB12501     =(L =.35 )
        LQB12901     =(L =.35 )
        LQB13001     =(L =.35 )
        LQB13101     =(L =.35 )
        LQB13201     =(L =.35 )
        LQB13601     =(L =.35 )
        LQB13701     =(L =.35 )
        LQB13801     =(L =.35 )
        LQB13901     =(L =.35 )
        LQB14301     =(L =.35 )
        LQB14401     =(L =.35 )
        LQB16101     =(L =.35 )
        LQB16201     =(L =.35 )
        LQB16601     =(L =.35 )
        LQB16701     =(L =.35 )
        LQB16801     =(L =.35 )
        LQB16901     =(L =.35 )
        LQB17301     =(L =.35 )
        LQB17401     =(L =.35 )
        LQB17501     =(L =.35 )
        LQB17601     =(L =.35 )
        LQB18001     =(L =.35 )
        LQB18101     =(L =.35 )
        LQB18201     =(L =.35 )
        LQB18301     =(L =.35 )
        LQB18701     =(L =.35 )
        LQB18801     =(L =.35 )
        LQB18901     =(L =.35 )
        LQB19001     =(L =.35 )
        LQB19401     =(L =.35 )
        LQB19501     =(L =.35 )
        LQB19601     =(L =.35 )
        LQB19701     =(L =.35 )
        LQB20101     =(L =.35 )
        LQB20201     =(L =.35 )
        LQB20301     =(L =.35 )
        LQB20401     =(L =.35 )
        LQB20801     =(L =.35 )
        LQB20901     =(L =.35 )
        LQB21001     =(L =.35 )
        LQB21101     =(L =.35 )
        LQB21501     =(L =.35 )
        LQB21601     =(L =.35 )

        LBZ01701     =(L =.11 )
        LBZ01801     =(L =.11 )
        LBZ02201     =(L =.11 )
        LBZ02301     =(L =.11 )
        LBZ02401     =(L =.11 )
        LBZ02501     =(L =.11 )
        LBZ02901     =(L =.11 )
        LBZ03001     =(L =.11 )
        LBZ03101     =(L =.11 )
        LBZ03201     =(L =.11 )
        LBZ03601     =(L =.11 )
        LBZ03701     =(L =.11 )
        LBZ03801     =(L =.11 )
        LBZ03901     =(L =.11 )
        LBZ04301     =(L =.11 )
        LBZ04401     =(L =.11 )
        LBZ04501     =(L =.11 )
        LBZ04601     =(L =.11 )
        LBZ05001     =(L =.11 )
        LBZ05101     =(L =.11 )
        LBZ05201     =(L =.11 )
        LBZ05301     =(L =.11 )
        LBZ05701     =(L =.11 )
        LBZ05801     =(L =.11 )
        LBZ05901     =(L =.11 )
        LBZ06001     =(L =.11 )
        LBZ06401     =(L =.11 )
        LBZ06501     =(L =.11 )
        LBZ06601     =(L =.11 )
        LBZ06701     =(L =.11 )
        LBZ07101     =(L =.11 )
        LBZ07201     =(L =.11 )
        LBZ08901     =(L =.11 )
        LBZ09001     =(L =.11 )
        LBZ09401     =(L =.11 )
        LBZ09501     =(L =.11 )
        LBZ09601     =(L =.11 )
        LBZ09701     =(L =.11 )
        LBZ10101     =(L =.11 )
        LBZ10201     =(L =.11 )
        LBZ10301     =(L =.11 )
        LBZ10401     =(L =.11 )
        LBZ10801     =(L =.11 )
        LBZ10901     =(L =.11 )
        LBZ11001     =(L =.11 )
        LBZ11101     =(L =.11 )
        LBZ11501     =(L =.11 )
        LBZ11601     =(L =.11 )
        LBZ11701     =(L =.11 )
        LBZ11801     =(L =.11 )
        LBZ12201     =(L =.11 )
        LBZ12301     =(L =.11 )
        LBZ12401     =(L =.11 )
        LBZ12501     =(L =.11 )
        LBZ12901     =(L =.11 )
        LBZ13001     =(L =.11 )
        LBZ13101     =(L =.11 )
        LBZ13201     =(L =.11 )
        LBZ13601     =(L =.11 )
        LBZ13701     =(L =.11 )
        LBZ13801     =(L =.11 )
        LBZ13901     =(L =.11 )
        LBZ14301     =(L =.11 )
        LBZ14401     =(L =.11 )
        LBZ16101     =(L =.11 )
        LBZ16201     =(L =.11 )
        LBZ16601     =(L =.11 )
        LBZ16701     =(L =.11 )
        LBZ16801     =(L =.11 )
        LBZ16901     =(L =.11 )
        LBZ17301     =(L =.11 )
        LBZ17401     =(L =.11 )
        LBZ17501     =(L =.11 )
        LBZ17601     =(L =.11 )
        LBZ18001     =(L =.11 )
        LBZ18101     =(L =.11 )
        LBZ18201     =(L =.11 )
        LBZ18301     =(L =.11 )
        LBZ18701     =(L =.11 )
        LBZ18801     =(L =.11 )
        LBZ18901     =(L =.11 )
        LBZ19001     =(L =.11 )
        LBZ19401     =(L =.11 )
        LBZ19501     =(L =.11 )
        LBZ19601     =(L =.11 )
        LBZ19701     =(L =.11 )
        LBZ20101     =(L =.11 )
        LBZ20201     =(L =.11 )
        LBZ20301     =(L =.11 )
        LBZ20401     =(L =.11 )
        LBZ20801     =(L =.11 )
        LBZ20901     =(L =.11 )
        LBZ21001     =(L =.11 )
        LBZ21101     =(L =.11 )
        LBZ21501     =(L =.11 )
        LBZ21601     =(L =.11 )

        LZQ00101     =(L =.02 )
        LZQ00201     =(L =.02 )
        LZQ00301     =(L =.02 )
        LZQ00501     =(L =.11 )
        LZQ00601     =(L =.02 )
        LZQ00701     =(L =.02 )
        LZQ00801     =(L =.02 )
        LZQ00901     =(L =.02 )
        LZQ01001     =(L =.02 )
        LZQ01101     =(L =.05 )
        LZQ01301     =(L =.11 )
        LZQ01401     =(L =.02 )
        LZQ01501     =(L =.02 )
        LZQ01601     =(L =.02 )
        LZQ01701     =(L =.02 )
        LZQ01801     =(L =.02 )
        LZQ01901     =(L =.02 )
        LZQ02101     =(L =.02 )
        LZQ02201     =(L =.02 )
        LZQ02301     =(L =.02 )
        LZQ02401     =(L =.02 )
        LZQ02501     =(L =.02 )
        LZQ02601     =(L =.02 )
        LZQ02801     =(L =.02 )
        LZQ02901     =(L =.02 )
        LZQ03001     =(L =.02 )
        LZQ03101     =(L =.02 )
        LZQ03201     =(L =.02 )
        LZQ03301     =(L =.02 )
        LZQ03501     =(L =.02 )
        LZQ03601     =(L =.02 )
        LZQ03701     =(L =.02 )
        LZQ03801     =(L =.02 )
        LZQ03901     =(L =.02 )
        LZQ04001     =(L =.02 )
        LZQ04201     =(L =.02 )
        LZQ04301     =(L =.02 )
        LZQ04401     =(L =.02 )
        LZQ04501     =(L =.02 )
        LZQ04601     =(L =.02 )
        LZQ04701     =(L =.02 )
        LZQ04901     =(L =.02 )
        LZQ05001     =(L =.02 )
        LZQ05101     =(L =.02 )
        LZQ05201     =(L =.02 )
        LZQ05301     =(L =.02 )
        LZQ05401     =(L =.02 )
        LZQ05601     =(L =.02 )
        LZQ05701     =(L =.02 )
        LZQ05801     =(L =.02 )
        LZQ05901     =(L =.02 )
        LZQ06001     =(L =.02 )
        LZQ06101     =(L =.02 )
        LZQ06301     =(L =.02 )
        LZQ06401     =(L =.02 )
        LZQ06501     =(L =.02 )
        LZQ06601     =(L =.02 )
        LZQ06701     =(L =.02 )
        LZQ06801     =(L =.02 )
        LZQ07001     =(L =.02 )
        LZQ07101     =(L =.02 )
        LZQ07201     =(L =.02 )
        LZQ07301     =(L =.02 )
        LZQ07401     =(L =.02 )
        LZQ07501     =(L =.02 )
        LZQ07701     =(L =.02 )
        LZQ07801     =(L =.02 )
        LZQ07901     =(L =.02 )
        LZQ08001     =(L =.02 )
        LZQ08101     =(L =.02 )
        LZQ08201     =(L =.02 )
        LZQ08301     =(L =.02 )
        LZQ08501     =(L =.11 )
        LZQ08601     =(L =.02 )
        LZQ08701     =(L =.02 )
        LZQ08801     =(L =.02 )
        LZQ08901     =(L =.02 )
        LZQ09001     =(L =.02 )
        LZQ09101     =(L =.02 )
        LZQ09301     =(L =.02 )
        LZQ09401     =(L =.02 )
        LZQ09501     =(L =.02 )
        LZQ09601     =(L =.02 )
        LZQ09701     =(L =.02 )
        LZQ09801     =(L =.02 )
        LZQ10001     =(L =.02 )
        LZQ10101     =(L =.02 )
        LZQ10201     =(L =.02 )
        LZQ10301     =(L =.02 )
        LZQ10401     =(L =.02 )
        LZQ10501     =(L =.02 )
        LZQ10701     =(L =.02 )
        LZQ10801     =(L =.02 )
        LZQ10901     =(L =.02 )
        LZQ11001     =(L =.02 )
        LZQ11101     =(L =.02 )
        LZQ11201     =(L =.02 )
        LZQ11401     =(L =.02 )
        LZQ11501     =(L =.02 )
        LZQ11601     =(L =.02 )
        LZQ11701     =(L =.02 )
        LZQ11801     =(L =.02 )
        LZQ11901     =(L =.02 )
        LZQ12101     =(L =.02 )
        LZQ12201     =(L =.02 )
        LZQ12301     =(L =.02 )
        LZQ12401     =(L =.02 )
        LZQ12501     =(L =.02 )
        LZQ12601     =(L =.02 )
        LZQ12801     =(L =.02 )
        LZQ12901     =(L =.02 )
        LZQ13001     =(L =.02 )
        LZQ13101     =(L =.02 )
        LZQ13201     =(L =.02 )
        LZQ13301     =(L =.02 )
        LZQ13501     =(L =.02 )
        LZQ13601     =(L =.02 )
        LZQ13701     =(L =.02 )
        LZQ13801     =(L =.02 )
        LZQ13901     =(L =.02 )
        LZQ14001     =(L =.02 )
        LZQ14201     =(L =.02 )
        LZQ14301     =(L =.02 )
        LZQ14401     =(L =.02 )
        LZQ14501     =(L =.02 )
        LZQ14601     =(L =.02 )
        LZQ14701     =(L =.02 )
        LZQ14901     =(L =.02 )
        LZQ15001     =(L =.05 )
        LZQ15101     =(L =.05 )
        LZQ15201     =(L =.05 )
        LZQ15301     =(L =.05 )
        LZQ15401     =(L =.05 )
        LZQ15501     =(L =.05 )
        LZQ15701     =(L =.16 )
        LZQ15801     =(L =.02 )
        LZQ15901     =(L =.02 )
        LZQ16001     =(L =.02 )
        LZQ16101     =(L =.02 )
        LZQ16201     =(L =.02 )
        LZQ16301     =(L =.02 )
        LZQ16501     =(L =.02 )
        LZQ16601     =(L =.02 )
        LZQ16701     =(L =.02 )
        LZQ16801     =(L =.02 )
        LZQ16901     =(L =.02 )
        LZQ17001     =(L =.02 )
        LZQ17201     =(L =.02 )
        LZQ17301     =(L =.02 )
        LZQ17401     =(L =.02 )
        LZQ17501     =(L =.02 )
        LZQ17601     =(L =.02 )
        LZQ17701     =(L =.02 )
        LZQ17901     =(L =.02 )
        LZQ18001     =(L =.02 )
        LZQ18101     =(L =.02 )
        LZQ18201     =(L =.02 )
        LZQ18301     =(L =.02 )
        LZQ18401     =(L =.02 )
        LZQ18601     =(L =.02 )
        LZQ18701     =(L =.02 )
        LZQ18801     =(L =.02 )
        LZQ18901     =(L =.02 )
        LZQ19001     =(L =.02 )
        LZQ19101     =(L =.02 )
        LZQ19301     =(L =.02 )
        LZQ19401     =(L =.02 )
        LZQ19501     =(L =.02 )
        LZQ19601     =(L =.02 )
        LZQ19701     =(L =.02 )
        LZQ19801     =(L =.02 )
        LZQ20001     =(L =.02 )
        LZQ20101     =(L =.02 )
        LZQ20201     =(L =.02 )
        LZQ20301     =(L =.02 )
        LZQ20401     =(L =.02 )
        LZQ20501     =(L =.02 )
        LZQ20701     =(L =.02 )
        LZQ20801     =(L =.02 )
        LZQ20901     =(L =.02 )
        LZQ21001     =(L =.02 )
        LZQ21101     =(L =.02 )
        LZQ21201     =(L =.02 )
        LZQ21401     =(L =.02 )
        LZQ21501     =(L =.02 )
        LZQ21601     =(L =.02 )

        LQS01901     =(L =.17 )
        LQS02001     =(L =.17 )
        LQS02601     =(L =.17 )
        LQS02701     =(L =.17 )
        LQS03301     =(L =.17 )
        LQS03401     =(L =.17 )
        LQS04001     =(L =.17 )
        LQS04101     =(L =.17 )
        LQS04701     =(L =.17 )
        LQS04801     =(L =.17 )
        LQS05401     =(L =.17 )
        LQS05501     =(L =.17 )
        LQS06101     =(L =.17 )
        LQS06201     =(L =.17 )
        LQS06801     =(L =.17 )
        LQS06901     =(L =.17 )
        LQS09101     =(L =.17 )
        LQS09201     =(L =.17 )
        LQS09801     =(L =.17 )
        LQS09901     =(L =.17 )
        LQS10501     =(L =.17 )
        LQS10601     =(L =.17 )
        LQS11201     =(L =.17 )
        LQS11301     =(L =.17 )
        LQS11901     =(L =.17 )
        LQS12001     =(L =.17 )
        LQS12601     =(L =.17 )
        LQS12701     =(L =.17 )
        LQS13301     =(L =.17 )
        LQS13401     =(L =.17 )
        LQS14001     =(L =.17 )
        LQS14101     =(L =.17 )
        LQS16301     =(L =.17 )
        LQS16401     =(L =.17 )
        LQS17001     =(L =.17 )
        LQS17101     =(L =.17 )
        LQS17701     =(L =.17 )
        LQS17801     =(L =.17 )
        LQS18401     =(L =.17 )
        LQS18501     =(L =.17 )
        LQS19101     =(L =.17 )
        LQS19201     =(L =.17 )
        LQS19801     =(L =.17 )
        LQS19901     =(L =.17 )
        LQS20501     =(L =.17 )
        LQS20601     =(L =.17 )
        LQS21201     =(L =.17 )
        LQS21301     =(L =.17 )

        LZS02101     =(L =.14 )
        LZS02801     =(L =.14 )
        LZS03501     =(L =.14 )
        LZS04201     =(L =.14 )
        LZS04901     =(L =.14 )
        LZS05601     =(L =.14 )
        LZS06301     =(L =.14 )
        LZS07001     =(L =.14 )
        LZS09301     =(L =.14 )
        LZS10001     =(L =.14 )
        LZS10701     =(L =.14 )
        LZS11401     =(L =.14 )
        LZS12101     =(L =.14 )
        LZS12801     =(L =.14 )
        LZS13501     =(L =.14 )
        LZS14201     =(L =.14 )
        LZS16501     =(L =.14 )
        LZS17201     =(L =.14 )
        LZS17901     =(L =.14 )
        LZS18601     =(L =.14 )
        LZS19301     =(L =.14 )
        LZS20001     =(L =.14 )
        LZS20701     =(L =.14 )
        LZS21401     =(L =.14 )

        LFC02001     =(L =.17 )
        LFC02701     =(L =.17 )
        LFC03401     =(L =.17 )
        LFC04101     =(L =.17 )
        LFC04801     =(L =.17 )
        LFC05501     =(L =.17 )
        LFC06201     =(L =.17 )
        LFC06901     =(L =.17 )
        LFC09201     =(L =.17 )
        LFC09901     =(L =.17 )
        LFC10601     =(L =.17 )
        LFC11301     =(L =.17 )
        LFC12001     =(L =.17 )
        LFC12701     =(L =.17 )
        LFC13401     =(L =.17 )
        LFC14101     =(L =.17 )
        LFC16401     =(L =.17 )
        LFC17101     =(L =.17 )
        LFC17801     =(L =.17 )
        LFC18501     =(L =.17 )
        LFC19201     =(L =.17 )
        LFC19901     =(L =.17 )
        LFC20601     =(L =.17 )
        LFC21301     =(L =.17 )

        LXU01901     =(L = 2.020 )
        LXU02601     =(L = 2.020 )
        LXU03301     =(L = 2.020 )
        LXU04001     =(L = 2.020 )
        LXU04701     =(L = 2.020 )
        LXU05401     =(L = 2.020 )
        LXU06101     =(L = 2.020 )
        LXU06801     =(L = 2.020 )
        LXU09101     =(L = 2.020 )
        LXU09801     =(L = 2.020 )
        LXU10501     =(L = 2.020 )
        LXU11201     =(L = 2.020 )
        LXU11901     =(L = 2.020 )
        LXU12601     =(L = 2.020 )
        LXU13301     =(L = 2.020 )
        LXU14001     =(L = 2.020 )
        LXU16301     =(L = 2.020 )
        LXU17001     =(L = 2.020 )
        LXU17701     =(L = 2.020 )
        LXU18401     =(L = 2.020 )
        LXU19101     =(L = 2.020 )
        LXU19801     =(L = 2.020 )
        LXU20501     =(L = 2.020 )
        LXU21201     =(L = 2.020 )

        LXD02101     =(L = 2.050 )
        LXD02801     =(L = 2.050 )
        LXD03501     =(L = 2.050 )
        LXD04201     =(L = 2.050 )
        LXD04901     =(L = 2.050 )
        LXD05601     =(L = 2.050 )
        LXD06301     =(L = 2.050 )
        LXD07001     =(L = 2.050 )
        LXD09301     =(L = 2.050 )
        LXD10001     =(L = 2.050 )
        LXD10701     =(L = 2.050 )
        LXD11401     =(L = 2.050 )
        LXD12101     =(L = 2.050 )
        LXD12801     =(L = 2.050 )
        LXD13501     =(L = 2.050 )
        LXD14201     =(L = 2.050 )
        LXD16501     =(L = 2.050 )
        LXD17201     =(L = 2.050 )
        LXD17901     =(L = 2.050 )
        LXD18601     =(L = 2.050 )
        LXD19301     =(L = 2.050 )
        LXD20001     =(L = 2.050 )
        LXD20701     =(L = 2.050 )
        LXD21401     =(L = 2.050 )
! insertion
        LSA00101     =(L = 1.440 )
        LSA01601     =(L = 1.440 )
        LSA07301     =(L = 1.440 )
        LSA08801     =(L = 1.440 )
        LSA14501     =(L = 1.440 )
        LSA16001     =(L = 1.440 )

        LSB00201     =(L = 9.170 )
        LSB01501     =(L = 9.170 )
        LSB07401     =(L = 9.170 )
        LSB08701     =(L = 9.170 )
        LSB14601     =(L = 9.170 )
        LSB15901     =(L = 9.170 )

        LSC00301     =(L = 0.660 )
        LSC01401     =(L = 0.660 )
        LSC07501     =(L = 0.660 )
        LSC08601     =(L = 0.660 )
        LSC14701     =(L = 0.660 )
        LSC15801     =(L = 0.660 )

        LSDU07701    =(L = 8.740 )
        LSDD08401    =(L = 9.100 )
        LSDU14901    =(L = 8.740 )

        LSE07801     =(L = 5.820 )
        LSE08301     =(L = 5.820 )
        LSE15001     =(L = 5.820 )

        LSFU00401    =(L = 1.335 )
!        LSFU00402    =(L = 1.335 )
        LSFU00402    =(L = 0.905 )
        LSFU00403    =(L = 0.230 )
        LSFU07601    =(L = 1.335 )
        LSFU07602    =(L = 1.335 )
        LSFU14801    =(L = 1.335 )
        LSFU14802    =(L = 1.335 )

        LSFD01301    =(L = 2.220 )
        LSFD08501    =(L = 2.220 )
        LSFD15701    =(L = 2.170 )

        LSG00801     =(L = 5.620 )
        LSG00901     =(L = 5.620 )
        LSG08001     =(L = 5.620 )
        LSG08101     =(L = 5.620 )

!        LSH00701     =(L = 5.620 )
        LSH00701     =(L = 5.190 )
        LSH01001     =(L = 5.620 )
        LSH07901     =(L = 5.620 )
        LSH08201     =(L = 5.620 )
        LSH15401     =(L = 5.65 )

	LZQ     =(L =.05 )

        ECB     =(L = .26 )
        ECQ     =(L = .18 )
        ECS     =(L = .07 )
        ECZ     =(L = .07 )

        ECBFL   =(L = .03 )
        ECQFL   =(L = .03 )
 ;
 MARK   PBFLU    =()
        PBFLD    =()
        PQFLU    =()
        PQFLD    =()
 ;
 MARK   REF =(AX =-.8851670046411    BX =9.5031547396865
           PSIX =0.   AY =2.5573705936209 BY =29.603864288082
           PSIY =0.   EX =1.69636871602E-11
           EPX =1.01236139742E-11   DP =.01   EMITX =1E-6    EMITY =1E-6)
        MODST   =()
        ARCST   =()
        INSST   =()
        INRST   =()
        INMST   =()
        PLSF    =()
        SCTR    =()
        ICTR    =()
        INJP    =()
        REFBM   =()
        MRKQDT  =()
        END     =()
 ;
 MONI
        MOH     =()
        MOV     =()
!        MMOH     =() ! to screen the intentional bump orbit
!        MMOV     =()
 ;
! CAVI   CAI     =(L = 1.000   VOLT = 35000   HARM = 10 PHI = 3.1415926535898 )
 ;
!
!   definition of unit cell in MAIN level
!
 ;
 MARK
        PBMNC   =(OFFSET = 1.5)
        PQFNC   =(OFFSET = 1.5)
        PQDNC   =(OFFSET = 1.5)
        PQFXC   =(OFFSET = 1.5)
        PQDXC   =(OFFSET = 1.5)
        PQFSC   =(OFFSET = 1.5)
        PQDSC   =(OFFSET = 1.5)
        PQFTC   =(OFFSET = 1.5)
        PQFPC   =(OFFSET = 1.5)
        PQDTC   =(OFFSET = 1.5)
        PQFRC   =(OFFSET = 1.5)
!       PQFWC   =(OFFSET = 1.5)
        PQDRC   =(OFFSET = 1.5)
        PZSC    =(OFFSET = 1.5)
 ;
! start from here 2003/12/10 -------------
 MARK
        MRK00102 =(AX =-.8851670046411    BX =9.5031547396865
           PSIX =0.   AY =2.5573705936209 BY =29.603864288082
           PSIY =0.   EX =1.69636871602E-11
           EPX =1.01236139742E-11   DP =.01   EMITX =1E-6    EMITY =1E-6)
        MRK00401 =()
        MRK00601 =()
        MRK00602 =()
        MRK01001 =()
        MRK01002 =()
        MRK01101 =()
        MRK01701 =()
        MRK01702 =()
        MRK07301 =()
        MRK07302 =()
        MRK07901 =()
        MRK07902 =()
        MRK08901 =()
        MRK08902 =()
        MRK14501 =()
        MRK14502 =(AX =-.8851670046411    BX =9.5031547396865
           PSIX =0.   AY =2.5573705936209 BY =29.603864288082
           PSIY =0.   EX =1.69636871602E-11
           EPX =1.01236139742E-11   DP =.01   EMITX =1E-6    EMITY =1E-6)
        MRK15101 =()
        MRK15102 =()
        MRK15601 =()
        MRK16101 =()
        MRK16102 =()
        MRK21001 =()
        MRK00101 =()
        MRKDMPEX =()

        MKQCTR   =(OFFSET = -0.5)

        MRKFAST  =()
 ;
! fast extraction 2008/02/21-------------
 DRIFT
        LSH0115101 =(L = 0.30)
        LSH0215101 =(L = 2.920)
        LSG0115201 =(L = 0.25)
        LSG0215201 =(L = 0.3)
        LSG0315201 =(L = 0.24)
        LSG0115301 =(L = 0.30)
        LSG0215301 =(L = 0.3)
        LSG0315301 =(L = 0.19)
        LSE0115501 =(L = 0.547)
        LSE0215501 =(L = 0.334)
        LSE0315501 =(L = 0.534)
        LSE0415501 =(L = 0.334)
        LSE0515501 =(L = 0.601)
        LSDD0115601 =(L = 0.3)
        LSDD0215601 =(L = 0.366)
        LSDD0315601 =(L = 0.331)
        LSDD0415601 =(L = 0.45)
        LSDD0515601 =(L = 1.028)

        LSE0115001 =(L = 3.18)
        LSE0215001 =(L = 0.24)
 ;
 MULT
        KM0015001 =(L = 2.43 K0=-0.00124*0.95*1.035*0. E1=0.5 E2=0.5 F1=0. DISFRIN=1 FRINGE=0)
        KM0115101 =(L = 2.43 K0=0. E1=0.5 E2=0.5 F1=0. DISFRIN=1 FRINGE=0)
        KM0215201 =(L = 2.43 K0=0.00124*0.95*1.035*0. E1=0.5 E2=0.5 F1=0. DISFRIN=1 FRINGE=0)
        KM0315201 =(L = 2.43 K0=0.00124*0.95*1.035*0. E1=0.5 E2=0.5 F1=0. DISFRIN=1 FRINGE=0)
        KM0415301 =(L = 2.43 K0=0.00124*0.95*1.035*0. E1=0.5 E2=0.5 F1=0. DISFRIN=1 FRINGE=0)
        KM0515301 =(L = 2.43 K0=0.00124*0.95*1.035*0. E1=0.5 E2=0.5 F1=0. DISFRIN=1 FRINGE=0)
        MS1115501 =(L = 0.875 K0=0.002364*0.92*0. E1=0.5 E2=0.5 F1=0. DISFRIN=1 FRINGE=0)
        MS1215501 =(L = 0.875 K0=0.002364*0.92*0. E1=0.5 E2=0.5 F1=0. DISFRIN=1 FRINGE=0)
        MS2115501 =(L = 0.875 K0=0.002364*0.92*0. E1=0.5 E2=0.5 F1=0. DISFRIN=1 FRINGE=0)
        MS2215501 =(L = 0.875 K0=0.002364*0.92*0. E1=0.5 E2=0.5 F1=0. DISFRIN=1 FRINGE=0)
        MS3015601 =(L = 1.225 K0=.011350705079*0. E1=0.5 E2=0.5 F1=0. DISFRIN=1 FRINGE=0)
        MS3115601 =(L = 1.660 K0=.016951937227*0. E1=0.5 E2=0.5 F1=0. DISFRIN=1 FRINGE=0)
        MS3215601 =(L = 1.900 K0=.017591485386*0. E1=0.5 E2=0.5 F1=0. DISFRIN=1 FRINGE=0)
        MS3315601 =(L = 1.900 K0=.017591485386*0. E1=0.5 E2=0.5 F1=0. DISFRIN=1 FRINGE=0)
 ;
!----------------------------------------
! injection 2008/04/21-------------
 DRIFT
        EC035         =(L = 0.035)
        EC050         =(L = 0.050)
        LSDU0100501 =(L = 0.1764)
        LSDU0200501 =(L = 0.0)
        LSDU0300501 =(L = 1.1507)
        LSDU0400501 =(L = 3.5)
        LSDU0500501 =(L = 0.29)
        LSDU0600501 =(L = 0.0)
        LSDU0700501 =(L = 0.0)
        LSDU0800501 =(L = 0.0)
        LSDU0900501 =(L = 0.0)
        LSDU1000501 =(L = 0.0)
        LSDU1100501 =(L = 0.07)
        LSE0100601 =(L =0.435)
        LSE0200601 =(L =0.15)
        LSE0300601 =(L =0.15)
        LSE0400601 =(L =0.275)
        LSE0500601 =(L =1.76)

!        LSHBP031 =(L =5.19)
        LSHBP032 =(L =0.23)

        LSM001   =(L =0.05)
        LSM002   =(L =0.1094)
 ;
 MULT
!        BP0300601   =(L = .20 K0 = .006166907720*0. E1 = .5   E2 = .5 F1 = .0    DISFRIN=1  FRINGE=0 )
!        BP0200501   =(L = .50 K0 = -.011195625074*0. E1 = .5   E2 = .5 F1 = .0    DISFRIN=1  FRINGE=0 )
!        BP0100401   =(L = .20 K0 = .001924567427*0. E1 = .5   E2 = .5 F1 = .0    DISFRIN=1  FRINGE=0 )
        BP0300601   =(L = .20 K0 = .002082079649*0. E1 = .5   E2 = .5 F1 = .0    DISFRIN=1  FRINGE=0 )
        BP0200501   =(L = .50 K0 = -.006392911553*0. E1 = .5   E2 = .5 F1 = .0    DISFRIN=1  FRINGE=0 )
        BP0100401   =(L = .20 K0 = .002426961837*0. E1 = .5   E2 = .5 F1 = .0    DISFRIN=1  FRINGE=0 )
        KM0400601   =(L = 0.35 K0 = 0.*0. E1 = .5   E2 = .5 F1 = .0    DISFRIN=1  FRINGE=0 )
        KM0300601   =(L = 0.75 K0 = -.004482834289*0. E1 = .5   E2 = .5 F1 = .0    DISFRIN=1  FRINGE=0 )
        KM0200601   =(L = 0.75 K0 = -.002053535676*0. E1 = .5   E2 = .5 F1 = .0    DISFRIN=1  FRINGE=0 )
        KM0100601   =(L = 0.75 K0 = -.002053535676*0. E1 = .5   E2 = .5 F1 = .0    DISFRIN=1  FRINGE=0 )
        MS2100501  =(L = 1.5 K0 = -.036044980142*0. E1=.5 E2=.5 F1 = 0. DISFRIN=1 FRINGE=0 )
        MS100501  =(L = 0.8948  K0 = -.111107546943*0.  E1 = .5   E2 = .5 F1 = .0    DISFRIN=1  FRINGE=0 )
        MS000501  =(L = 0.8787  K0 = -.109110818956*0.  E1 = .5   E2 = .5 F1 = .0    DISFRIN=1  FRINGE=0 )
 ;
! dump 2008/4/21-------------
 DRIFT
        LSE0101101 =(L = 3.91)
        LSE0201101 =(L = 0.38)
        LSE0301101 =(L = 0.16)
        LSDD0101201 =(L =0.418)
        LSDD0201201 =(L =3.627)
        LSDD0301201 =(L =0.4354)
        LSDD0401201 =(L =0.4139)
        LSDD0501201 =(L =0.152)
        LSDD0601201 =(L =0.104)
 ;
 MULT
        KM0001101=(L = .70 K0 = -.003686591*0. E1 = .5   E2 = .5 F1 = .0      DISFRIN=1  FRINGE=0 )
        KM0101101=(L = .70 K0 = -.003686591*0. E1 = .5   E2 = .5 F1 = .0      DISFRIN=1  FRINGE=0 )
        KM0201201=(L = .70 K0 = -.006337821242*0. E1 = .5   E2 = .5 F1 = .0      DISFRIN=1  FRINGE=0 )
        KM0301201=(L = .80 K0 = 0.*0. E1 = .5   E2 = .5 F1 = .0      DISFRIN=1  FRINGE=0 )
        MS0101201=(L = 0.726 K0 = -.034619186274*0.  E1 = .5   E2 = .5 F1 = .0      DISFRIN=1  FRINGE=0 )
!        MS0201201=(L = 1.9 K0 = -238.28E-3*0. E1 = .5   E2 = .5 F1 = .0      DISFRIN=1  FRINGE=0 )
        MS0201201=(L = 0.9007 K0 = -.111698804512*0. E1 = .5   E2 = 0. F1 = .0      DISFRIN=1  FRINGE=0 )
        MS0301201=(L = 0.8830 K0 = -.109503948102*0. E1 = 0.   E2 = .5 F1 = .0      DISFRIN=1  FRINGE=0 )
 ;
! rf cavity (only one) 2003/11/01-------------
 CAVI   CAI1    =(L = 0.000   VOLT = 280000   HARM = 9 PHI = 3.1415926535898 )
 ;
!----------------------------------------
!        SDAPSD1 = -.231018822861*2.*0.5;
!        SDBPSD1 = -.231018822861*2.*0.5;
!        SFAPSD1 = .2631732775162*2.*0.5;
!        SDAPSD1 = -.231018822861*2.;
!        SDBPSD1 = -.231018822861*2.;
!        SFAPSD1 = .2631732775162*2.;
        SDAPSD1 = -.221041052161*2.;
        SDBPSD1 = -.221041052161*2.;
        SFAPSD1 = .270825071250*2.;
 SEXT
        SDA01901A = (L =.70 K2 =SDAPSD1 )
        SDA02602A = (L =.70 K2 =SDAPSD1 )
        SDA03303A = (L =.70 K2 =SDAPSD1 )
        SDA04004A = (L =.70 K2 =SDAPSD1 )
        SDA04705A = (L =.70 K2 =SDAPSD1 )
        SDA05406A = (L =.70 K2 =SDAPSD1 )
        SDA06107A = (L =.70 K2 =SDAPSD1 )
        SDA06808A = (L =.70 K2 =SDAPSD1 )
        SDA09109A = (L =.70 K2 =SDAPSD1 )
        SDA09810A = (L =.70 K2 =SDAPSD1 )
        SDA10511A = (L =.70 K2 =SDAPSD1 )
        SDA11212A = (L =.70 K2 =SDAPSD1 )
        SDA11913A = (L =.70 K2 =SDAPSD1 )
        SDA12614A = (L =.70 K2 =SDAPSD1 )
        SDA13315A = (L =.70 K2 =SDAPSD1 )
        SDA14016A = (L =.70 K2 =SDAPSD1 )
        SDA16317A = (L =.70 K2 =SDAPSD1 )
        SDA17018A = (L =.70 K2 =SDAPSD1 )
        SDA17719A = (L =.70 K2 =SDAPSD1 )
        SDA18420A = (L =.70 K2 =SDAPSD1 )
        SDA19121A = (L =.70 K2 =SDAPSD1 )
        SDA19822A = (L =.70 K2 =SDAPSD1 )
        SDA20523A = (L =.70 K2 =SDAPSD1 )
        SDA21224A = (L =.70 K2 =SDAPSD1 )

        SDB02101A = (L =.70 K2 =SDBPSD1 )
        SDB02802A = (L =.70 K2 =SDBPSD1 )
        SDB03503A = (L =.70 K2 =SDBPSD1 )
        SDB04204A = (L =.70 K2 =SDBPSD1 )
        SDB04905A = (L =.70 K2 =SDBPSD1 )
        SDB05606A = (L =.70 K2 =SDBPSD1 )
        SDB06307A = (L =.70 K2 =SDBPSD1 )
        SDB07008A = (L =.70 K2 =SDBPSD1 )
        SDB09309A = (L =.70 K2 =SDBPSD1 )
        SDB10010A = (L =.70 K2 =SDBPSD1 )
        SDB10711A = (L =.70 K2 =SDBPSD1 )
        SDB11412A = (L =.70 K2 =SDBPSD1 )
        SDB12113A = (L =.70 K2 =SDBPSD1 )
        SDB12814A = (L =.70 K2 =SDBPSD1 )
        SDB13515A = (L =.70 K2 =SDBPSD1 )
        SDB14216A = (L =.70 K2 =SDBPSD1 )
        SDB16517A = (L =.70 K2 =SDBPSD1 )
        SDB17218A = (L =.70 K2 =SDBPSD1 )
        SDB17919A = (L =.70 K2 =SDBPSD1 )
        SDB18620A = (L =.70 K2 =SDBPSD1 )
        SDB19321A = (L =.70 K2 =SDBPSD1 )
        SDB20022A = (L =.70 K2 =SDBPSD1 )
        SDB20723A = (L =.70 K2 =SDBPSD1 )
        SDB21424A = (L =.70 K2 =SDBPSD1 )

        SFA02001A = (L =.70 K2 =SFAPSD1 )
        SFA02702A = (L =.70 K2 =SFAPSD1 )
        SFA03403A = (L =.70 K2 =SFAPSD1 )
        SFA04104A = (L =.70 K2 =SFAPSD1 )
        SFA04805A = (L =.70 K2 =SFAPSD1 )
        SFA05506A = (L =.70 K2 =SFAPSD1 )
        SFA06207A = (L =.70 K2 =SFAPSD1 )
        SFA06908A = (L =.70 K2 =SFAPSD1 )
        SFA09209A = (L =.70 K2 =SFAPSD1 )
        SFA09910A = (L =.70 K2 =SFAPSD1 )
        SFA10611A = (L =.70 K2 =SFAPSD1 )
        SFA11312A = (L =.70 K2 =SFAPSD1 )
        SFA12013A = (L =.70 K2 =SFAPSD1 )
        SFA12714A = (L =.70 K2 =SFAPSD1 )
        SFA13415A = (L =.70 K2 =SFAPSD1 )
        SFA14116A = (L =.70 K2 =SFAPSD1 )
        SFA16417A = (L =.70 K2 =SFAPSD1 )
        SFA17118A = (L =.70 K2 =SFAPSD1 )
        SFA17819A = (L =.70 K2 =SFAPSD1 )
        SFA18520A = (L =.70 K2 =SFAPSD1 )
        SFA19221A = (L =.70 K2 =SFAPSD1 )
        SFA19922A = (L =.70 K2 =SFAPSD1 )
        SFA20623A = (L =.70 K2 =SFAPSD1 )
        SFA21324A = (L =.70 K2 =SFAPSD1 )
 ;
! SEXT
!        SDA1 = (L =.35 K2 =SDAPSD1*0.5 )
!        SDB1 = (L =.35 K2 =SDBPSD1*0.5 )
!        SFA1 = (L =.35 K2 =SFAPSD1*0.5 )
!        SDA2 = (L =.35 K2 =SDAPSD1*0.5 )
!        SDB2 = (L =.35 K2 =SDBPSD1*0.5 )
!        SFA2 = (L =.35 K2 =SFAPSD1*0.5 )
! ;
 MULT
        SDA01901B = ( L=0.0 E1=0. E2=0. F1=0. DISFRIN=1 FRINGE=0)
        SDA02602B = ( L=0.0 E1=0. E2=0. F1=0. DISFRIN=1 FRINGE=0)
        SDA03303B = ( L=0.0 E1=0. E2=0. F1=0. DISFRIN=1 FRINGE=0)
        SDA04004B = ( L=0.0 E1=0. E2=0. F1=0. DISFRIN=1 FRINGE=0)
        SDA04705B = ( L=0.0 E1=0. E2=0. F1=0. DISFRIN=1 FRINGE=0)
        SDA05406B = ( L=0.0 E1=0. E2=0. F1=0. DISFRIN=1 FRINGE=0)
        SDA06107B = ( L=0.0 E1=0. E2=0. F1=0. DISFRIN=1 FRINGE=0)
        SDA06808B = ( L=0.0 E1=0. E2=0. F1=0. DISFRIN=1 FRINGE=0)
        SDA09109B = ( L=0.0 E1=0. E2=0. F1=0. DISFRIN=1 FRINGE=0)
        SDA09810B = ( L=0.0 E1=0. E2=0. F1=0. DISFRIN=1 FRINGE=0)
        SDA10511B = ( L=0.0 E1=0. E2=0. F1=0. DISFRIN=1 FRINGE=0)
        SDA11212B = ( L=0.0 E1=0. E2=0. F1=0. DISFRIN=1 FRINGE=0)
        SDA11913B = ( L=0.0 E1=0. E2=0. F1=0. DISFRIN=1 FRINGE=0)
        SDA12614B = ( L=0.0 E1=0. E2=0. F1=0. DISFRIN=1 FRINGE=0)
        SDA13315B = ( L=0.0 E1=0. E2=0. F1=0. DISFRIN=1 FRINGE=0)
        SDA14016B = ( L=0.0 E1=0. E2=0. F1=0. DISFRIN=1 FRINGE=0)
        SDA16317B = ( L=0.0 E1=0. E2=0. F1=0. DISFRIN=1 FRINGE=0)
        SDA17018B = ( L=0.0 E1=0. E2=0. F1=0. DISFRIN=1 FRINGE=0)
        SDA17719B = ( L=0.0 E1=0. E2=0. F1=0. DISFRIN=1 FRINGE=0)
        SDA18420B = ( L=0.0 E1=0. E2=0. F1=0. DISFRIN=1 FRINGE=0)
        SDA19121B = ( L=0.0 E1=0. E2=0. F1=0. DISFRIN=1 FRINGE=0)
        SDA19822B = ( L=0.0 E1=0. E2=0. F1=0. DISFRIN=1 FRINGE=0)
        SDA20523B = ( L=0.0 E1=0. E2=0. F1=0. DISFRIN=1 FRINGE=0)
        SDA21224B = ( L=0.0 E1=0. E2=0. F1=0. DISFRIN=1 FRINGE=0)

        SDB02101B = ( L=0.0 E1=0. E2=0. F1=0. DISFRIN=1 FRINGE=0)
        SDB02802B = ( L=0.0 E1=0. E2=0. F1=0. DISFRIN=1 FRINGE=0)
        SDB03503B = ( L=0.0 E1=0. E2=0. F1=0. DISFRIN=1 FRINGE=0)
        SDB04204B = ( L=0.0 E1=0. E2=0. F1=0. DISFRIN=1 FRINGE=0)
        SDB04905B = ( L=0.0 E1=0. E2=0. F1=0. DISFRIN=1 FRINGE=0)
        SDB05606B = ( L=0.0 E1=0. E2=0. F1=0. DISFRIN=1 FRINGE=0)
        SDB06307B = ( L=0.0 E1=0. E2=0. F1=0. DISFRIN=1 FRINGE=0)
        SDB07008B = ( L=0.0 E1=0. E2=0. F1=0. DISFRIN=1 FRINGE=0)
        SDB09309B = ( L=0.0 E1=0. E2=0. F1=0. DISFRIN=1 FRINGE=0)
        SDB10010B = ( L=0.0 E1=0. E2=0. F1=0. DISFRIN=1 FRINGE=0)
        SDB10711B = ( L=0.0 E1=0. E2=0. F1=0. DISFRIN=1 FRINGE=0)
        SDB11412B = ( L=0.0 E1=0. E2=0. F1=0. DISFRIN=1 FRINGE=0)
        SDB12113B = ( L=0.0 E1=0. E2=0. F1=0. DISFRIN=1 FRINGE=0)
        SDB12814B = ( L=0.0 E1=0. E2=0. F1=0. DISFRIN=1 FRINGE=0)
        SDB13515B = ( L=0.0 E1=0. E2=0. F1=0. DISFRIN=1 FRINGE=0)
        SDB14216B = ( L=0.0 E1=0. E2=0. F1=0. DISFRIN=1 FRINGE=0)
        SDB16517B = ( L=0.0 E1=0. E2=0. F1=0. DISFRIN=1 FRINGE=0)
        SDB17218B = ( L=0.0 E1=0. E2=0. F1=0. DISFRIN=1 FRINGE=0)
        SDB17919B = ( L=0.0 E1=0. E2=0. F1=0. DISFRIN=1 FRINGE=0)
        SDB18620B = ( L=0.0 E1=0. E2=0. F1=0. DISFRIN=1 FRINGE=0)
        SDB19321B = ( L=0.0 E1=0. E2=0. F1=0. DISFRIN=1 FRINGE=0)
        SDB20022B = ( L=0.0 E1=0. E2=0. F1=0. DISFRIN=1 FRINGE=0)
        SDB20723B = ( L=0.0 E1=0. E2=0. F1=0. DISFRIN=1 FRINGE=0)
        SDB21424B = ( L=0.0 E1=0. E2=0. F1=0. DISFRIN=1 FRINGE=0)

        SFA02001B = ( L=0.0 E1=0. E2=0. F1=0. DISFRIN=1 FRINGE=0)
        SFA02702B = ( L=0.0 E1=0. E2=0. F1=0. DISFRIN=1 FRINGE=0)
        SFA03403B = ( L=0.0 E1=0. E2=0. F1=0. DISFRIN=1 FRINGE=0)
        SFA04104B = ( L=0.0 E1=0. E2=0. F1=0. DISFRIN=1 FRINGE=0)
        SFA04805B = ( L=0.0 E1=0. E2=0. F1=0. DISFRIN=1 FRINGE=0)
        SFA05506B = ( L=0.0 E1=0. E2=0. F1=0. DISFRIN=1 FRINGE=0)
        SFA06207B = ( L=0.0 E1=0. E2=0. F1=0. DISFRIN=1 FRINGE=0)
        SFA06908B = ( L=0.0 E1=0. E2=0. F1=0. DISFRIN=1 FRINGE=0)
        SFA09209B = ( L=0.0 E1=0. E2=0. F1=0. DISFRIN=1 FRINGE=0)
        SFA09910B = ( L=0.0 E1=0. E2=0. F1=0. DISFRIN=1 FRINGE=0)
        SFA10611B = ( L=0.0 E1=0. E2=0. F1=0. DISFRIN=1 FRINGE=0)
        SFA11312B = ( L=0.0 E1=0. E2=0. F1=0. DISFRIN=1 FRINGE=0)
        SFA12013B = ( L=0.0 E1=0. E2=0. F1=0. DISFRIN=1 FRINGE=0)
        SFA12714B = ( L=0.0 E1=0. E2=0. F1=0. DISFRIN=1 FRINGE=0)
        SFA13415B = ( L=0.0 E1=0. E2=0. F1=0. DISFRIN=1 FRINGE=0)
        SFA14116B = ( L=0.0 E1=0. E2=0. F1=0. DISFRIN=1 FRINGE=0)
        SFA16417B = ( L=0.0 E1=0. E2=0. F1=0. DISFRIN=1 FRINGE=0)
        SFA17118B = ( L=0.0 E1=0. E2=0. F1=0. DISFRIN=1 FRINGE=0)
        SFA17819B = ( L=0.0 E1=0. E2=0. F1=0. DISFRIN=1 FRINGE=0)
        SFA18520B = ( L=0.0 E1=0. E2=0. F1=0. DISFRIN=1 FRINGE=0)
        SFA19221B = ( L=0.0 E1=0. E2=0. F1=0. DISFRIN=1 FRINGE=0)
        SFA19922B = ( L=0.0 E1=0. E2=0. F1=0. DISFRIN=1 FRINGE=0)
        SFA20623B = ( L=0.0 E1=0. E2=0. F1=0. DISFRIN=1 FRINGE=0)
        SFA21324B = ( L=0.0 E1=0. E2=0. F1=0. DISFRIN=1 FRINGE=0)
 ;
 LINE
        SDA01901 = ( SDA01901B SDA01901A SDA01901B )
        SDA02602 = ( SDA02602B SDA02602A SDA02602B )
        SDA03303 = ( SDA03303B SDA03303A SDA03303B )
        SDA04004 = ( SDA04004B SDA04004A SDA04004B )
        SDA04705 = ( SDA04705B SDA04705A SDA04705B )
        SDA05406 = ( SDA05406B SDA05406A SDA05406B )
        SDA06107 = ( SDA06107B SDA06107A SDA06107B )
        SDA06808 = ( SDA06808B SDA06808A SDA06808B )
        SDA09109 = ( SDA09109B SDA09109A SDA09109B )
        SDA09810 = ( SDA09810B SDA09810A SDA09810B )
        SDA10511 = ( SDA10511B SDA10511A SDA10511B )
        SDA11212 = ( SDA11212B SDA11212A SDA11212B )
        SDA11913 = ( SDA11913B SDA11913A SDA11913B )
        SDA12614 = ( SDA12614B SDA12614A SDA12614B )
        SDA13315 = ( SDA13315B SDA13315A SDA13315B )
        SDA14016 = ( SDA14016B SDA14016A SDA14016B )
        SDA16317 = ( SDA16317B SDA16317A SDA16317B )
        SDA17018 = ( SDA17018B SDA17018A SDA17018B )
        SDA17719 = ( SDA17719B SDA17719A SDA17719B )
        SDA18420 = ( SDA18420B SDA18420A SDA18420B )
        SDA19121 = ( SDA19121B SDA19121A SDA19121B )
        SDA19822 = ( SDA19822B SDA19822A SDA19822B )
        SDA20523 = ( SDA20523B SDA20523A SDA20523B )
        SDA21224 = ( SDA21224B SDA21224A SDA21224B )

        SDB02101 = ( SDB02101B SDB02101A SDB02101B )
        SDB02802 = ( SDB02802B SDB02802A SDB02802B )
        SDB03503 = ( SDB03503B SDB03503A SDB03503B )
        SDB04204 = ( SDB04204B SDB04204A SDB04204B )
        SDB04905 = ( SDB04905B SDB04905A SDB04905B )
        SDB05606 = ( SDB05606B SDB05606A SDB05606B )
        SDB06307 = ( SDB06307B SDB06307A SDB06307B )
        SDB07008 = ( SDB07008B SDB07008A SDB07008B )
        SDB09309 = ( SDB09309B SDB09309A SDB09309B )
        SDB10010 = ( SDB10010B SDB10010A SDB10010B )
        SDB10711 = ( SDB10711B SDB10711A SDB10711B )
        SDB11412 = ( SDB11412B SDB11412A SDB11412B )
        SDB12113 = ( SDB12113B SDB12113A SDB12113B )
        SDB12814 = ( SDB12814B SDB12814A SDB12814B )
        SDB13515 = ( SDB13515B SDB13515A SDB13515B )
        SDB14216 = ( SDB14216B SDB14216A SDB14216B )
        SDB16517 = ( SDB16517B SDB16517A SDB16517B )
        SDB17218 = ( SDB17218B SDB17218A SDB17218B )
        SDB17919 = ( SDB17919B SDB17919A SDB17919B )
        SDB18620 = ( SDB18620B SDB18620A SDB18620B )
        SDB19321 = ( SDB19321B SDB19321A SDB19321B )
        SDB20022 = ( SDB20022B SDB20022A SDB20022B )
        SDB20723 = ( SDB20723B SDB20723A SDB20723B )
        SDB21424 = ( SDB21424B SDB21424A SDB21424B )

        SFA02001 = ( SFA02001B SFA02001A SFA02001B )
        SFA02702 = ( SFA02702B SFA02702A SFA02702B )
        SFA03403 = ( SFA03403B SFA03403A SFA03403B )
        SFA04104 = ( SFA04104B SFA04104A SFA04104B )
        SFA04805 = ( SFA04805B SFA04805A SFA04805B )
        SFA05506 = ( SFA05506B SFA05506A SFA05506B )
        SFA06207 = ( SFA06207B SFA06207A SFA06207B )
        SFA06908 = ( SFA06908B SFA06908A SFA06908B )
        SFA09209 = ( SFA09209B SFA09209A SFA09209B )
        SFA09910 = ( SFA09910B SFA09910A SFA09910B )
        SFA10611 = ( SFA10611B SFA10611A SFA10611B )
        SFA11312 = ( SFA11312B SFA11312A SFA11312B )
        SFA12013 = ( SFA12013B SFA12013A SFA12013B )
        SFA12714 = ( SFA12714B SFA12714A SFA12714B )
        SFA13415 = ( SFA13415B SFA13415A SFA13415B )
        SFA14116 = ( SFA14116B SFA14116A SFA14116B )
        SFA16417 = ( SFA16417B SFA16417A SFA16417B )
        SFA17118 = ( SFA17118B SFA17118A SFA17118B )
        SFA17819 = ( SFA17819B SFA17819A SFA17819B )
        SFA18520 = ( SFA18520B SFA18520A SFA18520B )
        SFA19221 = ( SFA19221B SFA19221A SFA19221B )
        SFA19922 = ( SFA19922B SFA19922A SFA19922B )
        SFA20623 = ( SFA20623B SFA20623A SFA20623B )
        SFA21324 = ( SFA21324B SFA21324A SFA21324B )
 ;
! nux=22.32, nuy=22.20
!       QDXPSD1 =-.0869172040049*2.;
!       QFNPSD1 =.0801874240826*2.;
!       QDNPSD1 =-.0981689799421*2.;
!       QFXPSD1 =.0664862600517*2.;
!       QFRPSD1 =.0874662815288*2.;
!       QDRPSD1 =-.0952036201889*2.;
!       QFSPSD1 =.0665334760343*2.;
!       QDSPSD1 =-.0873335531172*2.;
!       QFTPSD1 =.0702894423489*2.;
!       QFPPSD1 =.0376693436634*2.;
!       QDTPSD1 =-.0776576151943*2.;
! nux=22.42, nuy=20.78
!       QFNPSD1 =.1592716895555;
!       QDNPSD1 =-.1900016524571;
!       QFXPSD1 =.1332213267305;
!       QDXPSD1 =-.1693793115923;
!       QFSPSD1 =.1259966897512;
!       QDSPSD1 =-.1729300244583;
!       QFTPSD1 =.1385300091514;
!       QFPPSD1 =.0737502079953;
!       QDTPSD1 =-.1405590740112;
!       QFRPSD1 =.1769955118008;
!!      QFWPSD1 =.1769955118008;
!       QDRPSD1 =-.1664829663734;
! nux=22.41, nuy=20.80
        QFNPSD1 =.159204785118;
        QDNPSD1 =-.188172968499;
        QFXPSD1 =.132578859481;
        QDXPSD1 =-.168259422338;
        QFSPSD1 =.124051887362;
        QDSPSD1 =-.178586182257;
        QFTPSD1 =.140434350581;
        QFPPSD1 =.074018259567;
        QDTPSD1 =-.150799415324;
        QFRPSD1 =.178604518381;
        QDRPSD1 =-.170130281541;
! nux=22.41, nuy=20.80
!        QFNPSD1 =.079602392559*2.;
!        QDNPSD1 =-.094086484250*2.;
!        QFXPSD1 =.066289429740*2.;
!        QDXPSD1 =-.084129711169*2.;
!        QFSPSD1 =.061560043332*2.;
!        QDSPSD1 =-.088405224505*2.;
!        QFTPSD1 =.069231483458*2.;
!        QFPPSD1 =.039174899682*2.;
!        QDTPSD1 =-.076085111862*2.;
!        QFRPSD1 =.089087255389*2.;
!        QDRPSD1 =-.086834300604*2.;
 QUAD
        QFS00101A = ( L=1.26 K1=QFSPSD1 F1=.2155 FRINGE=3 )
        QFS01502A = ( L=1.26 K1=QFSPSD1 F1=.2155 FRINGE=3 )
        QFS07303A = ( L=1.26 K1=QFSPSD1 F1=.2155 FRINGE=3 )
        QFS08704A = ( L=1.26 K1=QFSPSD1 F1=.2155 FRINGE=3 )
        QFS14505A = ( L=1.26 K1=QFSPSD1 F1=.2155 FRINGE=3 )
        QFS15906A = ( L=1.26 K1=QFSPSD1 F1=.2155 FRINGE=3 )

        QDS00201A = ( L=1.66 K1=QDSPSD1 F1=.2155 FRINGE=3 )
        QDS01402A = ( L=1.66 K1=QDSPSD1 F1=.2155 FRINGE=3 )
        QDS07403A = ( L=1.66 K1=QDSPSD1 F1=.2155 FRINGE=3 )
        QDS08604A = ( L=1.66 K1=QDSPSD1 F1=.2155 FRINGE=3 )
        QDS14605A = ( L=1.66 K1=QDSPSD1 F1=.2155 FRINGE=3 )
        QDS15806A = ( L=1.66 K1=QDSPSD1 F1=.2155 FRINGE=3 )

        QFT00301A = ( L=1.46 K1=QFTPSD1 F1=.2155 FRINGE=3 )
        QFT01302A = ( L=1.46 K1=QFTPSD1 F1=.2155 FRINGE=3 )
        QFT07503A = ( L=1.46 K1=QFTPSD1 F1=.2155 FRINGE=3 )
        QFT08504A = ( L=1.46 K1=QFTPSD1 F1=.2155 FRINGE=3 )
        QFT14705A = ( L=1.46 K1=QFTPSD1 F1=.2155 FRINGE=3 )
        QFT15706A = ( L=1.46 K1=QFTPSD1 F1=.2155 FRINGE=3 )

        QFP00401A = ( L=0.86 K1=QFPPSD1 F1=.2155 FRINGE=3 )
        QFP01202A = ( L=0.86 K1=QFPPSD1 F1=.2155 FRINGE=3 )
        QFP07603A = ( L=0.86 K1=QFPPSD1 F1=.2155 FRINGE=3 )
        QFP08404A = ( L=0.86 K1=QFPPSD1 F1=.2155 FRINGE=3 )
        QFP14805A = ( L=0.86 K1=QFPPSD1 F1=.2155 FRINGE=3 )
        QFP15606A = ( L=0.86 K1=QFPPSD1 F1=.2155 FRINGE=3 )

        QDT00501A = ( L=1.86 K1=QDTPSD1 F1=.2155 FRINGE=3 )
        QDT01102A = ( L=1.86 K1=QDTPSD1 F1=.2155 FRINGE=3 )
        QDT07703A = ( L=1.86 K1=QDTPSD1 F1=.2155 FRINGE=3 )
        QDT08304A = ( L=1.86 K1=QDTPSD1 F1=.2155 FRINGE=3 )
        QDT14905A = ( L=1.86 K1=QDTPSD1 F1=.2155 FRINGE=3 )
        QDT15506A = ( L=1.86 K1=QDTPSD1 F1=.2155 FRINGE=3 )

        QFR00601A = ( L=1.76 K1=QFRPSD1 F1=.2155 FRINGE=3 )
        QFR00802A = ( L=1.76 K1=QFRPSD1 F1=.2155 FRINGE=3 )
        QFR01003A = ( L=1.76 K1=QFRPSD1 F1=.2155 FRINGE=3 )
        QFR07804A = ( L=1.76 K1=QFRPSD1 F1=.2155 FRINGE=3 )
        QFR08005A = ( L=1.76 K1=QFRPSD1 F1=.2155 FRINGE=3 )
        QFR08206A = ( L=1.76 K1=QFRPSD1 F1=.2155 FRINGE=3 )
        QFR15007A = ( L=1.76 K1=QFRPSD1 F1=.2155 FRINGE=3 )
        QFR15208A = ( L=1.76 K1=QFRPSD1 F1=.2155 FRINGE=3 )
        QFR15409A = ( L=1.76 K1=QFRPSD1 F1=.2155 FRINGE=3 )

        QDR00701A = ( L=1.86 K1=QDRPSD1 F1=.2155 FRINGE=3 )
        QDR00902A = ( L=1.86 K1=QDRPSD1 F1=.2155 FRINGE=3 )
        QDR07903A = ( L=1.86 K1=QDRPSD1 F1=.2155 FRINGE=3 )
        QDR08104A = ( L=1.86 K1=QDRPSD1 F1=.2155 FRINGE=3 )
        QDR15105A = ( L=1.86 K1=QDRPSD1 F1=.2155 FRINGE=3 )
        QDR15306A = ( L=1.86 K1=QDRPSD1 F1=.2155 FRINGE=3 )

        QDX01601A = ( L=1.66 K1=QDXPSD1 F1=.2155 FRINGE=3 )
        QDX02302A = ( L=1.66 K1=QDXPSD1 F1=.2155 FRINGE=3 )
        QDX03003A = ( L=1.66 K1=QDXPSD1 F1=.2155 FRINGE=3 )
        QDX03704A = ( L=1.66 K1=QDXPSD1 F1=.2155 FRINGE=3 )
        QDX04405A = ( L=1.66 K1=QDXPSD1 F1=.2155 FRINGE=3 )
        QDX05106A = ( L=1.66 K1=QDXPSD1 F1=.2155 FRINGE=3 )
        QDX05807A = ( L=1.66 K1=QDXPSD1 F1=.2155 FRINGE=3 )
        QDX06508A = ( L=1.66 K1=QDXPSD1 F1=.2155 FRINGE=3 )
        QDX07209A = ( L=1.66 K1=QDXPSD1 F1=.2155 FRINGE=3 )
        QDX08810A = ( L=1.66 K1=QDXPSD1 F1=.2155 FRINGE=3 )
        QDX09511A = ( L=1.66 K1=QDXPSD1 F1=.2155 FRINGE=3 )
        QDX10212A = ( L=1.66 K1=QDXPSD1 F1=.2155 FRINGE=3 )
        QDX10913A = ( L=1.66 K1=QDXPSD1 F1=.2155 FRINGE=3 )
        QDX11614A = ( L=1.66 K1=QDXPSD1 F1=.2155 FRINGE=3 )
        QDX12315A = ( L=1.66 K1=QDXPSD1 F1=.2155 FRINGE=3 )
        QDX13016A = ( L=1.66 K1=QDXPSD1 F1=.2155 FRINGE=3 )
        QDX13717A = ( L=1.66 K1=QDXPSD1 F1=.2155 FRINGE=3 )
        QDX14418A = ( L=1.66 K1=QDXPSD1 F1=.2155 FRINGE=3 )
        QDX16019A = ( L=1.66 K1=QDXPSD1 F1=.2155 FRINGE=3 )
        QDX16720A = ( L=1.66 K1=QDXPSD1 F1=.2155 FRINGE=3 )
        QDX17421A = ( L=1.66 K1=QDXPSD1 F1=.2155 FRINGE=3 )
        QDX18122A = ( L=1.66 K1=QDXPSD1 F1=.2155 FRINGE=3 )
        QDX18823A = ( L=1.66 K1=QDXPSD1 F1=.2155 FRINGE=3 )
        QDX19524A = ( L=1.66 K1=QDXPSD1 F1=.2155 FRINGE=3 )
        QDX20225A = ( L=1.66 K1=QDXPSD1 F1=.2155 FRINGE=3 )
        QDX20926A = ( L=1.66 K1=QDXPSD1 F1=.2155 FRINGE=3 )
        QDX21627A = ( L=1.66 K1=QDXPSD1 F1=.2155 FRINGE=3 )

        QFN01701A = ( L=1.56 K1=QFNPSD1 F1=.2155 FRINGE=3 )
        QFN02202A = ( L=1.56 K1=QFNPSD1 F1=.2155 FRINGE=3 )
        QFN02403A = ( L=1.56 K1=QFNPSD1 F1=.2155 FRINGE=3 )
        QFN02904A = ( L=1.56 K1=QFNPSD1 F1=.2155 FRINGE=3 )
        QFN03105A = ( L=1.56 K1=QFNPSD1 F1=.2155 FRINGE=3 )
        QFN03606A = ( L=1.56 K1=QFNPSD1 F1=.2155 FRINGE=3 )
        QFN03807A = ( L=1.56 K1=QFNPSD1 F1=.2155 FRINGE=3 )
        QFN04308A = ( L=1.56 K1=QFNPSD1 F1=.2155 FRINGE=3 )
        QFN04509A = ( L=1.56 K1=QFNPSD1 F1=.2155 FRINGE=3 )
        QFN05010A = ( L=1.56 K1=QFNPSD1 F1=.2155 FRINGE=3 )
        QFN05211A = ( L=1.56 K1=QFNPSD1 F1=.2155 FRINGE=3 )
        QFN05712A = ( L=1.56 K1=QFNPSD1 F1=.2155 FRINGE=3 )
        QFN05913A = ( L=1.56 K1=QFNPSD1 F1=.2155 FRINGE=3 )
        QFN06414A = ( L=1.56 K1=QFNPSD1 F1=.2155 FRINGE=3 )
        QFN06615A = ( L=1.56 K1=QFNPSD1 F1=.2155 FRINGE=3 )
        QFN07116A = ( L=1.56 K1=QFNPSD1 F1=.2155 FRINGE=3 )
        QFN08917A = ( L=1.56 K1=QFNPSD1 F1=.2155 FRINGE=3 )
        QFN09418A = ( L=1.56 K1=QFNPSD1 F1=.2155 FRINGE=3 )
        QFN09619A = ( L=1.56 K1=QFNPSD1 F1=.2155 FRINGE=3 )
        QFN10120A = ( L=1.56 K1=QFNPSD1 F1=.2155 FRINGE=3 )
        QFN10321A = ( L=1.56 K1=QFNPSD1 F1=.2155 FRINGE=3 )
        QFN10822A = ( L=1.56 K1=QFNPSD1 F1=.2155 FRINGE=3 )
        QFN11023A = ( L=1.56 K1=QFNPSD1 F1=.2155 FRINGE=3 )
        QFN11524A = ( L=1.56 K1=QFNPSD1 F1=.2155 FRINGE=3 )
        QFN11725A = ( L=1.56 K1=QFNPSD1 F1=.2155 FRINGE=3 )
        QFN12226A = ( L=1.56 K1=QFNPSD1 F1=.2155 FRINGE=3 )
        QFN12427A = ( L=1.56 K1=QFNPSD1 F1=.2155 FRINGE=3 )
        QFN12928A = ( L=1.56 K1=QFNPSD1 F1=.2155 FRINGE=3 )
        QFN13129A = ( L=1.56 K1=QFNPSD1 F1=.2155 FRINGE=3 )
        QFN13630A = ( L=1.56 K1=QFNPSD1 F1=.2155 FRINGE=3 )
        QFN13831A = ( L=1.56 K1=QFNPSD1 F1=.2155 FRINGE=3 )
        QFN14332A = ( L=1.56 K1=QFNPSD1 F1=.2155 FRINGE=3 )
        QFN16133A = ( L=1.56 K1=QFNPSD1 F1=.2155 FRINGE=3 )
        QFN16634A = ( L=1.56 K1=QFNPSD1 F1=.2155 FRINGE=3 )
        QFN16835A = ( L=1.56 K1=QFNPSD1 F1=.2155 FRINGE=3 )
        QFN17336A = ( L=1.56 K1=QFNPSD1 F1=.2155 FRINGE=3 )
        QFN17537A = ( L=1.56 K1=QFNPSD1 F1=.2155 FRINGE=3 )
        QFN18038A = ( L=1.56 K1=QFNPSD1 F1=.2155 FRINGE=3 )
        QFN18239A = ( L=1.56 K1=QFNPSD1 F1=.2155 FRINGE=3 )
        QFN18740A = ( L=1.56 K1=QFNPSD1 F1=.2155 FRINGE=3 )
        QFN18941A = ( L=1.56 K1=QFNPSD1 F1=.2155 FRINGE=3 )
        QFN19442A = ( L=1.56 K1=QFNPSD1 F1=.2155 FRINGE=3 )
        QFN19643A = ( L=1.56 K1=QFNPSD1 F1=.2155 FRINGE=3 )
        QFN20144A = ( L=1.56 K1=QFNPSD1 F1=.2155 FRINGE=3 )
        QFN20345A = ( L=1.56 K1=QFNPSD1 F1=.2155 FRINGE=3 )
        QFN20846A = ( L=1.56 K1=QFNPSD1 F1=.2155 FRINGE=3 )
        QFN21047A = ( L=1.56 K1=QFNPSD1 F1=.2155 FRINGE=3 )
        QFN21548A = ( L=1.56 K1=QFNPSD1 F1=.2155 FRINGE=3 )

        QDN01801A = ( L=1.86 K1=QDNPSD1 F1=.2155 FRINGE=3 )
        QDN02102A = ( L=1.86 K1=QDNPSD1 F1=.2155 FRINGE=3 )
        QDN02503A = ( L=1.86 K1=QDNPSD1 F1=.2155 FRINGE=3 )
        QDN02804A = ( L=1.86 K1=QDNPSD1 F1=.2155 FRINGE=3 )
        QDN03205A = ( L=1.86 K1=QDNPSD1 F1=.2155 FRINGE=3 )
        QDN03506A = ( L=1.86 K1=QDNPSD1 F1=.2155 FRINGE=3 )
        QDN03907A = ( L=1.86 K1=QDNPSD1 F1=.2155 FRINGE=3 )
        QDN04208A = ( L=1.86 K1=QDNPSD1 F1=.2155 FRINGE=3 )
        QDN04609A = ( L=1.86 K1=QDNPSD1 F1=.2155 FRINGE=3 )
        QDN04910A = ( L=1.86 K1=QDNPSD1 F1=.2155 FRINGE=3 )
        QDN05311A = ( L=1.86 K1=QDNPSD1 F1=.2155 FRINGE=3 )
        QDN05612A = ( L=1.86 K1=QDNPSD1 F1=.2155 FRINGE=3 )
        QDN06013A = ( L=1.86 K1=QDNPSD1 F1=.2155 FRINGE=3 )
        QDN06314A = ( L=1.86 K1=QDNPSD1 F1=.2155 FRINGE=3 )
        QDN06715A = ( L=1.86 K1=QDNPSD1 F1=.2155 FRINGE=3 )
        QDN07016A = ( L=1.86 K1=QDNPSD1 F1=.2155 FRINGE=3 )
        QDN09017A = ( L=1.86 K1=QDNPSD1 F1=.2155 FRINGE=3 )
        QDN09318A = ( L=1.86 K1=QDNPSD1 F1=.2155 FRINGE=3 )
        QDN09719A = ( L=1.86 K1=QDNPSD1 F1=.2155 FRINGE=3 )
        QDN10020A = ( L=1.86 K1=QDNPSD1 F1=.2155 FRINGE=3 )
        QDN10421A = ( L=1.86 K1=QDNPSD1 F1=.2155 FRINGE=3 )
        QDN10722A = ( L=1.86 K1=QDNPSD1 F1=.2155 FRINGE=3 )
        QDN11123A = ( L=1.86 K1=QDNPSD1 F1=.2155 FRINGE=3 )
        QDN11424A = ( L=1.86 K1=QDNPSD1 F1=.2155 FRINGE=3 )
        QDN11825A = ( L=1.86 K1=QDNPSD1 F1=.2155 FRINGE=3 )
        QDN12126A = ( L=1.86 K1=QDNPSD1 F1=.2155 FRINGE=3 )
        QDN12527A = ( L=1.86 K1=QDNPSD1 F1=.2155 FRINGE=3 )
        QDN12828A = ( L=1.86 K1=QDNPSD1 F1=.2155 FRINGE=3 )
        QDN13229A = ( L=1.86 K1=QDNPSD1 F1=.2155 FRINGE=3 )
        QDN13530A = ( L=1.86 K1=QDNPSD1 F1=.2155 FRINGE=3 )
        QDN13931A = ( L=1.86 K1=QDNPSD1 F1=.2155 FRINGE=3 )
        QDN14232A = ( L=1.86 K1=QDNPSD1 F1=.2155 FRINGE=3 )
        QDN16233A = ( L=1.86 K1=QDNPSD1 F1=.2155 FRINGE=3 )
        QDN16534A = ( L=1.86 K1=QDNPSD1 F1=.2155 FRINGE=3 )
        QDN16935A = ( L=1.86 K1=QDNPSD1 F1=.2155 FRINGE=3 )
        QDN17236A = ( L=1.86 K1=QDNPSD1 F1=.2155 FRINGE=3 )
        QDN17637A = ( L=1.86 K1=QDNPSD1 F1=.2155 FRINGE=3 )
        QDN17938A = ( L=1.86 K1=QDNPSD1 F1=.2155 FRINGE=3 )
        QDN18339A = ( L=1.86 K1=QDNPSD1 F1=.2155 FRINGE=3 )
        QDN18640A = ( L=1.86 K1=QDNPSD1 F1=.2155 FRINGE=3 )
        QDN19041A = ( L=1.86 K1=QDNPSD1 F1=.2155 FRINGE=3 )
        QDN19342A = ( L=1.86 K1=QDNPSD1 F1=.2155 FRINGE=3 )
        QDN19743A = ( L=1.86 K1=QDNPSD1 F1=.2155 FRINGE=3 )
        QDN20044A = ( L=1.86 K1=QDNPSD1 F1=.2155 FRINGE=3 )
        QDN20445A = ( L=1.86 K1=QDNPSD1 F1=.2155 FRINGE=3 )
        QDN20746A = ( L=1.86 K1=QDNPSD1 F1=.2155 FRINGE=3 )
        QDN21147A = ( L=1.86 K1=QDNPSD1 F1=.2155 FRINGE=3 )
        QDN21448A = ( L=1.86 K1=QDNPSD1 F1=.2155 FRINGE=3 )

        QFX01901A = ( L=1.26 K1=QFXPSD1 F1=.2155 FRINGE=3 )
        QFX02002A = ( L=1.26 K1=QFXPSD1 F1=.2155 FRINGE=3 )
        QFX02603A = ( L=1.26 K1=QFXPSD1 F1=.2155 FRINGE=3 )
        QFX02704A = ( L=1.26 K1=QFXPSD1 F1=.2155 FRINGE=3 )
        QFX03305A = ( L=1.26 K1=QFXPSD1 F1=.2155 FRINGE=3 )
        QFX03406A = ( L=1.26 K1=QFXPSD1 F1=.2155 FRINGE=3 )
        QFX04007A = ( L=1.26 K1=QFXPSD1 F1=.2155 FRINGE=3 )
        QFX04108A = ( L=1.26 K1=QFXPSD1 F1=.2155 FRINGE=3 )
        QFX04709A = ( L=1.26 K1=QFXPSD1 F1=.2155 FRINGE=3 )
        QFX04810A = ( L=1.26 K1=QFXPSD1 F1=.2155 FRINGE=3 )
        QFX05411A = ( L=1.26 K1=QFXPSD1 F1=.2155 FRINGE=3 )
        QFX05512A = ( L=1.26 K1=QFXPSD1 F1=.2155 FRINGE=3 )
        QFX06113A = ( L=1.26 K1=QFXPSD1 F1=.2155 FRINGE=3 )
        QFX06214A = ( L=1.26 K1=QFXPSD1 F1=.2155 FRINGE=3 )
        QFX06815A = ( L=1.26 K1=QFXPSD1 F1=.2155 FRINGE=3 )
        QFX06916A = ( L=1.26 K1=QFXPSD1 F1=.2155 FRINGE=3 )
        QFX09117A = ( L=1.26 K1=QFXPSD1 F1=.2155 FRINGE=3 )
        QFX09218A = ( L=1.26 K1=QFXPSD1 F1=.2155 FRINGE=3 )
        QFX09819A = ( L=1.26 K1=QFXPSD1 F1=.2155 FRINGE=3 )
        QFX09920A = ( L=1.26 K1=QFXPSD1 F1=.2155 FRINGE=3 )
        QFX10521A = ( L=1.26 K1=QFXPSD1 F1=.2155 FRINGE=3 )
        QFX10622A = ( L=1.26 K1=QFXPSD1 F1=.2155 FRINGE=3 )
        QFX11223A = ( L=1.26 K1=QFXPSD1 F1=.2155 FRINGE=3 )
        QFX11324A = ( L=1.26 K1=QFXPSD1 F1=.2155 FRINGE=3 )
        QFX11925A = ( L=1.26 K1=QFXPSD1 F1=.2155 FRINGE=3 )
        QFX12026A = ( L=1.26 K1=QFXPSD1 F1=.2155 FRINGE=3 )
        QFX12627A = ( L=1.26 K1=QFXPSD1 F1=.2155 FRINGE=3 )
        QFX12728A = ( L=1.26 K1=QFXPSD1 F1=.2155 FRINGE=3 )
        QFX13329A = ( L=1.26 K1=QFXPSD1 F1=.2155 FRINGE=3 )
        QFX13430A = ( L=1.26 K1=QFXPSD1 F1=.2155 FRINGE=3 )
        QFX14031A = ( L=1.26 K1=QFXPSD1 F1=.2155 FRINGE=3 )
        QFX14132A = ( L=1.26 K1=QFXPSD1 F1=.2155 FRINGE=3 )
        QFX16333A = ( L=1.26 K1=QFXPSD1 F1=.2155 FRINGE=3 )
        QFX16434A = ( L=1.26 K1=QFXPSD1 F1=.2155 FRINGE=3 )
        QFX17035A = ( L=1.26 K1=QFXPSD1 F1=.2155 FRINGE=3 )
        QFX17136A = ( L=1.26 K1=QFXPSD1 F1=.2155 FRINGE=3 )
        QFX17737A = ( L=1.26 K1=QFXPSD1 F1=.2155 FRINGE=3 )
        QFX17838A = ( L=1.26 K1=QFXPSD1 F1=.2155 FRINGE=3 )
        QFX18439A = ( L=1.26 K1=QFXPSD1 F1=.2155 FRINGE=3 )
        QFX18540A = ( L=1.26 K1=QFXPSD1 F1=.2155 FRINGE=3 )
        QFX19141A = ( L=1.26 K1=QFXPSD1 F1=.2155 FRINGE=3 )
        QFX19242A = ( L=1.26 K1=QFXPSD1 F1=.2155 FRINGE=3 )
        QFX19843A = ( L=1.26 K1=QFXPSD1 F1=.2155 FRINGE=3 )
        QFX19944A = ( L=1.26 K1=QFXPSD1 F1=.2155 FRINGE=3 )
        QFX20545A = ( L=1.26 K1=QFXPSD1 F1=.2155 FRINGE=3 )
        QFX20646A = ( L=1.26 K1=QFXPSD1 F1=.2155 FRINGE=3 )
        QFX21247A = ( L=1.26 K1=QFXPSD1 F1=.2155 FRINGE=3 )
        QFX21348A = ( L=1.26 K1=QFXPSD1 F1=.2155 FRINGE=3 )
 ;
! QUAD
!        QFS1 = ( L=0.63 K1=QFSPSD1*0.5 F1=.2155 FRINGE=1 )
!        QFS2 = ( L=0.63 K1=QFSPSD1*0.5 F1=.2155 FRINGE=2 )
!        QDS1 = ( L=0.83 K1=QDSPSD1*0.5 F1=.2155 FRINGE=1 )
!        QDS2 = ( L=0.83 K1=QDSPSD1*0.5 F1=.2155 FRINGE=2 )
!        QFT1 = ( L=0.73 K1=QFTPSD1*0.5 F1=.2155 FRINGE=1 )
!        QFT2 = ( L=0.73 K1=QFTPSD1*0.5 F1=.2155 FRINGE=2 )
!        QFP1 = ( L=0.43 K1=QFPPSD1*0.5 F1=.2155 FRINGE=1 )
!        QFP2 = ( L=0.43 K1=QFPPSD1*0.5 F1=.2155 FRINGE=2 )
!        QDT1 = ( L=0.93 K1=QDTPSD1*0.5 F1=.2155 FRINGE=1 )
!        QDT2 = ( L=0.93 K1=QDTPSD1*0.5 F1=.2155 FRINGE=2 )
!        QFR1 = ( L=0.88 K1=QFRPSD1*0.5 F1=.2155 FRINGE=1 )
!        QFR2 = ( L=0.88 K1=QFRPSD1*0.5 F1=.2155 FRINGE=2 )
!        QDR1 = ( L=0.93 K1=QDRPSD1*0.5 F1=.2155 FRINGE=1 )
!        QDR2 = ( L=0.93 K1=QDRPSD1*0.5 F1=.2155 FRINGE=2 )
!        QDX1 = ( L=0.83 K1=QDXPSD1*0.5 F1=.2155 FRINGE=1 )
!        QDX2 = ( L=0.83 K1=QDXPSD1*0.5 F1=.2155 FRINGE=2 )
!        QFN1 = ( L=0.78 K1=QFNPSD1*0.5 F1=.2155 FRINGE=1 )
!        QFN2 = ( L=0.78 K1=QFNPSD1*0.5 F1=.2155 FRINGE=2 )
!        QDN1 = ( L=0.93 K1=QDNPSD1*0.5 F1=.2155 FRINGE=1 )
!        QDN2 = ( L=0.93 K1=QDNPSD1*0.5 F1=.2155 FRINGE=2 )
!        QFX1 = ( L=0.63 K1=QFXPSD1*0.5 F1=.2155 FRINGE=1 )
!        QFX2 = ( L=0.63 K1=QFXPSD1*0.5 F1=.2155 FRINGE=2 )
! ;
 MULT
        QFS00101B = ( L=0.0 E1=0. E2=0. F1=0. DISFRIN=1 FRINGE=0)
        QFS01502B = ( L=0.0 E1=0. E2=0. F1=0. DISFRIN=1 FRINGE=0)
        QFS07303B = ( L=0.0 E1=0. E2=0. F1=0. DISFRIN=1 FRINGE=0)
        QFS08704B = ( L=0.0 E1=0. E2=0. F1=0. DISFRIN=1 FRINGE=0)
        QFS14505B = ( L=0.0 E1=0. E2=0. F1=0. DISFRIN=1 FRINGE=0)
        QFS15906B = ( L=0.0 E1=0. E2=0. F1=0. DISFRIN=1 FRINGE=0)

        QDS00201B = ( L=0.0 E1=0. E2=0. F1=0. DISFRIN=1 FRINGE=0)
        QDS01402B = ( L=0.0 E1=0. E2=0. F1=0. DISFRIN=1 FRINGE=0)
        QDS07403B = ( L=0.0 E1=0. E2=0. F1=0. DISFRIN=1 FRINGE=0)
        QDS08604B = ( L=0.0 E1=0. E2=0. F1=0. DISFRIN=1 FRINGE=0)
        QDS14605B = ( L=0.0 E1=0. E2=0. F1=0. DISFRIN=1 FRINGE=0)
        QDS15806B = ( L=0.0 E1=0. E2=0. F1=0. DISFRIN=1 FRINGE=0)

        QFT00301B = ( L=0.0 E1=0. E2=0. F1=0. DISFRIN=1 FRINGE=0)
        QFT01302B = ( L=0.0 E1=0. E2=0. F1=0. DISFRIN=1 FRINGE=0)
        QFT07503B = ( L=0.0 E1=0. E2=0. F1=0. DISFRIN=1 FRINGE=0)
        QFT08504B = ( L=0.0 E1=0. E2=0. F1=0. DISFRIN=1 FRINGE=0)
        QFT14705B = ( L=0.0 E1=0. E2=0. F1=0. DISFRIN=1 FRINGE=0)
        QFT15706B = ( L=0.0 E1=0. E2=0. F1=0. DISFRIN=1 FRINGE=0)

        QFP00401B = ( L=0.0 E1=0. E2=0. F1=0. DISFRIN=1 FRINGE=0)
        QFP01202B = ( L=0.0 E1=0. E2=0. F1=0. DISFRIN=1 FRINGE=0)
        QFP07603B = ( L=0.0 E1=0. E2=0. F1=0. DISFRIN=1 FRINGE=0)
        QFP08404B = ( L=0.0 E1=0. E2=0. F1=0. DISFRIN=1 FRINGE=0)
        QFP14805B = ( L=0.0 E1=0. E2=0. F1=0. DISFRIN=1 FRINGE=0)
        QFP15606B = ( L=0.0 E1=0. E2=0. F1=0. DISFRIN=1 FRINGE=0)

        QDT00501B = ( L=0.0 E1=0. E2=0. F1=0. DISFRIN=1 FRINGE=0)
        QDT01102B = ( L=0.0 E1=0. E2=0. F1=0. DISFRIN=1 FRINGE=0)
        QDT07703B = ( L=0.0 E1=0. E2=0. F1=0. DISFRIN=1 FRINGE=0)
        QDT08304B = ( L=0.0 E1=0. E2=0. F1=0. DISFRIN=1 FRINGE=0)
        QDT14905B = ( L=0.0 E1=0. E2=0. F1=0. DISFRIN=1 FRINGE=0)
        QDT15506B = ( L=0.0 E1=0. E2=0. F1=0. DISFRIN=1 FRINGE=0)

        QFR00601B = ( L=0.0 E1=0. E2=0. F1=0. DISFRIN=1 FRINGE=0)
        QFR00802B = ( L=0.0 E1=0. E2=0. F1=0. DISFRIN=1 FRINGE=0)
        QFR01003B = ( L=0.0 E1=0. E2=0. F1=0. DISFRIN=1 FRINGE=0)
        QFR07804B = ( L=0.0 E1=0. E2=0. F1=0. DISFRIN=1 FRINGE=0)
        QFR08005B = ( L=0.0 E1=0. E2=0. F1=0. DISFRIN=1 FRINGE=0)
        QFR08206B = ( L=0.0 E1=0. E2=0. F1=0. DISFRIN=1 FRINGE=0)
        QFR15007B = ( L=0.0 E1=0. E2=0. F1=0. DISFRIN=1 FRINGE=0)
        QFR15208B = ( L=0.0 E1=0. E2=0. F1=0. DISFRIN=1 FRINGE=0)
        QFR15409B = ( L=0.0 E1=0. E2=0. F1=0. DISFRIN=1 FRINGE=0)

        QDR00701B = ( L=0.0 E1=0. E2=0. F1=0. DISFRIN=1 FRINGE=0)
        QDR00902B = ( L=0.0 E1=0. E2=0. F1=0. DISFRIN=1 FRINGE=0)
        QDR07903B = ( L=0.0 E1=0. E2=0. F1=0. DISFRIN=1 FRINGE=0)
        QDR08104B = ( L=0.0 E1=0. E2=0. F1=0. DISFRIN=1 FRINGE=0)
        QDR15105B = ( L=0.0 E1=0. E2=0. F1=0. DISFRIN=1 FRINGE=0)
        QDR15306B = ( L=0.0 E1=0. E2=0. F1=0. DISFRIN=1 FRINGE=0)

        QDX01601B = ( L=0.0 E1=0. E2=0. F1=0. DISFRIN=1 FRINGE=0)
        QDX02302B = ( L=0.0 E1=0. E2=0. F1=0. DISFRIN=1 FRINGE=0)
        QDX03003B = ( L=0.0 E1=0. E2=0. F1=0. DISFRIN=1 FRINGE=0)
        QDX03704B = ( L=0.0 E1=0. E2=0. F1=0. DISFRIN=1 FRINGE=0)
        QDX04405B = ( L=0.0 E1=0. E2=0. F1=0. DISFRIN=1 FRINGE=0)
        QDX05106B = ( L=0.0 E1=0. E2=0. F1=0. DISFRIN=1 FRINGE=0)
        QDX05807B = ( L=0.0 E1=0. E2=0. F1=0. DISFRIN=1 FRINGE=0)
        QDX06508B = ( L=0.0 E1=0. E2=0. F1=0. DISFRIN=1 FRINGE=0)
        QDX07209B = ( L=0.0 E1=0. E2=0. F1=0. DISFRIN=1 FRINGE=0)
        QDX08810B = ( L=0.0 E1=0. E2=0. F1=0. DISFRIN=1 FRINGE=0)
        QDX09511B = ( L=0.0 E1=0. E2=0. F1=0. DISFRIN=1 FRINGE=0)
        QDX10212B = ( L=0.0 E1=0. E2=0. F1=0. DISFRIN=1 FRINGE=0)
        QDX10913B = ( L=0.0 E1=0. E2=0. F1=0. DISFRIN=1 FRINGE=0)
        QDX11614B = ( L=0.0 E1=0. E2=0. F1=0. DISFRIN=1 FRINGE=0)
        QDX12315B = ( L=0.0 E1=0. E2=0. F1=0. DISFRIN=1 FRINGE=0)
        QDX13016B = ( L=0.0 E1=0. E2=0. F1=0. DISFRIN=1 FRINGE=0)
        QDX13717B = ( L=0.0 E1=0. E2=0. F1=0. DISFRIN=1 FRINGE=0)
        QDX14418B = ( L=0.0 E1=0. E2=0. F1=0. DISFRIN=1 FRINGE=0)
        QDX16019B = ( L=0.0 E1=0. E2=0. F1=0. DISFRIN=1 FRINGE=0)
        QDX16720B = ( L=0.0 E1=0. E2=0. F1=0. DISFRIN=1 FRINGE=0)
        QDX17421B = ( L=0.0 E1=0. E2=0. F1=0. DISFRIN=1 FRINGE=0)
        QDX18122B = ( L=0.0 E1=0. E2=0. F1=0. DISFRIN=1 FRINGE=0)
        QDX18823B = ( L=0.0 E1=0. E2=0. F1=0. DISFRIN=1 FRINGE=0)
        QDX19524B = ( L=0.0 E1=0. E2=0. F1=0. DISFRIN=1 FRINGE=0)
        QDX20225B = ( L=0.0 E1=0. E2=0. F1=0. DISFRIN=1 FRINGE=0)
        QDX20926B = ( L=0.0 E1=0. E2=0. F1=0. DISFRIN=1 FRINGE=0)
        QDX21627B = ( L=0.0 E1=0. E2=0. F1=0. DISFRIN=1 FRINGE=0)

        QFN01701B = ( L=0.0 E1=0. E2=0. F1=0. DISFRIN=1 FRINGE=0)
        QFN02202B = ( L=0.0 E1=0. E2=0. F1=0. DISFRIN=1 FRINGE=0)
        QFN02403B = ( L=0.0 E1=0. E2=0. F1=0. DISFRIN=1 FRINGE=0)
        QFN02904B = ( L=0.0 E1=0. E2=0. F1=0. DISFRIN=1 FRINGE=0)
        QFN03105B = ( L=0.0 E1=0. E2=0. F1=0. DISFRIN=1 FRINGE=0)
        QFN03606B = ( L=0.0 E1=0. E2=0. F1=0. DISFRIN=1 FRINGE=0)
        QFN03807B = ( L=0.0 E1=0. E2=0. F1=0. DISFRIN=1 FRINGE=0)
        QFN04308B = ( L=0.0 E1=0. E2=0. F1=0. DISFRIN=1 FRINGE=0)
        QFN04509B = ( L=0.0 E1=0. E2=0. F1=0. DISFRIN=1 FRINGE=0)
        QFN05010B = ( L=0.0 E1=0. E2=0. F1=0. DISFRIN=1 FRINGE=0)
        QFN05211B = ( L=0.0 E1=0. E2=0. F1=0. DISFRIN=1 FRINGE=0)
        QFN05712B = ( L=0.0 E1=0. E2=0. F1=0. DISFRIN=1 FRINGE=0)
        QFN05913B = ( L=0.0 E1=0. E2=0. F1=0. DISFRIN=1 FRINGE=0)
        QFN06414B = ( L=0.0 E1=0. E2=0. F1=0. DISFRIN=1 FRINGE=0)
        QFN06615B = ( L=0.0 E1=0. E2=0. F1=0. DISFRIN=1 FRINGE=0)
        QFN07116B = ( L=0.0 E1=0. E2=0. F1=0. DISFRIN=1 FRINGE=0)
        QFN08917B = ( L=0.0 E1=0. E2=0. F1=0. DISFRIN=1 FRINGE=0)
        QFN09418B = ( L=0.0 E1=0. E2=0. F1=0. DISFRIN=1 FRINGE=0)
        QFN09619B = ( L=0.0 E1=0. E2=0. F1=0. DISFRIN=1 FRINGE=0)
        QFN10120B = ( L=0.0 E1=0. E2=0. F1=0. DISFRIN=1 FRINGE=0)
        QFN10321B = ( L=0.0 E1=0. E2=0. F1=0. DISFRIN=1 FRINGE=0)
        QFN10822B = ( L=0.0 E1=0. E2=0. F1=0. DISFRIN=1 FRINGE=0)
        QFN11023B = ( L=0.0 E1=0. E2=0. F1=0. DISFRIN=1 FRINGE=0)
        QFN11524B = ( L=0.0 E1=0. E2=0. F1=0. DISFRIN=1 FRINGE=0)
        QFN11725B = ( L=0.0 E1=0. E2=0. F1=0. DISFRIN=1 FRINGE=0)
        QFN12226B = ( L=0.0 E1=0. E2=0. F1=0. DISFRIN=1 FRINGE=0)
        QFN12427B = ( L=0.0 E1=0. E2=0. F1=0. DISFRIN=1 FRINGE=0)
        QFN12928B = ( L=0.0 E1=0. E2=0. F1=0. DISFRIN=1 FRINGE=0)
        QFN13129B = ( L=0.0 E1=0. E2=0. F1=0. DISFRIN=1 FRINGE=0)
        QFN13630B = ( L=0.0 E1=0. E2=0. F1=0. DISFRIN=1 FRINGE=0)
        QFN13831B = ( L=0.0 E1=0. E2=0. F1=0. DISFRIN=1 FRINGE=0)
        QFN14332B = ( L=0.0 E1=0. E2=0. F1=0. DISFRIN=1 FRINGE=0)
        QFN16133B = ( L=0.0 E1=0. E2=0. F1=0. DISFRIN=1 FRINGE=0)
        QFN16634B = ( L=0.0 E1=0. E2=0. F1=0. DISFRIN=1 FRINGE=0)
        QFN16835B = ( L=0.0 E1=0. E2=0. F1=0. DISFRIN=1 FRINGE=0)
        QFN17336B = ( L=0.0 E1=0. E2=0. F1=0. DISFRIN=1 FRINGE=0)
        QFN17537B = ( L=0.0 E1=0. E2=0. F1=0. DISFRIN=1 FRINGE=0)
        QFN18038B = ( L=0.0 E1=0. E2=0. F1=0. DISFRIN=1 FRINGE=0)
        QFN18239B = ( L=0.0 E1=0. E2=0. F1=0. DISFRIN=1 FRINGE=0)
        QFN18740B = ( L=0.0 E1=0. E2=0. F1=0. DISFRIN=1 FRINGE=0)
        QFN18941B = ( L=0.0 E1=0. E2=0. F1=0. DISFRIN=1 FRINGE=0)
        QFN19442B = ( L=0.0 E1=0. E2=0. F1=0. DISFRIN=1 FRINGE=0)
        QFN19643B = ( L=0.0 E1=0. E2=0. F1=0. DISFRIN=1 FRINGE=0)
        QFN20144B = ( L=0.0 E1=0. E2=0. F1=0. DISFRIN=1 FRINGE=0)
        QFN20345B = ( L=0.0 E1=0. E2=0. F1=0. DISFRIN=1 FRINGE=0)
        QFN20846B = ( L=0.0 E1=0. E2=0. F1=0. DISFRIN=1 FRINGE=0)
        QFN21047B = ( L=0.0 E1=0. E2=0. F1=0. DISFRIN=1 FRINGE=0)
        QFN21548B = ( L=0.0 E1=0. E2=0. F1=0. DISFRIN=1 FRINGE=0)

        QDN01801B = ( L=0.0 E1=0. E2=0. F1=0. DISFRIN=1 FRINGE=0)
        QDN02102B = ( L=0.0 E1=0. E2=0. F1=0. DISFRIN=1 FRINGE=0)
        QDN02503B = ( L=0.0 E1=0. E2=0. F1=0. DISFRIN=1 FRINGE=0)
        QDN02804B = ( L=0.0 E1=0. E2=0. F1=0. DISFRIN=1 FRINGE=0)
        QDN03205B = ( L=0.0 E1=0. E2=0. F1=0. DISFRIN=1 FRINGE=0)
        QDN03506B = ( L=0.0 E1=0. E2=0. F1=0. DISFRIN=1 FRINGE=0)
        QDN03907B = ( L=0.0 E1=0. E2=0. F1=0. DISFRIN=1 FRINGE=0)
        QDN04208B = ( L=0.0 E1=0. E2=0. F1=0. DISFRIN=1 FRINGE=0)
        QDN04609B = ( L=0.0 E1=0. E2=0. F1=0. DISFRIN=1 FRINGE=0)
        QDN04910B = ( L=0.0 E1=0. E2=0. F1=0. DISFRIN=1 FRINGE=0)
        QDN05311B = ( L=0.0 E1=0. E2=0. F1=0. DISFRIN=1 FRINGE=0)
        QDN05612B = ( L=0.0 E1=0. E2=0. F1=0. DISFRIN=1 FRINGE=0)
        QDN06013B = ( L=0.0 E1=0. E2=0. F1=0. DISFRIN=1 FRINGE=0)
        QDN06314B = ( L=0.0 E1=0. E2=0. F1=0. DISFRIN=1 FRINGE=0)
        QDN06715B = ( L=0.0 E1=0. E2=0. F1=0. DISFRIN=1 FRINGE=0)
        QDN07016B = ( L=0.0 E1=0. E2=0. F1=0. DISFRIN=1 FRINGE=0)
        QDN09017B = ( L=0.0 E1=0. E2=0. F1=0. DISFRIN=1 FRINGE=0)
        QDN09318B = ( L=0.0 E1=0. E2=0. F1=0. DISFRIN=1 FRINGE=0)
        QDN09719B = ( L=0.0 E1=0. E2=0. F1=0. DISFRIN=1 FRINGE=0)
        QDN10020B = ( L=0.0 E1=0. E2=0. F1=0. DISFRIN=1 FRINGE=0)
        QDN10421B = ( L=0.0 E1=0. E2=0. F1=0. DISFRIN=1 FRINGE=0)
        QDN10722B = ( L=0.0 E1=0. E2=0. F1=0. DISFRIN=1 FRINGE=0)
        QDN11123B = ( L=0.0 E1=0. E2=0. F1=0. DISFRIN=1 FRINGE=0)
        QDN11424B = ( L=0.0 E1=0. E2=0. F1=0. DISFRIN=1 FRINGE=0)
        QDN11825B = ( L=0.0 E1=0. E2=0. F1=0. DISFRIN=1 FRINGE=0)
        QDN12126B = ( L=0.0 E1=0. E2=0. F1=0. DISFRIN=1 FRINGE=0)
        QDN12527B = ( L=0.0 E1=0. E2=0. F1=0. DISFRIN=1 FRINGE=0)
        QDN12828B = ( L=0.0 E1=0. E2=0. F1=0. DISFRIN=1 FRINGE=0)
        QDN13229B = ( L=0.0 E1=0. E2=0. F1=0. DISFRIN=1 FRINGE=0)
        QDN13530B = ( L=0.0 E1=0. E2=0. F1=0. DISFRIN=1 FRINGE=0)
        QDN13931B = ( L=0.0 E1=0. E2=0. F1=0. DISFRIN=1 FRINGE=0)
        QDN14232B = ( L=0.0 E1=0. E2=0. F1=0. DISFRIN=1 FRINGE=0)
        QDN16233B = ( L=0.0 E1=0. E2=0. F1=0. DISFRIN=1 FRINGE=0)
        QDN16534B = ( L=0.0 E1=0. E2=0. F1=0. DISFRIN=1 FRINGE=0)
        QDN16935B = ( L=0.0 E1=0. E2=0. F1=0. DISFRIN=1 FRINGE=0)
        QDN17236B = ( L=0.0 E1=0. E2=0. F1=0. DISFRIN=1 FRINGE=0)
        QDN17637B = ( L=0.0 E1=0. E2=0. F1=0. DISFRIN=1 FRINGE=0)
        QDN17938B = ( L=0.0 E1=0. E2=0. F1=0. DISFRIN=1 FRINGE=0)
        QDN18339B = ( L=0.0 E1=0. E2=0. F1=0. DISFRIN=1 FRINGE=0)
        QDN18640B = ( L=0.0 E1=0. E2=0. F1=0. DISFRIN=1 FRINGE=0)
        QDN19041B = ( L=0.0 E1=0. E2=0. F1=0. DISFRIN=1 FRINGE=0)
        QDN19342B = ( L=0.0 E1=0. E2=0. F1=0. DISFRIN=1 FRINGE=0)
        QDN19743B = ( L=0.0 E1=0. E2=0. F1=0. DISFRIN=1 FRINGE=0)
        QDN20044B = ( L=0.0 E1=0. E2=0. F1=0. DISFRIN=1 FRINGE=0)
        QDN20445B = ( L=0.0 E1=0. E2=0. F1=0. DISFRIN=1 FRINGE=0)
        QDN20746B = ( L=0.0 E1=0. E2=0. F1=0. DISFRIN=1 FRINGE=0)
        QDN21147B = ( L=0.0 E1=0. E2=0. F1=0. DISFRIN=1 FRINGE=0)
        QDN21448B = ( L=0.0 E1=0. E2=0. F1=0. DISFRIN=1 FRINGE=0)

        QFX01901B = ( L=0.0 E1=0. E2=0. F1=0. DISFRIN=1 FRINGE=0)
        QFX02002B = ( L=0.0 E1=0. E2=0. F1=0. DISFRIN=1 FRINGE=0)
        QFX02603B = ( L=0.0 E1=0. E2=0. F1=0. DISFRIN=1 FRINGE=0)
        QFX02704B = ( L=0.0 E1=0. E2=0. F1=0. DISFRIN=1 FRINGE=0)
        QFX03305B = ( L=0.0 E1=0. E2=0. F1=0. DISFRIN=1 FRINGE=0)
        QFX03406B = ( L=0.0 E1=0. E2=0. F1=0. DISFRIN=1 FRINGE=0)
        QFX04007B = ( L=0.0 E1=0. E2=0. F1=0. DISFRIN=1 FRINGE=0)
        QFX04108B = ( L=0.0 E1=0. E2=0. F1=0. DISFRIN=1 FRINGE=0)
        QFX04709B = ( L=0.0 E1=0. E2=0. F1=0. DISFRIN=1 FRINGE=0)
        QFX04810B = ( L=0.0 E1=0. E2=0. F1=0. DISFRIN=1 FRINGE=0)
        QFX05411B = ( L=0.0 E1=0. E2=0. F1=0. DISFRIN=1 FRINGE=0)
        QFX05512B = ( L=0.0 E1=0. E2=0. F1=0. DISFRIN=1 FRINGE=0)
        QFX06113B = ( L=0.0 E1=0. E2=0. F1=0. DISFRIN=1 FRINGE=0)
        QFX06214B = ( L=0.0 E1=0. E2=0. F1=0. DISFRIN=1 FRINGE=0)
        QFX06815B = ( L=0.0 E1=0. E2=0. F1=0. DISFRIN=1 FRINGE=0)
        QFX06916B = ( L=0.0 E1=0. E2=0. F1=0. DISFRIN=1 FRINGE=0)
        QFX09117B = ( L=0.0 E1=0. E2=0. F1=0. DISFRIN=1 FRINGE=0)
        QFX09218B = ( L=0.0 E1=0. E2=0. F1=0. DISFRIN=1 FRINGE=0)
        QFX09819B = ( L=0.0 E1=0. E2=0. F1=0. DISFRIN=1 FRINGE=0)
        QFX09920B = ( L=0.0 E1=0. E2=0. F1=0. DISFRIN=1 FRINGE=0)
        QFX10521B = ( L=0.0 E1=0. E2=0. F1=0. DISFRIN=1 FRINGE=0)
        QFX10622B = ( L=0.0 E1=0. E2=0. F1=0. DISFRIN=1 FRINGE=0)
        QFX11223B = ( L=0.0 E1=0. E2=0. F1=0. DISFRIN=1 FRINGE=0)
        QFX11324B = ( L=0.0 E1=0. E2=0. F1=0. DISFRIN=1 FRINGE=0)
        QFX11925B = ( L=0.0 E1=0. E2=0. F1=0. DISFRIN=1 FRINGE=0)
        QFX12026B = ( L=0.0 E1=0. E2=0. F1=0. DISFRIN=1 FRINGE=0)
        QFX12627B = ( L=0.0 E1=0. E2=0. F1=0. DISFRIN=1 FRINGE=0)
        QFX12728B = ( L=0.0 E1=0. E2=0. F1=0. DISFRIN=1 FRINGE=0)
        QFX13329B = ( L=0.0 E1=0. E2=0. F1=0. DISFRIN=1 FRINGE=0)
        QFX13430B = ( L=0.0 E1=0. E2=0. F1=0. DISFRIN=1 FRINGE=0)
        QFX14031B = ( L=0.0 E1=0. E2=0. F1=0. DISFRIN=1 FRINGE=0)
        QFX14132B = ( L=0.0 E1=0. E2=0. F1=0. DISFRIN=1 FRINGE=0)
        QFX16333B = ( L=0.0 E1=0. E2=0. F1=0. DISFRIN=1 FRINGE=0)
        QFX16434B = ( L=0.0 E1=0. E2=0. F1=0. DISFRIN=1 FRINGE=0)
        QFX17035B = ( L=0.0 E1=0. E2=0. F1=0. DISFRIN=1 FRINGE=0)
        QFX17136B = ( L=0.0 E1=0. E2=0. F1=0. DISFRIN=1 FRINGE=0)
        QFX17737B = ( L=0.0 E1=0. E2=0. F1=0. DISFRIN=1 FRINGE=0)
        QFX17838B = ( L=0.0 E1=0. E2=0. F1=0. DISFRIN=1 FRINGE=0)
        QFX18439B = ( L=0.0 E1=0. E2=0. F1=0. DISFRIN=1 FRINGE=0)
        QFX18540B = ( L=0.0 E1=0. E2=0. F1=0. DISFRIN=1 FRINGE=0)
        QFX19141B = ( L=0.0 E1=0. E2=0. F1=0. DISFRIN=1 FRINGE=0)
        QFX19242B = ( L=0.0 E1=0. E2=0. F1=0. DISFRIN=1 FRINGE=0)
        QFX19843B = ( L=0.0 E1=0. E2=0. F1=0. DISFRIN=1 FRINGE=0)
        QFX19944B = ( L=0.0 E1=0. E2=0. F1=0. DISFRIN=1 FRINGE=0)
        QFX20545B = ( L=0.0 E1=0. E2=0. F1=0. DISFRIN=1 FRINGE=0)
        QFX20646B = ( L=0.0 E1=0. E2=0. F1=0. DISFRIN=1 FRINGE=0)
        QFX21247B = ( L=0.0 E1=0. E2=0. F1=0. DISFRIN=1 FRINGE=0)
        QFX21348B = ( L=0.0 E1=0. E2=0. F1=0. DISFRIN=1 FRINGE=0)
 ;
 LINE
        QFS00101 = ( QFS00101B QFS00101A MKQCTR QFS00101B )
        QFS01502 = ( QFS01502B QFS01502A MKQCTR QFS01502B )
        QFS07303 = ( QFS07303B QFS07303A MKQCTR QFS07303B )
        QFS08704 = ( QFS08704B QFS08704A MKQCTR QFS08704B )
        QFS14505 = ( QFS14505B QFS14505A MKQCTR QFS14505B )
        QFS15906 = ( QFS15906B QFS15906A MKQCTR QFS15906B )

        QDS00201 = ( QDS00201B QDS00201A MKQCTR QDS00201B )
        QDS01402 = ( QDS01402B QDS01402A MKQCTR QDS01402B )
        QDS07403 = ( QDS07403B QDS07403A MKQCTR QDS07403B )
        QDS08604 = ( QDS08604B QDS08604A MKQCTR QDS08604B )
        QDS14605 = ( QDS14605B QDS14605A MKQCTR QDS14605B )
        QDS15806 = ( QDS15806B QDS15806A MKQCTR QDS15806B )

        QFT00301 = ( QFT00301B QFT00301A MKQCTR QFT00301B )
        QFT01302 = ( QFT01302B QFT01302A MKQCTR QFT01302B )
        QFT07503 = ( QFT07503B QFT07503A MKQCTR QFT07503B )
        QFT08504 = ( QFT08504B QFT08504A MKQCTR QFT08504B )
        QFT14705 = ( QFT14705B QFT14705A MKQCTR QFT14705B )
        QFT15706 = ( QFT15706B QFT15706A MKQCTR QFT15706B )

        QFP00401 = ( QFP00401B QFP00401A MKQCTR QFP00401B )
        QFP01202 = ( QFP01202B QFP01202A MKQCTR QFP01202B )
        QFP07603 = ( QFP07603B QFP07603A MKQCTR QFP07603B )
        QFP08404 = ( QFP08404B QFP08404A MKQCTR QFP08404B )
        QFP14805 = ( QFP14805B QFP14805A MKQCTR QFP14805B )
        QFP15606 = ( QFP15606B QFP15606A MKQCTR QFP15606B )

        QDT00501 = ( QDT00501B QDT00501A MKQCTR QDT00501B )
        QDT01102 = ( QDT01102B QDT01102A MKQCTR QDT01102B )
        QDT07703 = ( QDT07703B QDT07703A MKQCTR QDT07703B )
        QDT08304 = ( QDT08304B QDT08304A MKQCTR QDT08304B )
        QDT14905 = ( QDT14905B QDT14905A MKQCTR QDT14905B )
        QDT15506 = ( QDT15506B QDT15506A MKQCTR QDT15506B )

        QFR00601 = ( QFR00601B QFR00601A MKQCTR QFR00601B )
        QFR00802 = ( QFR00802B QFR00802A MKQCTR QFR00802B )
        QFR01003 = ( QFR01003B QFR01003A MKQCTR QFR01003B )
        QFR07804 = ( QFR07804B QFR07804A MKQCTR QFR07804B )
        QFR08005 = ( QFR08005B QFR08005A MKQCTR QFR08005B )
        QFR08206 = ( QFR08206B QFR08206A MKQCTR QFR08206B )
        QFR15007 = ( QFR15007B QFR15007A MKQCTR QFR15007B )
        QFR15208 = ( QFR15208B QFR15208A MKQCTR QFR15208B )
        QFR15409 = ( QFR15409B QFR15409A MKQCTR QFR15409B )

        QDR00701 = ( QDR00701B QDR00701A MKQCTR QDR00701B )
        QDR00902 = ( QDR00902B QDR00902A MKQCTR QDR00902B )
        QDR07903 = ( QDR07903B QDR07903A MKQCTR QDR07903B )
        QDR08104 = ( QDR08104B QDR08104A MKQCTR QDR08104B )
        QDR15105 = ( QDR15105B QDR15105A MKQCTR QDR15105B )
        QDR15306 = ( QDR15306B QDR15306A MKQCTR QDR15306B )

        QDX01601 = ( QDX01601B QDX01601A MKQCTR QDX01601B )
        QDX02302 = ( QDX02302B QDX02302A MKQCTR QDX02302B )
        QDX03003 = ( QDX03003B QDX03003A MKQCTR QDX03003B )
        QDX03704 = ( QDX03704B QDX03704A MKQCTR QDX03704B )
        QDX04405 = ( QDX04405B QDX04405A MKQCTR QDX04405B )
        QDX05106 = ( QDX05106B QDX05106A MKQCTR QDX05106B )
        QDX05807 = ( QDX05807B QDX05807A MKQCTR QDX05807B )
        QDX06508 = ( QDX06508B QDX06508A MKQCTR QDX06508B )
        QDX07209 = ( QDX07209B QDX07209A MKQCTR QDX07209B )
        QDX08810 = ( QDX08810B QDX08810A MKQCTR QDX08810B )
        QDX09511 = ( QDX09511B QDX09511A MKQCTR QDX09511B )
        QDX10212 = ( QDX10212B QDX10212A MKQCTR QDX10212B )
        QDX10913 = ( QDX10913B QDX10913A MKQCTR QDX10913B )
        QDX11614 = ( QDX11614B QDX11614A MKQCTR QDX11614B )
        QDX12315 = ( QDX12315B QDX12315A MKQCTR QDX12315B )
        QDX13016 = ( QDX13016B QDX13016A MKQCTR QDX13016B )
        QDX13717 = ( QDX13717B QDX13717A MKQCTR QDX13717B )
        QDX14418 = ( QDX14418B QDX14418A MKQCTR QDX14418B )
        QDX16019 = ( QDX16019B QDX16019A MKQCTR QDX16019B )
        QDX16720 = ( QDX16720B QDX16720A MKQCTR QDX16720B )
        QDX17421 = ( QDX17421B QDX17421A MKQCTR QDX17421B )
        QDX18122 = ( QDX18122B QDX18122A MKQCTR QDX18122B )
        QDX18823 = ( QDX18823B QDX18823A MKQCTR QDX18823B )
        QDX19524 = ( QDX19524B QDX19524A MKQCTR QDX19524B )
        QDX20225 = ( QDX20225B QDX20225A MKQCTR QDX20225B )
        QDX20926 = ( QDX20926B QDX20926A MKQCTR QDX20926B )
        QDX21627 = ( QDX21627B QDX21627A MKQCTR QDX21627B )

        QFN01701 = ( QFN01701B QFN01701A MKQCTR QFN01701B )
        QFN02202 = ( QFN02202B QFN02202A MKQCTR QFN02202B )
        QFN02403 = ( QFN02403B QFN02403A MKQCTR QFN02403B )
        QFN02904 = ( QFN02904B QFN02904A MKQCTR QFN02904B )
        QFN03105 = ( QFN03105B QFN03105A MKQCTR QFN03105B )
        QFN03606 = ( QFN03606B QFN03606A MKQCTR QFN03606B )
        QFN03807 = ( QFN03807B QFN03807A MKQCTR QFN03807B )
        QFN04308 = ( QFN04308B QFN04308A MKQCTR QFN04308B )
        QFN04509 = ( QFN04509B QFN04509A MKQCTR QFN04509B )
        QFN05010 = ( QFN05010B QFN05010A MKQCTR QFN05010B )
        QFN05211 = ( QFN05211B QFN05211A MKQCTR QFN05211B )
        QFN05712 = ( QFN05712B QFN05712A MKQCTR QFN05712B )
        QFN05913 = ( QFN05913B QFN05913A MKQCTR QFN05913B )
        QFN06414 = ( QFN06414B QFN06414A MKQCTR QFN06414B )
        QFN06615 = ( QFN06615B QFN06615A MKQCTR QFN06615B )
        QFN07116 = ( QFN07116B QFN07116A MKQCTR QFN07116B )
        QFN08917 = ( QFN08917B QFN08917A MKQCTR QFN08917B )
        QFN09418 = ( QFN09418B QFN09418A MKQCTR QFN09418B )
        QFN09619 = ( QFN09619B QFN09619A MKQCTR QFN09619B )
        QFN10120 = ( QFN10120B QFN10120A MKQCTR QFN10120B )
        QFN10321 = ( QFN10321B QFN10321A MKQCTR QFN10321B )
        QFN10822 = ( QFN10822B QFN10822A MKQCTR QFN10822B )
        QFN11023 = ( QFN11023B QFN11023A MKQCTR QFN11023B )
        QFN11524 = ( QFN11524B QFN11524A MKQCTR QFN11524B )
        QFN11725 = ( QFN11725B QFN11725A MKQCTR QFN11725B )
        QFN12226 = ( QFN12226B QFN12226A MKQCTR QFN12226B )
        QFN12427 = ( QFN12427B QFN12427A MKQCTR QFN12427B )
        QFN12928 = ( QFN12928B QFN12928A MKQCTR QFN12928B )
        QFN13129 = ( QFN13129B QFN13129A MKQCTR QFN13129B )
        QFN13630 = ( QFN13630B QFN13630A MKQCTR QFN13630B )
        QFN13831 = ( QFN13831B QFN13831A MKQCTR QFN13831B )
        QFN14332 = ( QFN14332B QFN14332A MKQCTR QFN14332B )
        QFN16133 = ( QFN16133B QFN16133A MKQCTR QFN16133B )
        QFN16634 = ( QFN16634B QFN16634A MKQCTR QFN16634B )
        QFN16835 = ( QFN16835B QFN16835A MKQCTR QFN16835B )
        QFN17336 = ( QFN17336B QFN17336A MKQCTR QFN17336B )
        QFN17537 = ( QFN17537B QFN17537A MKQCTR QFN17537B )
        QFN18038 = ( QFN18038B QFN18038A MKQCTR QFN18038B )
        QFN18239 = ( QFN18239B QFN18239A MKQCTR QFN18239B )
        QFN18740 = ( QFN18740B QFN18740A MKQCTR QFN18740B )
        QFN18941 = ( QFN18941B QFN18941A MKQCTR QFN18941B )
        QFN19442 = ( QFN19442B QFN19442A MKQCTR QFN19442B )
        QFN19643 = ( QFN19643B QFN19643A MKQCTR QFN19643B )
        QFN20144 = ( QFN20144B QFN20144A MKQCTR QFN20144B )
        QFN20345 = ( QFN20345B QFN20345A MKQCTR QFN20345B )
        QFN20846 = ( QFN20846B QFN20846A MKQCTR QFN20846B )
        QFN21047 = ( QFN21047B QFN21047A MKQCTR QFN21047B )
        QFN21548 = ( QFN21548B QFN21548A MKQCTR QFN21548B )

        QDN01801 = ( QDN01801B QDN01801A MKQCTR QDN01801B )
        QDN02102 = ( QDN02102B QDN02102A MKQCTR QDN02102B )
        QDN02503 = ( QDN02503B QDN02503A MKQCTR QDN02503B )
        QDN02804 = ( QDN02804B QDN02804A MKQCTR QDN02804B )
        QDN03205 = ( QDN03205B QDN03205A MKQCTR QDN03205B )
        QDN03506 = ( QDN03506B QDN03506A MKQCTR QDN03506B )
        QDN03907 = ( QDN03907B QDN03907A MKQCTR QDN03907B )
        QDN04208 = ( QDN04208B QDN04208A MKQCTR QDN04208B )
        QDN04609 = ( QDN04609B QDN04609A MKQCTR QDN04609B )
        QDN04910 = ( QDN04910B QDN04910A MKQCTR QDN04910B )
        QDN05311 = ( QDN05311B QDN05311A MKQCTR QDN05311B )
        QDN05612 = ( QDN05612B QDN05612A MKQCTR QDN05612B )
        QDN06013 = ( QDN06013B QDN06013A MKQCTR QDN06013B )
        QDN06314 = ( QDN06314B QDN06314A MKQCTR QDN06314B )
        QDN06715 = ( QDN06715B QDN06715A MKQCTR QDN06715B )
        QDN07016 = ( QDN07016B QDN07016A MKQCTR QDN07016B )
        QDN09017 = ( QDN09017B QDN09017A MKQCTR QDN09017B )
        QDN09318 = ( QDN09318B QDN09318A MKQCTR QDN09318B )
        QDN09719 = ( QDN09719B QDN09719A MKQCTR QDN09719B )
        QDN10020 = ( QDN10020B QDN10020A MKQCTR QDN10020B )
        QDN10421 = ( QDN10421B QDN10421A MKQCTR QDN10421B )
        QDN10722 = ( QDN10722B QDN10722A MKQCTR QDN10722B )
        QDN11123 = ( QDN11123B QDN11123A MKQCTR QDN11123B )
        QDN11424 = ( QDN11424B QDN11424A MKQCTR QDN11424B )
        QDN11825 = ( QDN11825B QDN11825A MKQCTR QDN11825B )
        QDN12126 = ( QDN12126B QDN12126A MKQCTR QDN12126B )
        QDN12527 = ( QDN12527B QDN12527A MKQCTR QDN12527B )
        QDN12828 = ( QDN12828B QDN12828A MKQCTR QDN12828B )
        QDN13229 = ( QDN13229B QDN13229A MKQCTR QDN13229B )
        QDN13530 = ( QDN13530B QDN13530A MKQCTR QDN13530B )
        QDN13931 = ( QDN13931B QDN13931A MKQCTR QDN13931B )
        QDN14232 = ( QDN14232B QDN14232A MKQCTR QDN14232B )
        QDN16233 = ( QDN16233B QDN16233A MKQCTR QDN16233B )
        QDN16534 = ( QDN16534B QDN16534A MKQCTR QDN16534B )
        QDN16935 = ( QDN16935B QDN16935A MKQCTR QDN16935B )
        QDN17236 = ( QDN17236B QDN17236A MKQCTR QDN17236B )
        QDN17637 = ( QDN17637B QDN17637A MKQCTR QDN17637B )
        QDN17938 = ( QDN17938B QDN17938A MKQCTR QDN17938B )
        QDN18339 = ( QDN18339B QDN18339A MKQCTR QDN18339B )
        QDN18640 = ( QDN18640B QDN18640A MKQCTR QDN18640B )
        QDN19041 = ( QDN19041B QDN19041A MKQCTR QDN19041B )
        QDN19342 = ( QDN19342B QDN19342A MKQCTR QDN19342B )
        QDN19743 = ( QDN19743B QDN19743A MKQCTR QDN19743B )
        QDN20044 = ( QDN20044B QDN20044A MKQCTR QDN20044B )
        QDN20445 = ( QDN20445B QDN20445A MKQCTR QDN20445B )
        QDN20746 = ( QDN20746B QDN20746A MKQCTR QDN20746B )
        QDN21147 = ( QDN21147B QDN21147A MKQCTR QDN21147B )
        QDN21448 = ( QDN21448B QDN21448A MKQCTR QDN21448B )

        QFX01901 = ( QFX01901B QFX01901A MKQCTR QFX01901B )
        QFX02002 = ( QFX02002B QFX02002A MKQCTR QFX02002B )
        QFX02603 = ( QFX02603B QFX02603A MKQCTR QFX02603B )
        QFX02704 = ( QFX02704B QFX02704A MKQCTR QFX02704B )
        QFX03305 = ( QFX03305B QFX03305A MKQCTR QFX03305B )
        QFX03406 = ( QFX03406B QFX03406A MKQCTR QFX03406B )
        QFX04007 = ( QFX04007B QFX04007A MKQCTR QFX04007B )
        QFX04108 = ( QFX04108B QFX04108A MKQCTR QFX04108B )
        QFX04709 = ( QFX04709B QFX04709A MKQCTR QFX04709B )
        QFX04810 = ( QFX04810B QFX04810A MKQCTR QFX04810B )
        QFX05411 = ( QFX05411B QFX05411A MKQCTR QFX05411B )
        QFX05512 = ( QFX05512B QFX05512A MKQCTR QFX05512B )
        QFX06113 = ( QFX06113B QFX06113A MKQCTR QFX06113B )
        QFX06214 = ( QFX06214B QFX06214A MKQCTR QFX06214B )
        QFX06815 = ( QFX06815B QFX06815A MKQCTR QFX06815B )
        QFX06916 = ( QFX06916B QFX06916A MKQCTR QFX06916B )
        QFX09117 = ( QFX09117B QFX09117A MKQCTR QFX09117B )
        QFX09218 = ( QFX09218B QFX09218A MKQCTR QFX09218B )
        QFX09819 = ( QFX09819B QFX09819A MKQCTR QFX09819B )
        QFX09920 = ( QFX09920B QFX09920A MKQCTR QFX09920B )
        QFX10521 = ( QFX10521B QFX10521A MKQCTR QFX10521B )
        QFX10622 = ( QFX10622B QFX10622A MKQCTR QFX10622B )
        QFX11223 = ( QFX11223B QFX11223A MKQCTR QFX11223B )
        QFX11324 = ( QFX11324B QFX11324A MKQCTR QFX11324B )
        QFX11925 = ( QFX11925B QFX11925A MKQCTR QFX11925B )
        QFX12026 = ( QFX12026B QFX12026A MKQCTR QFX12026B )
        QFX12627 = ( QFX12627B QFX12627A MKQCTR QFX12627B )
        QFX12728 = ( QFX12728B QFX12728A MKQCTR QFX12728B )
        QFX13329 = ( QFX13329B QFX13329A MKQCTR QFX13329B )
        QFX13430 = ( QFX13430B QFX13430A MKQCTR QFX13430B )
        QFX14031 = ( QFX14031B QFX14031A MKQCTR QFX14031B )
        QFX14132 = ( QFX14132B QFX14132A MKQCTR QFX14132B )
        QFX16333 = ( QFX16333B QFX16333A MKQCTR QFX16333B )
        QFX16434 = ( QFX16434B QFX16434A MKQCTR QFX16434B )
        QFX17035 = ( QFX17035B QFX17035A MKQCTR QFX17035B )
        QFX17136 = ( QFX17136B QFX17136A MKQCTR QFX17136B )
        QFX17737 = ( QFX17737B QFX17737A MKQCTR QFX17737B )
        QFX17838 = ( QFX17838B QFX17838A MKQCTR QFX17838B )
        QFX18439 = ( QFX18439B QFX18439A MKQCTR QFX18439B )
        QFX18540 = ( QFX18540B QFX18540A MKQCTR QFX18540B )
        QFX19141 = ( QFX19141B QFX19141A MKQCTR QFX19141B )
        QFX19242 = ( QFX19242B QFX19242A MKQCTR QFX19242B )
        QFX19843 = ( QFX19843B QFX19843A MKQCTR QFX19843B )
        QFX19944 = ( QFX19944B QFX19944A MKQCTR QFX19944B )
        QFX20545 = ( QFX20545B QFX20545A MKQCTR QFX20545B )
        QFX20646 = ( QFX20646B QFX20646A MKQCTR QFX20646B )
        QFX21247 = ( QFX21247B QFX21247A MKQCTR QFX21247B )
        QFX21348 = ( QFX21348B QFX21348A MKQCTR QFX21348B )
 ;
 BEND
        BMN01701A = ( L=5.850 ANGLE=3.75 DEG E1 = .0 E2 = .0 F1 = .0 FRINGE=1 )
        BMN01802A = ( L=5.850 ANGLE=3.75 DEG E1 = .0 E2 = .0 F1 = .0 FRINGE=1 )
        BMN02203A = ( L=5.850 ANGLE=3.75 DEG E1 = .0 E2 = .0 F1 = .0 FRINGE=1 )
        BMN02304A = ( L=5.850 ANGLE=3.75 DEG E1 = .0 E2 = .0 F1 = .0 FRINGE=1 )
        BMN02405A = ( L=5.850 ANGLE=3.75 DEG E1 = .0 E2 = .0 F1 = .0 FRINGE=1 )
        BMN02506A = ( L=5.850 ANGLE=3.75 DEG E1 = .0 E2 = .0 F1 = .0 FRINGE=1 )
        BMN02907A = ( L=5.850 ANGLE=3.75 DEG E1 = .0 E2 = .0 F1 = .0 FRINGE=1 )
        BMN03008A = ( L=5.850 ANGLE=3.75 DEG E1 = .0 E2 = .0 F1 = .0 FRINGE=1 )
        BMN03109A = ( L=5.850 ANGLE=3.75 DEG E1 = .0 E2 = .0 F1 = .0 FRINGE=1 )
        BMN03210A = ( L=5.850 ANGLE=3.75 DEG E1 = .0 E2 = .0 F1 = .0 FRINGE=1 )
        BMN03611A = ( L=5.850 ANGLE=3.75 DEG E1 = .0 E2 = .0 F1 = .0 FRINGE=1 )
        BMN03712A = ( L=5.850 ANGLE=3.75 DEG E1 = .0 E2 = .0 F1 = .0 FRINGE=1 )
        BMN03813A = ( L=5.850 ANGLE=3.75 DEG E1 = .0 E2 = .0 F1 = .0 FRINGE=1 )
        BMN03914A = ( L=5.850 ANGLE=3.75 DEG E1 = .0 E2 = .0 F1 = .0 FRINGE=1 )
        BMN04315A = ( L=5.850 ANGLE=3.75 DEG E1 = .0 E2 = .0 F1 = .0 FRINGE=1 )
        BMN04416A = ( L=5.850 ANGLE=3.75 DEG E1 = .0 E2 = .0 F1 = .0 FRINGE=1 )
        BMN04517A = ( L=5.850 ANGLE=3.75 DEG E1 = .0 E2 = .0 F1 = .0 FRINGE=1 )
        BMN04618A = ( L=5.850 ANGLE=3.75 DEG E1 = .0 E2 = .0 F1 = .0 FRINGE=1 )
        BMN05019A = ( L=5.850 ANGLE=3.75 DEG E1 = .0 E2 = .0 F1 = .0 FRINGE=1 )
        BMN05120A = ( L=5.850 ANGLE=3.75 DEG E1 = .0 E2 = .0 F1 = .0 FRINGE=1 )
        BMN05221A = ( L=5.850 ANGLE=3.75 DEG E1 = .0 E2 = .0 F1 = .0 FRINGE=1 )
        BMN05322A = ( L=5.850 ANGLE=3.75 DEG E1 = .0 E2 = .0 F1 = .0 FRINGE=1 )
        BMN05723A = ( L=5.850 ANGLE=3.75 DEG E1 = .0 E2 = .0 F1 = .0 FRINGE=1 )
        BMN05824A = ( L=5.850 ANGLE=3.75 DEG E1 = .0 E2 = .0 F1 = .0 FRINGE=1 )
        BMN05925A = ( L=5.850 ANGLE=3.75 DEG E1 = .0 E2 = .0 F1 = .0 FRINGE=1 )
        BMN06026A = ( L=5.850 ANGLE=3.75 DEG E1 = .0 E2 = .0 F1 = .0 FRINGE=1 )
        BMN06427A = ( L=5.850 ANGLE=3.75 DEG E1 = .0 E2 = .0 F1 = .0 FRINGE=1 )
        BMN06528A = ( L=5.850 ANGLE=3.75 DEG E1 = .0 E2 = .0 F1 = .0 FRINGE=1 )
        BMN06629A = ( L=5.850 ANGLE=3.75 DEG E1 = .0 E2 = .0 F1 = .0 FRINGE=1 )
        BMN06730A = ( L=5.850 ANGLE=3.75 DEG E1 = .0 E2 = .0 F1 = .0 FRINGE=1 )
        BMN07131A = ( L=5.850 ANGLE=3.75 DEG E1 = .0 E2 = .0 F1 = .0 FRINGE=1 )
        BMN07232A = ( L=5.850 ANGLE=3.75 DEG E1 = .0 E2 = .0 F1 = .0 FRINGE=1 )
        BMN08933A = ( L=5.850 ANGLE=3.75 DEG E1 = .0 E2 = .0 F1 = .0 FRINGE=1 )
        BMN09034A = ( L=5.850 ANGLE=3.75 DEG E1 = .0 E2 = .0 F1 = .0 FRINGE=1 )
        BMN09435A = ( L=5.850 ANGLE=3.75 DEG E1 = .0 E2 = .0 F1 = .0 FRINGE=1 )
        BMN09536A = ( L=5.850 ANGLE=3.75 DEG E1 = .0 E2 = .0 F1 = .0 FRINGE=1 )
        BMN09637A = ( L=5.850 ANGLE=3.75 DEG E1 = .0 E2 = .0 F1 = .0 FRINGE=1 )
        BMN09738A = ( L=5.850 ANGLE=3.75 DEG E1 = .0 E2 = .0 F1 = .0 FRINGE=1 )
        BMN10139A = ( L=5.850 ANGLE=3.75 DEG E1 = .0 E2 = .0 F1 = .0 FRINGE=1 )
        BMN10240A = ( L=5.850 ANGLE=3.75 DEG E1 = .0 E2 = .0 F1 = .0 FRINGE=1 )
        BMN10341A = ( L=5.850 ANGLE=3.75 DEG E1 = .0 E2 = .0 F1 = .0 FRINGE=1 )
        BMN10442A = ( L=5.850 ANGLE=3.75 DEG E1 = .0 E2 = .0 F1 = .0 FRINGE=1 )
        BMN10843A = ( L=5.850 ANGLE=3.75 DEG E1 = .0 E2 = .0 F1 = .0 FRINGE=1 )
        BMN10944A = ( L=5.850 ANGLE=3.75 DEG E1 = .0 E2 = .0 F1 = .0 FRINGE=1 )
        BMN11045A = ( L=5.850 ANGLE=3.75 DEG E1 = .0 E2 = .0 F1 = .0 FRINGE=1 )
        BMN11146A = ( L=5.850 ANGLE=3.75 DEG E1 = .0 E2 = .0 F1 = .0 FRINGE=1 )
        BMN11547A = ( L=5.850 ANGLE=3.75 DEG E1 = .0 E2 = .0 F1 = .0 FRINGE=1 )
        BMN11648A = ( L=5.850 ANGLE=3.75 DEG E1 = .0 E2 = .0 F1 = .0 FRINGE=1 )
        BMN11749A = ( L=5.850 ANGLE=3.75 DEG E1 = .0 E2 = .0 F1 = .0 FRINGE=1 )
        BMN11850A = ( L=5.850 ANGLE=3.75 DEG E1 = .0 E2 = .0 F1 = .0 FRINGE=1 )
        BMN12251A = ( L=5.850 ANGLE=3.75 DEG E1 = .0 E2 = .0 F1 = .0 FRINGE=1 )
        BMN12352A = ( L=5.850 ANGLE=3.75 DEG E1 = .0 E2 = .0 F1 = .0 FRINGE=1 )
        BMN12453A = ( L=5.850 ANGLE=3.75 DEG E1 = .0 E2 = .0 F1 = .0 FRINGE=1 )
        BMN12554A = ( L=5.850 ANGLE=3.75 DEG E1 = .0 E2 = .0 F1 = .0 FRINGE=1 )
        BMN12955A = ( L=5.850 ANGLE=3.75 DEG E1 = .0 E2 = .0 F1 = .0 FRINGE=1 )
        BMN13056A = ( L=5.850 ANGLE=3.75 DEG E1 = .0 E2 = .0 F1 = .0 FRINGE=1 )
        BMN13157A = ( L=5.850 ANGLE=3.75 DEG E1 = .0 E2 = .0 F1 = .0 FRINGE=1 )
        BMN13258A = ( L=5.850 ANGLE=3.75 DEG E1 = .0 E2 = .0 F1 = .0 FRINGE=1 )
        BMN13659A = ( L=5.850 ANGLE=3.75 DEG E1 = .0 E2 = .0 F1 = .0 FRINGE=1 )
        BMN13760A = ( L=5.850 ANGLE=3.75 DEG E1 = .0 E2 = .0 F1 = .0 FRINGE=1 )
        BMN13861A = ( L=5.850 ANGLE=3.75 DEG E1 = .0 E2 = .0 F1 = .0 FRINGE=1 )
        BMN13962A = ( L=5.850 ANGLE=3.75 DEG E1 = .0 E2 = .0 F1 = .0 FRINGE=1 )
        BMN14363A = ( L=5.850 ANGLE=3.75 DEG E1 = .0 E2 = .0 F1 = .0 FRINGE=1 )
        BMN14464A = ( L=5.850 ANGLE=3.75 DEG E1 = .0 E2 = .0 F1 = .0 FRINGE=1 )
        BMN16165A = ( L=5.850 ANGLE=3.75 DEG E1 = .0 E2 = .0 F1 = .0 FRINGE=1 )
        BMN16266A = ( L=5.850 ANGLE=3.75 DEG E1 = .0 E2 = .0 F1 = .0 FRINGE=1 )
        BMN16667A = ( L=5.850 ANGLE=3.75 DEG E1 = .0 E2 = .0 F1 = .0 FRINGE=1 )
        BMN16768A = ( L=5.850 ANGLE=3.75 DEG E1 = .0 E2 = .0 F1 = .0 FRINGE=1 )
        BMN16869A = ( L=5.850 ANGLE=3.75 DEG E1 = .0 E2 = .0 F1 = .0 FRINGE=1 )
        BMN16970A = ( L=5.850 ANGLE=3.75 DEG E1 = .0 E2 = .0 F1 = .0 FRINGE=1 )
        BMN17371A = ( L=5.850 ANGLE=3.75 DEG E1 = .0 E2 = .0 F1 = .0 FRINGE=1 )
        BMN17472A = ( L=5.850 ANGLE=3.75 DEG E1 = .0 E2 = .0 F1 = .0 FRINGE=1 )
        BMN17573A = ( L=5.850 ANGLE=3.75 DEG E1 = .0 E2 = .0 F1 = .0 FRINGE=1 )
        BMN17674A = ( L=5.850 ANGLE=3.75 DEG E1 = .0 E2 = .0 F1 = .0 FRINGE=1 )
        BMN18075A = ( L=5.850 ANGLE=3.75 DEG E1 = .0 E2 = .0 F1 = .0 FRINGE=1 )
        BMN18176A = ( L=5.850 ANGLE=3.75 DEG E1 = .0 E2 = .0 F1 = .0 FRINGE=1 )
        BMN18277A = ( L=5.850 ANGLE=3.75 DEG E1 = .0 E2 = .0 F1 = .0 FRINGE=1 )
        BMN18378A = ( L=5.850 ANGLE=3.75 DEG E1 = .0 E2 = .0 F1 = .0 FRINGE=1 )
        BMN18779A = ( L=5.850 ANGLE=3.75 DEG E1 = .0 E2 = .0 F1 = .0 FRINGE=1 )
        BMN18880A = ( L=5.850 ANGLE=3.75 DEG E1 = .0 E2 = .0 F1 = .0 FRINGE=1 )
        BMN18981A = ( L=5.850 ANGLE=3.75 DEG E1 = .0 E2 = .0 F1 = .0 FRINGE=1 )
        BMN19082A = ( L=5.850 ANGLE=3.75 DEG E1 = .0 E2 = .0 F1 = .0 FRINGE=1 )
        BMN19483A = ( L=5.850 ANGLE=3.75 DEG E1 = .0 E2 = .0 F1 = .0 FRINGE=1 )
        BMN19584A = ( L=5.850 ANGLE=3.75 DEG E1 = .0 E2 = .0 F1 = .0 FRINGE=1 )
        BMN19685A = ( L=5.850 ANGLE=3.75 DEG E1 = .0 E2 = .0 F1 = .0 FRINGE=1 )
        BMN19786A = ( L=5.850 ANGLE=3.75 DEG E1 = .0 E2 = .0 F1 = .0 FRINGE=1 )
        BMN20187A = ( L=5.850 ANGLE=3.75 DEG E1 = .0 E2 = .0 F1 = .0 FRINGE=1 )
        BMN20288A = ( L=5.850 ANGLE=3.75 DEG E1 = .0 E2 = .0 F1 = .0 FRINGE=1 )
        BMN20389A = ( L=5.850 ANGLE=3.75 DEG E1 = .0 E2 = .0 F1 = .0 FRINGE=1 )
        BMN20490A = ( L=5.850 ANGLE=3.75 DEG E1 = .0 E2 = .0 F1 = .0 FRINGE=1 )
        BMN20891A = ( L=5.850 ANGLE=3.75 DEG E1 = .0 E2 = .0 F1 = .0 FRINGE=1 )
        BMN20992A = ( L=5.850 ANGLE=3.75 DEG E1 = .0 E2 = .0 F1 = .0 FRINGE=1 )
        BMN21093A = ( L=5.850 ANGLE=3.75 DEG E1 = .0 E2 = .0 F1 = .0 FRINGE=1 )
        BMN21194A = ( L=5.850 ANGLE=3.75 DEG E1 = .0 E2 = .0 F1 = .0 FRINGE=1 )
        BMN21595A = ( L=5.850 ANGLE=3.75 DEG E1 = .0 E2 = .0 F1 = .0 FRINGE=1 )
        BMN21696A = ( L=5.850 ANGLE=3.75 DEG E1 = .0 E2 = .0 F1 = .0 FRINGE=1 )
 ;
! BEND
!        BML = ( L=2.925 ANGLE=1.875 DEG E1 = .0 E2 = .0 F1 = .0 FRINGE=0 )
! ;
 MULT
        BMN01701B = ( L=0.0 E1=0. E2=0. F1=0. DISFRIN=1 FRINGE=0)
        BMN01802B = ( L=0.0 E1=0. E2=0. F1=0. DISFRIN=1 FRINGE=0)
        BMN02203B = ( L=0.0 E1=0. E2=0. F1=0. DISFRIN=1 FRINGE=0)
        BMN02304B = ( L=0.0 E1=0. E2=0. F1=0. DISFRIN=1 FRINGE=0)
        BMN02405B = ( L=0.0 E1=0. E2=0. F1=0. DISFRIN=1 FRINGE=0)
        BMN02506B = ( L=0.0 E1=0. E2=0. F1=0. DISFRIN=1 FRINGE=0)
        BMN02907B = ( L=0.0 E1=0. E2=0. F1=0. DISFRIN=1 FRINGE=0)
        BMN03008B = ( L=0.0 E1=0. E2=0. F1=0. DISFRIN=1 FRINGE=0)
        BMN03109B = ( L=0.0 E1=0. E2=0. F1=0. DISFRIN=1 FRINGE=0)
        BMN03210B = ( L=0.0 E1=0. E2=0. F1=0. DISFRIN=1 FRINGE=0)
        BMN03611B = ( L=0.0 E1=0. E2=0. F1=0. DISFRIN=1 FRINGE=0)
        BMN03712B = ( L=0.0 E1=0. E2=0. F1=0. DISFRIN=1 FRINGE=0)
        BMN03813B = ( L=0.0 E1=0. E2=0. F1=0. DISFRIN=1 FRINGE=0)
        BMN03914B = ( L=0.0 E1=0. E2=0. F1=0. DISFRIN=1 FRINGE=0)
        BMN04315B = ( L=0.0 E1=0. E2=0. F1=0. DISFRIN=1 FRINGE=0)
        BMN04416B = ( L=0.0 E1=0. E2=0. F1=0. DISFRIN=1 FRINGE=0)
        BMN04517B = ( L=0.0 E1=0. E2=0. F1=0. DISFRIN=1 FRINGE=0)
        BMN04618B = ( L=0.0 E1=0. E2=0. F1=0. DISFRIN=1 FRINGE=0)
        BMN05019B = ( L=0.0 E1=0. E2=0. F1=0. DISFRIN=1 FRINGE=0)
        BMN05120B = ( L=0.0 E1=0. E2=0. F1=0. DISFRIN=1 FRINGE=0)
        BMN05221B = ( L=0.0 E1=0. E2=0. F1=0. DISFRIN=1 FRINGE=0)
        BMN05322B = ( L=0.0 E1=0. E2=0. F1=0. DISFRIN=1 FRINGE=0)
        BMN05723B = ( L=0.0 E1=0. E2=0. F1=0. DISFRIN=1 FRINGE=0)
        BMN05824B = ( L=0.0 E1=0. E2=0. F1=0. DISFRIN=1 FRINGE=0)
        BMN05925B = ( L=0.0 E1=0. E2=0. F1=0. DISFRIN=1 FRINGE=0)
        BMN06026B = ( L=0.0 E1=0. E2=0. F1=0. DISFRIN=1 FRINGE=0)
        BMN06427B = ( L=0.0 E1=0. E2=0. F1=0. DISFRIN=1 FRINGE=0)
        BMN06528B = ( L=0.0 E1=0. E2=0. F1=0. DISFRIN=1 FRINGE=0)
        BMN06629B = ( L=0.0 E1=0. E2=0. F1=0. DISFRIN=1 FRINGE=0)
        BMN06730B = ( L=0.0 E1=0. E2=0. F1=0. DISFRIN=1 FRINGE=0)
        BMN07131B = ( L=0.0 E1=0. E2=0. F1=0. DISFRIN=1 FRINGE=0)
        BMN07232B = ( L=0.0 E1=0. E2=0. F1=0. DISFRIN=1 FRINGE=0)
        BMN08933B = ( L=0.0 E1=0. E2=0. F1=0. DISFRIN=1 FRINGE=0)
        BMN09034B = ( L=0.0 E1=0. E2=0. F1=0. DISFRIN=1 FRINGE=0)
        BMN09435B = ( L=0.0 E1=0. E2=0. F1=0. DISFRIN=1 FRINGE=0)
        BMN09536B = ( L=0.0 E1=0. E2=0. F1=0. DISFRIN=1 FRINGE=0)
        BMN09637B = ( L=0.0 E1=0. E2=0. F1=0. DISFRIN=1 FRINGE=0)
        BMN09738B = ( L=0.0 E1=0. E2=0. F1=0. DISFRIN=1 FRINGE=0)
        BMN10139B = ( L=0.0 E1=0. E2=0. F1=0. DISFRIN=1 FRINGE=0)
        BMN10240B = ( L=0.0 E1=0. E2=0. F1=0. DISFRIN=1 FRINGE=0)
        BMN10341B = ( L=0.0 E1=0. E2=0. F1=0. DISFRIN=1 FRINGE=0)
        BMN10442B = ( L=0.0 E1=0. E2=0. F1=0. DISFRIN=1 FRINGE=0)
        BMN10843B = ( L=0.0 E1=0. E2=0. F1=0. DISFRIN=1 FRINGE=0)
        BMN10944B = ( L=0.0 E1=0. E2=0. F1=0. DISFRIN=1 FRINGE=0)
        BMN11045B = ( L=0.0 E1=0. E2=0. F1=0. DISFRIN=1 FRINGE=0)
        BMN11146B = ( L=0.0 E1=0. E2=0. F1=0. DISFRIN=1 FRINGE=0)
        BMN11547B = ( L=0.0 E1=0. E2=0. F1=0. DISFRIN=1 FRINGE=0)
        BMN11648B = ( L=0.0 E1=0. E2=0. F1=0. DISFRIN=1 FRINGE=0)
        BMN11749B = ( L=0.0 E1=0. E2=0. F1=0. DISFRIN=1 FRINGE=0)
        BMN11850B = ( L=0.0 E1=0. E2=0. F1=0. DISFRIN=1 FRINGE=0)
        BMN12251B = ( L=0.0 E1=0. E2=0. F1=0. DISFRIN=1 FRINGE=0)
        BMN12352B = ( L=0.0 E1=0. E2=0. F1=0. DISFRIN=1 FRINGE=0)
        BMN12453B = ( L=0.0 E1=0. E2=0. F1=0. DISFRIN=1 FRINGE=0)
        BMN12554B = ( L=0.0 E1=0. E2=0. F1=0. DISFRIN=1 FRINGE=0)
        BMN12955B = ( L=0.0 E1=0. E2=0. F1=0. DISFRIN=1 FRINGE=0)
        BMN13056B = ( L=0.0 E1=0. E2=0. F1=0. DISFRIN=1 FRINGE=0)
        BMN13157B = ( L=0.0 E1=0. E2=0. F1=0. DISFRIN=1 FRINGE=0)
        BMN13258B = ( L=0.0 E1=0. E2=0. F1=0. DISFRIN=1 FRINGE=0)
        BMN13659B = ( L=0.0 E1=0. E2=0. F1=0. DISFRIN=1 FRINGE=0)
        BMN13760B = ( L=0.0 E1=0. E2=0. F1=0. DISFRIN=1 FRINGE=0)
        BMN13861B = ( L=0.0 E1=0. E2=0. F1=0. DISFRIN=1 FRINGE=0)
        BMN13962B = ( L=0.0 E1=0. E2=0. F1=0. DISFRIN=1 FRINGE=0)
        BMN14363B = ( L=0.0 E1=0. E2=0. F1=0. DISFRIN=1 FRINGE=0)
        BMN14464B = ( L=0.0 E1=0. E2=0. F1=0. DISFRIN=1 FRINGE=0)
        BMN16165B = ( L=0.0 E1=0. E2=0. F1=0. DISFRIN=1 FRINGE=0)
        BMN16266B = ( L=0.0 E1=0. E2=0. F1=0. DISFRIN=1 FRINGE=0)
        BMN16667B = ( L=0.0 E1=0. E2=0. F1=0. DISFRIN=1 FRINGE=0)
        BMN16768B = ( L=0.0 E1=0. E2=0. F1=0. DISFRIN=1 FRINGE=0)
        BMN16869B = ( L=0.0 E1=0. E2=0. F1=0. DISFRIN=1 FRINGE=0)
        BMN16970B = ( L=0.0 E1=0. E2=0. F1=0. DISFRIN=1 FRINGE=0)
        BMN17371B = ( L=0.0 E1=0. E2=0. F1=0. DISFRIN=1 FRINGE=0)
        BMN17472B = ( L=0.0 E1=0. E2=0. F1=0. DISFRIN=1 FRINGE=0)
        BMN17573B = ( L=0.0 E1=0. E2=0. F1=0. DISFRIN=1 FRINGE=0)
        BMN17674B = ( L=0.0 E1=0. E2=0. F1=0. DISFRIN=1 FRINGE=0)
        BMN18075B = ( L=0.0 E1=0. E2=0. F1=0. DISFRIN=1 FRINGE=0)
        BMN18176B = ( L=0.0 E1=0. E2=0. F1=0. DISFRIN=1 FRINGE=0)
        BMN18277B = ( L=0.0 E1=0. E2=0. F1=0. DISFRIN=1 FRINGE=0)
        BMN18378B = ( L=0.0 E1=0. E2=0. F1=0. DISFRIN=1 FRINGE=0)
        BMN18779B = ( L=0.0 E1=0. E2=0. F1=0. DISFRIN=1 FRINGE=0)
        BMN18880B = ( L=0.0 E1=0. E2=0. F1=0. DISFRIN=1 FRINGE=0)
        BMN18981B = ( L=0.0 E1=0. E2=0. F1=0. DISFRIN=1 FRINGE=0)
        BMN19082B = ( L=0.0 E1=0. E2=0. F1=0. DISFRIN=1 FRINGE=0)
        BMN19483B = ( L=0.0 E1=0. E2=0. F1=0. DISFRIN=1 FRINGE=0)
        BMN19584B = ( L=0.0 E1=0. E2=0. F1=0. DISFRIN=1 FRINGE=0)
        BMN19685B = ( L=0.0 E1=0. E2=0. F1=0. DISFRIN=1 FRINGE=0)
        BMN19786B = ( L=0.0 E1=0. E2=0. F1=0. DISFRIN=1 FRINGE=0)
        BMN20187B = ( L=0.0 E1=0. E2=0. F1=0. DISFRIN=1 FRINGE=0)
        BMN20288B = ( L=0.0 E1=0. E2=0. F1=0. DISFRIN=1 FRINGE=0)
        BMN20389B = ( L=0.0 E1=0. E2=0. F1=0. DISFRIN=1 FRINGE=0)
        BMN20490B = ( L=0.0 E1=0. E2=0. F1=0. DISFRIN=1 FRINGE=0)
        BMN20891B = ( L=0.0 E1=0. E2=0. F1=0. DISFRIN=1 FRINGE=0)
        BMN20992B = ( L=0.0 E1=0. E2=0. F1=0. DISFRIN=1 FRINGE=0)
        BMN21093B = ( L=0.0 E1=0. E2=0. F1=0. DISFRIN=1 FRINGE=0)
        BMN21194B = ( L=0.0 E1=0. E2=0. F1=0. DISFRIN=1 FRINGE=0)
        BMN21595B = ( L=0.0 E1=0. E2=0. F1=0. DISFRIN=1 FRINGE=0)
        BMN21696B = ( L=0.0 E1=0. E2=0. F1=0. DISFRIN=1 FRINGE=0)
 ;
 LINE
        BMN01701 = ( BMN01701B BMN01701A BMN01701B )
        BMN01802 = ( BMN01802B BMN01802A BMN01802B )
        BMN02203 = ( BMN02203B BMN02203A BMN02203B )
        BMN02304 = ( BMN02304B BMN02304A BMN02304B )
        BMN02405 = ( BMN02405B BMN02405A BMN02405B )
        BMN02506 = ( BMN02506B BMN02506A BMN02506B )
        BMN02907 = ( BMN02907B BMN02907A BMN02907B )
        BMN03008 = ( BMN03008B BMN03008A BMN03008B )
        BMN03109 = ( BMN03109B BMN03109A BMN03109B )
        BMN03210 = ( BMN03210B BMN03210A BMN03210B )
        BMN03611 = ( BMN03611B BMN03611A BMN03611B )
        BMN03712 = ( BMN03712B BMN03712A BMN03712B )
        BMN03813 = ( BMN03813B BMN03813A BMN03813B )
        BMN03914 = ( BMN03914B BMN03914A BMN03914B )
        BMN04315 = ( BMN04315B BMN04315A BMN04315B )
        BMN04416 = ( BMN04416B BMN04416A BMN04416B )
        BMN04517 = ( BMN04517B BMN04517A BMN04517B )
        BMN04618 = ( BMN04618B BMN04618A BMN04618B )
        BMN05019 = ( BMN05019B BMN05019A BMN05019B )
        BMN05120 = ( BMN05120B BMN05120A BMN05120B )
        BMN05221 = ( BMN05221B BMN05221A BMN05221B )
        BMN05322 = ( BMN05322B BMN05322A BMN05322B )
        BMN05723 = ( BMN05723B BMN05723A BMN05723B )
        BMN05824 = ( BMN05824B BMN05824A BMN05824B )
        BMN05925 = ( BMN05925B BMN05925A BMN05925B )
        BMN06026 = ( BMN06026B BMN06026A BMN06026B )
        BMN06427 = ( BMN06427B BMN06427A BMN06427B )
        BMN06528 = ( BMN06528B BMN06528A BMN06528B )
        BMN06629 = ( BMN06629B BMN06629A BMN06629B )
        BMN06730 = ( BMN06730B BMN06730A BMN06730B )
        BMN07131 = ( BMN07131B BMN07131A BMN07131B )
        BMN07232 = ( BMN07232B BMN07232A BMN07232B )
        BMN08933 = ( BMN08933B BMN08933A BMN08933B )
        BMN09034 = ( BMN09034B BMN09034A BMN09034B )
        BMN09435 = ( BMN09435B BMN09435A BMN09435B )
        BMN09536 = ( BMN09536B BMN09536A BMN09536B )
        BMN09637 = ( BMN09637B BMN09637A BMN09637B )
        BMN09738 = ( BMN09738B BMN09738A BMN09738B )
        BMN10139 = ( BMN10139B BMN10139A BMN10139B )
        BMN10240 = ( BMN10240B BMN10240A BMN10240B )
        BMN10341 = ( BMN10341B BMN10341A BMN10341B )
        BMN10442 = ( BMN10442B BMN10442A BMN10442B )
        BMN10843 = ( BMN10843B BMN10843A BMN10843B )
        BMN10944 = ( BMN10944B BMN10944A BMN10944B )
        BMN11045 = ( BMN11045B BMN11045A BMN11045B )
        BMN11146 = ( BMN11146B BMN11146A BMN11146B )
        BMN11547 = ( BMN11547B BMN11547A BMN11547B )
        BMN11648 = ( BMN11648B BMN11648A BMN11648B )
        BMN11749 = ( BMN11749B BMN11749A BMN11749B )
        BMN11850 = ( BMN11850B BMN11850A BMN11850B )
        BMN12251 = ( BMN12251B BMN12251A BMN12251B )
        BMN12352 = ( BMN12352B BMN12352A BMN12352B )
        BMN12453 = ( BMN12453B BMN12453A BMN12453B )
        BMN12554 = ( BMN12554B BMN12554A BMN12554B )
        BMN12955 = ( BMN12955B BMN12955A BMN12955B )
        BMN13056 = ( BMN13056B BMN13056A BMN13056B )
        BMN13157 = ( BMN13157B BMN13157A BMN13157B )
        BMN13258 = ( BMN13258B BMN13258A BMN13258B )
        BMN13659 = ( BMN13659B BMN13659A BMN13659B )
        BMN13760 = ( BMN13760B BMN13760A BMN13760B )
        BMN13861 = ( BMN13861B BMN13861A BMN13861B )
        BMN13962 = ( BMN13962B BMN13962A BMN13962B )
        BMN14363 = ( BMN14363B BMN14363A BMN14363B )
        BMN14464 = ( BMN14464B BMN14464A BMN14464B )
        BMN16165 = ( BMN16165B BMN16165A BMN16165B )
        BMN16266 = ( BMN16266B BMN16266A BMN16266B )
        BMN16667 = ( BMN16667B BMN16667A BMN16667B )
        BMN16768 = ( BMN16768B BMN16768A BMN16768B )
        BMN16869 = ( BMN16869B BMN16869A BMN16869B )
        BMN16970 = ( BMN16970B BMN16970A BMN16970B )
        BMN17371 = ( BMN17371B BMN17371A BMN17371B )
        BMN17472 = ( BMN17472B BMN17472A BMN17472B )
        BMN17573 = ( BMN17573B BMN17573A BMN17573B )
        BMN17674 = ( BMN17674B BMN17674A BMN17674B )
        BMN18075 = ( BMN18075B BMN18075A BMN18075B )
        BMN18176 = ( BMN18176B BMN18176A BMN18176B )
        BMN18277 = ( BMN18277B BMN18277A BMN18277B )
        BMN18378 = ( BMN18378B BMN18378A BMN18378B )
        BMN18779 = ( BMN18779B BMN18779A BMN18779B )
        BMN18880 = ( BMN18880B BMN18880A BMN18880B )
        BMN18981 = ( BMN18981B BMN18981A BMN18981B )
        BMN19082 = ( BMN19082B BMN19082A BMN19082B )
        BMN19483 = ( BMN19483B BMN19483A BMN19483B )
        BMN19584 = ( BMN19584B BMN19584A BMN19584B )
        BMN19685 = ( BMN19685B BMN19685A BMN19685B )
        BMN19786 = ( BMN19786B BMN19786A BMN19786B )
        BMN20187 = ( BMN20187B BMN20187A BMN20187B )
        BMN20288 = ( BMN20288B BMN20288A BMN20288B )
        BMN20389 = ( BMN20389B BMN20389A BMN20389B )
        BMN20490 = ( BMN20490B BMN20490A BMN20490B )
        BMN20891 = ( BMN20891B BMN20891A BMN20891B )
        BMN20992 = ( BMN20992B BMN20992A BMN20992B )
        BMN21093 = ( BMN21093B BMN21093A BMN21093B )
        BMN21194 = ( BMN21194B BMN21194A BMN21194B )
        BMN21595 = ( BMN21595B BMN21595A BMN21595B )
        BMN21696 = ( BMN21696B BMN21696A BMN21696B )
 ;
 BEND
        ZSH00101 = ( L=0.200 )
        ZSH00302 = ( L=0.200 )
        ZSH00603 = ( L=0.200 )
        ZSH00804 = ( L=0.200 )
        ZSH01005 = ( L=0.200 )
        ZSH01306 = ( L=0.200 )
        ZSH01507 = ( L=0.200 )
        ZZSH01708 = ( L=0.200 )
        ZSH01909 = ( L=0.200 )
        ZZSH02210 = ( L=0.200 )
        ZZSH02411 = ( L=0.200 )
        ZSH02612 = ( L=0.200 )
        ZZSH02913 = ( L=0.200 )
        ZZSH03114 = ( L=0.200 )
        ZSH03315 = ( L=0.200 )
        ZZSH03616 = ( L=0.200 )
        ZZSH03817 = ( L=0.200 )
        ZSH04018 = ( L=0.200 )
        ZZSH04319 = ( L=0.200 )
        ZZSH04520 = ( L=0.200 )
        ZSH04721 = ( L=0.200 )
        ZZSH05022 = ( L=0.200 )
        ZZSH05223 = ( L=0.200 )
        ZSH05424 = ( L=0.200 )
        ZZSH05725 = ( L=0.200 )
        ZZSH05926 = ( L=0.200 )
        ZSH06127 = ( L=0.200 )
        ZZSH06428 = ( L=0.200 )
        ZZSH06629 = ( L=0.200 )
        ZSH06830 = ( L=0.200 )
        ZZSH07131 = ( L=0.200 )

        ZSH07332 = ( L=0.200 )
        ZSH07533 = ( L=0.200 )
        ZSH07834 = ( L=0.200 )
        ZSH08035 = ( L=0.200 )
        ZSH08236 = ( L=0.200 )
        ZSH08537 = ( L=0.200 )
        ZSH08738 = ( L=0.200 )
        ZZSH08939 = ( L=0.200 )
        ZSH09140 = ( L=0.200 )
        ZZSH09441 = ( L=0.200 )
        ZZSH09642 = ( L=0.200 )
        ZSH09843 = ( L=0.200 )
        ZZSH10144 = ( L=0.200 )
        ZZSH10345 = ( L=0.200 )
        ZSH10546 = ( L=0.200 )
        ZZSH10847 = ( L=0.200 )
        ZZSH11048 = ( L=0.200 )
        ZSH11249 = ( L=0.200 )
        ZZSH11550 = ( L=0.200 )
        ZZSH11751 = ( L=0.200 )
        ZSH11952 = ( L=0.200 )
        ZZSH12253 = ( L=0.200 )
        ZZSH12454 = ( L=0.200 )
        ZSH12655 = ( L=0.200 )
        ZZSH12956 = ( L=0.200 )
        ZZSH13157 = ( L=0.200 )
        ZSH13358 = ( L=0.200 )
        ZZSH13659 = ( L=0.200 )
        ZZSH13860 = ( L=0.200 )
        ZSH14061 = ( L=0.200 )
        ZZSH14362 = ( L=0.200 )

        ZSH14563 = ( L=0.200 )
        ZSH14764 = ( L=0.200 )
        ZSH15065 = ( L=0.200 )
        ZSH15266 = ( L=0.200 )
        ZSH15467 = ( L=0.200 )
        ZSH15768 = ( L=0.200 )
        ZSH15969 = ( L=0.200 )
        ZZSH16170 = ( L=0.200 )
        ZSH16371 = ( L=0.200 )
        ZZSH16672 = ( L=0.200 )
        ZZSH16873 = ( L=0.200 )
        ZSH17074 = ( L=0.200 )
        ZZSH17375 = ( L=0.200 )
        ZZSH17576 = ( L=0.200 )
        ZSH17777 = ( L=0.200 )
        ZZSH18078 = ( L=0.200 )
        ZZSH18279 = ( L=0.200 )
        ZSH18480 = ( L=0.200 )
        ZZSH18781 = ( L=0.200 )
        ZZSH18982 = ( L=0.200 )
        ZSH19183 = ( L=0.200 )
        ZZSH19484 = ( L=0.200 )
        ZZSH19685 = ( L=0.200 )
        ZSH19886 = ( L=0.200 )
        ZZSH20187 = ( L=0.200 )
        ZZSH20388 = ( L=0.200 )
        ZSH20589 = ( L=0.200 )
        ZZSH20890 = ( L=0.200 )
        ZZSH21091 = ( L=0.200 )
        ZSH21292 = ( L=0.200 )
        ZZSH21593 = ( L=0.200 )

        ZSV00201 = ( L=0.200 ROTATE=-90. DEG )
        ZSV00502 = ( L=0.200 ROTATE=-90. DEG )
        ZSV00703 = ( L=0.200 ROTATE=-90. DEG )
        ZSV00904 = ( L=0.200 ROTATE=-90. DEG )
        ZSV01105 = ( L=0.200 ROTATE=-90. DEG )
        ZSV01406 = ( L=0.200 ROTATE=-90. DEG )
        ZSV01607 = ( L=0.200 ROTATE=-90. DEG )
        ZSV01808 = ( L=0.200 ROTATE=-90. DEG )
        ZSV02109 = ( L=0.200 ROTATE=-90. DEG )
        ZSV02310 = ( L=0.200 ROTATE=-90. DEG )
        ZSV02511 = ( L=0.200 ROTATE=-90. DEG )
        ZSV02812 = ( L=0.200 ROTATE=-90. DEG )
        ZSV03013 = ( L=0.200 ROTATE=-90. DEG )
        ZSV03214 = ( L=0.200 ROTATE=-90. DEG )
        ZSV03515 = ( L=0.200 ROTATE=-90. DEG )
        ZSV03716 = ( L=0.200 ROTATE=-90. DEG )
        ZSV03917 = ( L=0.200 ROTATE=-90. DEG )
        ZSV04218 = ( L=0.200 ROTATE=-90. DEG )
        ZSV04419 = ( L=0.200 ROTATE=-90. DEG )
        ZSV04620 = ( L=0.200 ROTATE=-90. DEG )
        ZSV04921 = ( L=0.200 ROTATE=-90. DEG )
        ZSV05122 = ( L=0.200 ROTATE=-90. DEG )
        ZSV05323 = ( L=0.200 ROTATE=-90. DEG )
        ZSV05624 = ( L=0.200 ROTATE=-90. DEG )
        ZSV05825 = ( L=0.200 ROTATE=-90. DEG )
        ZSV06026 = ( L=0.200 ROTATE=-90. DEG )
        ZSV06327 = ( L=0.200 ROTATE=-90. DEG )
        ZSV06528 = ( L=0.200 ROTATE=-90. DEG )
        ZSV06729 = ( L=0.200 ROTATE=-90. DEG )
        ZSV07030 = ( L=0.200 ROTATE=-90. DEG )
        ZSV07231 = ( L=0.200 ROTATE=-90. DEG )

        ZSV07432 = ( L=0.200 ROTATE=-90. DEG )
        ZSV07733 = ( L=0.200 ROTATE=-90. DEG )
        ZSV07934 = ( L=0.200 ROTATE=-90. DEG )
        ZSV08135 = ( L=0.200 ROTATE=-90. DEG )
        ZSV08336 = ( L=0.200 ROTATE=-90. DEG )
        ZSV08637 = ( L=0.200 ROTATE=-90. DEG )
        ZSV08838 = ( L=0.200 ROTATE=-90. DEG )
        ZSV09039 = ( L=0.200 ROTATE=-90. DEG )
        ZSV09340 = ( L=0.200 ROTATE=-90. DEG )
        ZSV09541 = ( L=0.200 ROTATE=-90. DEG )
        ZSV09742 = ( L=0.200 ROTATE=-90. DEG )
        ZSV10043 = ( L=0.200 ROTATE=-90. DEG )
        ZSV10244 = ( L=0.200 ROTATE=-90. DEG )
        ZSV10445 = ( L=0.200 ROTATE=-90. DEG )
        ZSV10746 = ( L=0.200 ROTATE=-90. DEG )
        ZSV10947 = ( L=0.200 ROTATE=-90. DEG )
        ZSV11148 = ( L=0.200 ROTATE=-90. DEG )
        ZSV11449 = ( L=0.200 ROTATE=-90. DEG )
        ZSV11650 = ( L=0.200 ROTATE=-90. DEG )
        ZSV11851 = ( L=0.200 ROTATE=-90. DEG )
        ZSV12152 = ( L=0.200 ROTATE=-90. DEG )
        ZSV12353 = ( L=0.200 ROTATE=-90. DEG )
        ZSV12554 = ( L=0.200 ROTATE=-90. DEG )
        ZSV12855 = ( L=0.200 ROTATE=-90. DEG )
        ZSV13056 = ( L=0.200 ROTATE=-90. DEG )
        ZSV13257 = ( L=0.200 ROTATE=-90. DEG )
        ZSV13558 = ( L=0.200 ROTATE=-90. DEG )
        ZSV13759 = ( L=0.200 ROTATE=-90. DEG )
        ZSV13960 = ( L=0.200 ROTATE=-90. DEG )
        ZSV14261 = ( L=0.200 ROTATE=-90. DEG )
        ZSV14462 = ( L=0.200 ROTATE=-90. DEG )

        ZSV14663 = ( L=0.200 ROTATE=-90. DEG )
        ZSV14964 = ( L=0.200 ROTATE=-90. DEG )
        ZSV15165 = ( L=0.200 ROTATE=-90. DEG )
        ZSV15366 = ( L=0.200 ROTATE=-90. DEG )
        ZSV15567 = ( L=0.200 ROTATE=-90. DEG )
        ZSV15868 = ( L=0.200 ROTATE=-90. DEG )
        ZSV16069 = ( L=0.200 ROTATE=-90. DEG )
        ZSV16270 = ( L=0.200 ROTATE=-90. DEG )
        ZSV16571 = ( L=0.200 ROTATE=-90. DEG )
        ZSV16772 = ( L=0.200 ROTATE=-90. DEG )
        ZSV16973 = ( L=0.200 ROTATE=-90. DEG )
        ZSV17274 = ( L=0.200 ROTATE=-90. DEG )
        ZSV17475 = ( L=0.200 ROTATE=-90. DEG )
        ZSV17676 = ( L=0.200 ROTATE=-90. DEG )
        ZSV17977 = ( L=0.200 ROTATE=-90. DEG )
        ZSV18178 = ( L=0.200 ROTATE=-90. DEG )
        ZSV18379 = ( L=0.200 ROTATE=-90. DEG )
        ZSV18680 = ( L=0.200 ROTATE=-90. DEG )
        ZSV18881 = ( L=0.200 ROTATE=-90. DEG )
        ZSV19082 = ( L=0.200 ROTATE=-90. DEG )
        ZSV19383 = ( L=0.200 ROTATE=-90. DEG )
        ZSV19584 = ( L=0.200 ROTATE=-90. DEG )
        ZSV19785 = ( L=0.200 ROTATE=-90. DEG )
        ZSV20086 = ( L=0.200 ROTATE=-90. DEG )
        ZSV20287 = ( L=0.200 ROTATE=-90. DEG )
        ZSV20488 = ( L=0.200 ROTATE=-90. DEG )
        ZSV20789 = ( L=0.200 ROTATE=-90. DEG )
        ZSV20990 = ( L=0.200 ROTATE=-90. DEG )
        ZSV21191 = ( L=0.200 ROTATE=-90. DEG )
        ZSV21492 = ( L=0.200 ROTATE=-90. DEG )
        ZSV21693 = ( L=0.200 ROTATE=-90. DEG )
 ;
 MARK
!        MKQCTR   =(OFFSET = -0.5)
        MKIA     =()
        MKAA     =()
        MKIB     =()
        MKAB     =()
        MKIC     =()
        MKAC     =()
 ;
 LINE
!  INSA is fixed based on Tomizawa design on 2008/04/02
!  INSA is fixed based on Tomizawa design on 2005/04/12
!  INSA is fixed based on Tomizawa design on 2004/10/25
        CLSDU00501 = ( LSDU0100501 LSM001 MS000501 LSM002 MS100501 LSM001
                       LSDU0300501 MS2100501 LSDU0400501 BP0200501 LSDU0500501 )
        CLSE00601 = ( LSE0100601 KM0100601 LSE0200601 KM0200601
                      LSE0300601 KM0300601 LSE0400601 KM0400601 LSE0500601 )
        INSA = ( MRK00102 ECQFL PQFLD
                                      LSA00101   ECZ MOH ZSH00101 ECZ   LZQ00101   PQFLU ECQFL ECQ QFS00101 ECQ ECQFL PQFLD
                                      LSB00201   ECZ MOV ZSV00201 ECZ   LZQ00201   PQFLU ECQFL ECQ QDS00201 ECQ ECQFL PQFLD
                                      LSC00301   ECZ MOH ZSH00302 ECZ   LZQ00301   PQFLU ECQFL ECQ QFT00301 ECQ ECQFL PQFLD
                                                    LSFU00401 PLSF LSFU00402  BP0100401  LSFU00403   PQFLU ECQFL ECQ
        MRK00401
                                                                                   QFP00401 ECQ ECQFL PQFLD
                                    CLSDU00501   PQFLU ECQFL ECQ QDT00501 ECQ ECQFL PQFLD  LZQ00501  ECZ MOV ZSV00502 ECZ
                                     CLSE00601   ECZ MOH ZSH00603 ECZ   LZQ00601   PQFLU ECQFL
        MRK00601 MRK00602
                                                                                               ECQ QFR00601 ECQ ECQFL PQFLD
		      LSHBP032   BP0300601
                                      LSH00701   ECZ MOV ZSV00703 ECZ   LZQ00701   PQFLU ECQFL ECQ QDR00701 ECQ ECQFL PQFLD
                                      LSG00801   ECZ MOH ZSH00804 ECZ   LZQ00801   PQFLU ECQFL ECQ QFR00802 ECQ ECQFL PQFLD
                                      LSG00901   ECZ MOV ZSV00904 ECZ   LZQ00901   PQFLU ECQFL ECQ QDR00902 ECQ ECQFL PQFLD
                                      LSH01001   ECZ MOH ZSH01005 ECZ   LZQ01001   PQFLU ECQFL
        MRK01001 MRK01002
                                                                                               ECQ QFR01003 ECQ
        MRK01101 LSE0101101  KM0001101 LSE0301101 KM0101101  LSE0201101 ECZ MOV ZSV01105 ECZ LZQ01101
                                                                                               ECQ QDT01102 MRKQDT ECQ
        LSDD0101201 KM0201201 LSDD0501201 KM0301201 LSDD0201201  MS0101201
        LSDD0301201 MS0201201 LSDD0601201 MS0301201 LSDD0401201
                                                                                      ECQ MRKDMPEX QFP01202 ECQ ECQFL PQFLD
                                      LZQ01301   ECZ MOH ZSH01306 ECZ  LSFD01301   PQFLU ECQFL ECQ QFT01302 ECQ ECQFL PQFLD
                                      LSC01401   ECZ MOV ZSV01406 ECZ   LZQ01401   PQFLU ECQFL ECQ QDS01402 ECQ ECQFL PQFLD
                                      LSB01501   ECZ MOH ZSH01507 ECZ   LZQ01501   PQFLU ECQFL ECQ QFS01502 ECQ ECQFL PQFLD
                                      LSA01601   ECZ MOV ZSV01607 ECZ   LZQ01601   PQFLU ECQFL ECQ QDX01601 ECQ
                 MRK01701 )
        ARCA = ( MRK01702 ECQFL PQFLD
        LQB01701   PBFLU ECB BMN01701 ECB ECBFL PBFLD   LBZ01701   ECZ MOH ZZSH01708 ECZ   LZQ01701   PQFLU ECQFL ECQ QFN01701 ECQ ECQFL PQFLD
        LQB01801   PBFLU ECB BMN01802 ECB ECBFL PBFLD   LBZ01801   ECZ MOV ZSV01808 ECZ   LZQ01801   PQFLU ECQFL ECQ QDN01801 ECQ ECQFL PQFLD
        LQS01901   ECS SDA01901 ECS   LXU01901   ECZ MOH ZSH01909 ECZ   LZQ01901   PQFLU ECQFL ECQ QFX01901 ECQ ECQFL PQFLD
                                      LQS02001   ECS SFA02001 ECS   LFC02001   PQFLU ECQFL ECQ QFX02002 ECQ ECQFL PQFLD
        LXD02101   ECS SDB02101 ECS   LZS02101   ECZ MOV ZSV02109 ECZ   LZQ02101   PQFLU ECQFL ECQ QDN02102 ECQ ECQFL PQFLD
        LQB02201   PBFLU ECB BMN02203 ECB ECBFL PBFLD   LBZ02201   ECZ MOH ZZSH02210 ECZ   LZQ02201   PQFLU ECQFL ECQ QFN02202 ECQ ECQFL PQFLD
        LQB02301   PBFLU ECB BMN02304 ECB ECBFL PBFLD   LBZ02301   ECZ MOV ZSV02310 ECZ   LZQ02301   PQFLU ECQFL ECQ QDX02302 ECQ ECQFL PQFLD
        LQB02401   PBFLU ECB BMN02405 ECB ECBFL PBFLD   LBZ02401   ECZ MOH ZZSH02411 ECZ   LZQ02401   PQFLU ECQFL ECQ QFN02403 ECQ ECQFL PQFLD
        LQB02501   PBFLU ECB BMN02506 ECB ECBFL PBFLD   LBZ02501   ECZ MOV ZSV02511 ECZ   LZQ02501   PQFLU ECQFL ECQ QDN02503 ECQ ECQFL PQFLD
        LQS02601   ECS SDA02602 ECS   LXU02601   ECZ MOH ZSH02612 ECZ   LZQ02601   PQFLU ECQFL ECQ QFX02603 ECQ ECQFL PQFLD
                                      LQS02701   ECS SFA02702 ECS   LFC02701   PQFLU ECQFL ECQ QFX02704 ECQ ECQFL PQFLD
        LXD02801   ECS SDB02802 ECS   LZS02801   ECZ MOV ZSV02812 ECZ   LZQ02801   PQFLU ECQFL ECQ QDN02804 ECQ ECQFL PQFLD
        LQB02901   PBFLU ECB BMN02907 ECB ECBFL PBFLD   LBZ02901   ECZ MOH ZZSH02913 ECZ   LZQ02901   PQFLU ECQFL ECQ QFN02904 ECQ ECQFL PQFLD
        LQB03001   PBFLU ECB BMN03008 ECB ECBFL PBFLD   LBZ03001   ECZ MOV ZSV03013 ECZ   LZQ03001   PQFLU ECQFL ECQ QDX03003 ECQ ECQFL PQFLD
        LQB03101   PBFLU ECB BMN03109 ECB ECBFL PBFLD   LBZ03101   ECZ MOH ZZSH03114 ECZ   LZQ03101   PQFLU ECQFL ECQ QFN03105 ECQ ECQFL PQFLD
        LQB03201   PBFLU ECB BMN03210 ECB ECBFL PBFLD   LBZ03201   ECZ MOV ZSV03214 ECZ   LZQ03201   PQFLU ECQFL ECQ QDN03205 ECQ ECQFL PQFLD
        LQS03301   ECS SDA03303 ECS   LXU03301   ECZ MOH ZSH03315 ECZ   LZQ03301   PQFLU ECQFL ECQ QFX03305 ECQ ECQFL PQFLD
                                      LQS03401   ECS SFA03403 ECS   LFC03401   PQFLU ECQFL ECQ QFX03406 ECQ ECQFL PQFLD
        LXD03501   ECS SDB03503 ECS   LZS03501   ECZ MOV ZSV03515 ECZ   LZQ03501   PQFLU ECQFL ECQ QDN03506 ECQ ECQFL PQFLD
        LQB03601   PBFLU ECB BMN03611 ECB ECBFL PBFLD   LBZ03601   ECZ MOH ZZSH03616 ECZ   LZQ03601   PQFLU ECQFL ECQ QFN03606 ECQ ECQFL PQFLD
        LQB03701   PBFLU ECB BMN03712 ECB ECBFL PBFLD   LBZ03701   ECZ MOV ZSV03716 ECZ   LZQ03701   PQFLU ECQFL ECQ QDX03704 ECQ ECQFL PQFLD
        LQB03801   PBFLU ECB BMN03813 ECB ECBFL PBFLD   LBZ03801   ECZ MOH ZZSH03817 ECZ   LZQ03801   PQFLU ECQFL ECQ QFN03807 ECQ ECQFL PQFLD
        LQB03901   PBFLU ECB BMN03914 ECB ECBFL PBFLD   LBZ03901   ECZ MOV ZSV03917 ECZ   LZQ03901   PQFLU ECQFL ECQ QDN03907 ECQ ECQFL PQFLD
        LQS04001   ECS SDA04004 ECS   LXU04001   ECZ MOH ZSH04018 ECZ   LZQ04001   PQFLU ECQFL ECQ QFX04007 ECQ ECQFL PQFLD
                                      LQS04101   ECS SFA04104 ECS   LFC04101   PQFLU ECQFL ECQ QFX04108 ECQ ECQFL PQFLD
        LXD04201   ECS SDB04204 ECS   LZS04201   ECZ MOV ZSV04218 ECZ   LZQ04201   PQFLU ECQFL ECQ QDN04208 ECQ ECQFL PQFLD
        LQB04301   PBFLU ECB BMN04315 ECB ECBFL PBFLD   LBZ04301   ECZ MOH ZZSH04319 ECZ   LZQ04301   PQFLU ECQFL ECQ QFN04308 ECQ ECQFL PQFLD
        LQB04401   PBFLU ECB BMN04416 ECB ECBFL PBFLD   LBZ04401   ECZ MOV ZSV04419 ECZ   LZQ04401   PQFLU ECQFL ECQ QDX04405 ECQ ECQFL PQFLD
        LQB04501   PBFLU ECB BMN04517 ECB ECBFL PBFLD   LBZ04501   ECZ MOH ZZSH04520 ECZ   LZQ04501   PQFLU ECQFL ECQ QFN04509 ECQ ECQFL PQFLD
        LQB04601   PBFLU ECB BMN04618 ECB ECBFL PBFLD   LBZ04601   ECZ MOV ZSV04620 ECZ   LZQ04601   PQFLU ECQFL ECQ QDN04609 ECQ ECQFL PQFLD
        LQS04701   ECS SDA04705 ECS   LXU04701   ECZ MOH ZSH04721 ECZ   LZQ04701   PQFLU ECQFL ECQ QFX04709 ECQ ECQFL PQFLD
                                      LQS04801   ECS SFA04805 ECS   LFC04801   PQFLU ECQFL ECQ QFX04810 ECQ ECQFL PQFLD
        LXD04901   ECS SDB04905 ECS   LZS04901   ECZ MOV ZSV04921 ECZ   LZQ04901   PQFLU ECQFL ECQ QDN04910 ECQ ECQFL PQFLD
        LQB05001   PBFLU ECB BMN05019 ECB ECBFL PBFLD   LBZ05001   ECZ MOH ZZSH05022 ECZ   LZQ05001   PQFLU ECQFL ECQ QFN05010 ECQ ECQFL PQFLD
        LQB05101   PBFLU ECB BMN05120 ECB ECBFL PBFLD   LBZ05101   ECZ MOV ZSV05122 ECZ   LZQ05101   PQFLU ECQFL ECQ QDX05106 ECQ ECQFL PQFLD
        LQB05201   PBFLU ECB BMN05221 ECB ECBFL PBFLD   LBZ05201   ECZ MOH ZZSH05223 ECZ   LZQ05201   PQFLU ECQFL ECQ QFN05211 ECQ ECQFL PQFLD
        LQB05301   PBFLU ECB BMN05322 ECB ECBFL PBFLD   LBZ05301   ECZ MOV ZSV05323 ECZ   LZQ05301   PQFLU ECQFL ECQ QDN05311 ECQ ECQFL PQFLD
        LQS05401   ECS SDA05406 ECS   LXU05401   ECZ MOH ZSH05424 ECZ   LZQ05401   PQFLU ECQFL ECQ QFX05411 ECQ ECQFL PQFLD
                                      LQS05501   ECS SFA05506 ECS   LFC05501   PQFLU ECQFL ECQ QFX05512 ECQ ECQFL PQFLD
        LXD05601   ECS SDB05606 ECS   LZS05601   ECZ MOV ZSV05624 ECZ   LZQ05601   PQFLU ECQFL ECQ QDN05612 ECQ ECQFL PQFLD
        LQB05701   PBFLU ECB BMN05723 ECB ECBFL PBFLD   LBZ05701   ECZ MOH ZZSH05725 ECZ   LZQ05701   PQFLU ECQFL ECQ QFN05712 ECQ ECQFL PQFLD
        LQB05801   PBFLU ECB BMN05824 ECB ECBFL PBFLD   LBZ05801   ECZ MOV ZSV05825 ECZ   LZQ05801   PQFLU ECQFL ECQ QDX05807 ECQ ECQFL PQFLD
        LQB05901   PBFLU ECB BMN05925 ECB ECBFL PBFLD   LBZ05901   ECZ MOH ZZSH05926 ECZ   LZQ05901   PQFLU ECQFL ECQ QFN05913 ECQ ECQFL PQFLD
        LQB06001   PBFLU ECB BMN06026 ECB ECBFL PBFLD   LBZ06001   ECZ MOV ZSV06026 ECZ   LZQ06001   PQFLU ECQFL ECQ QDN06013 ECQ ECQFL PQFLD
        LQS06101   ECS SDA06107 ECS   LXU06101   ECZ MOH ZSH06127 ECZ   LZQ06101   PQFLU ECQFL ECQ QFX06113 ECQ ECQFL PQFLD
                                      LQS06201   ECS SFA06207 ECS   LFC06201   PQFLU ECQFL ECQ QFX06214 ECQ ECQFL PQFLD
        LXD06301   ECS SDB06307 ECS   LZS06301   ECZ MOV ZSV06327 ECZ   LZQ06301   PQFLU ECQFL ECQ QDN06314 ECQ ECQFL PQFLD
        LQB06401   PBFLU ECB BMN06427 ECB ECBFL PBFLD   LBZ06401   ECZ MOH ZZSH06428 ECZ   LZQ06401   PQFLU ECQFL ECQ QFN06414 ECQ ECQFL PQFLD
        LQB06501   PBFLU ECB BMN06528 ECB ECBFL PBFLD   LBZ06501   ECZ MOV ZSV06528 ECZ   LZQ06501   PQFLU ECQFL ECQ QDX06508 ECQ ECQFL PQFLD
        LQB06601   PBFLU ECB BMN06629 ECB ECBFL PBFLD   LBZ06601   ECZ MOH ZZSH06629 ECZ   LZQ06601   PQFLU ECQFL ECQ QFN06615 ECQ ECQFL PQFLD
        LQB06701   PBFLU ECB BMN06730 ECB ECBFL PBFLD   LBZ06701   ECZ MOV ZSV06729 ECZ   LZQ06701   PQFLU ECQFL ECQ QDN06715 ECQ ECQFL PQFLD
        LQS06801   ECS SDA06808 ECS   LXU06801   ECZ MOH ZSH06830 ECZ   LZQ06801   PQFLU ECQFL ECQ QFX06815 ECQ ECQFL PQFLD
                                      LQS06901   ECS SFA06908 ECS   LFC06901   PQFLU ECQFL ECQ QFX06916 ECQ ECQFL PQFLD
        LXD07001   ECS SDB07008 ECS   LZS07001   ECZ MOV ZSV07030 ECZ   LZQ07001   PQFLU ECQFL ECQ QDN07016 ECQ ECQFL PQFLD
        LQB07101   PBFLU ECB BMN07131 ECB ECBFL PBFLD   LBZ07101   ECZ MOH ZZSH07131 ECZ   LZQ07101   PQFLU ECQFL ECQ QFN07116 ECQ ECQFL PQFLD
        LQB07201   PBFLU ECB BMN07232 ECB ECBFL PBFLD   LBZ07201   ECZ MOV ZSV07231 ECZ   LZQ07201   PQFLU ECQFL ECQ QDX07209 ECQ
                 MRK07301 )
        INSB = ( MRK07302 ECQFL PQFLD
                                      LSA07301   ECZ MOH ZSH07332 ECZ   LZQ07301   PQFLU ECQFL ECQ QFS07303 ECQ ECQFL PQFLD
                                      LSB07401   ECZ MOV ZSV07432 ECZ   LZQ07401   PQFLU ECQFL ECQ QDS07403 ECQ ECQFL PQFLD
                                      LSC07501   ECZ MOH ZSH07533 ECZ   LZQ07501   PQFLU ECQFL ECQ QFT07503 ECQ ECQFL PQFLD
                                                    LSFU07601 PLSF LSFU07602   PQFLU ECQFL ECQ QFP07603 ECQ ECQFL PQFLD
                                      LSDU07701  ECZ MOV ZSV07733 ECZ   LZQ07701   PQFLU ECQFL ECQ QDT07703 ECQ ECQFL PQFLD
                                      LSE07801   ECZ MOH ZSH07834 ECZ   LZQ07801   PQFLU ECQFL ECQ QFR07804 ECQ
        MRK07901 MRK07902 ECQFL PQFLD
                                      LSH07901   ECZ MOV ZSV07934 ECZ   LZQ07901   PQFLU ECQFL ECQ QDR07903 ECQ ECQFL PQFLD
                                      LSG08001   ECZ MOH ZSH08035 ECZ   LZQ08001   PQFLU ECQFL ECQ QFR08005 ECQ ECQFL PQFLD
                                      LSG08101   ECZ MOV ZSV08135 ECZ   LZQ08101   PQFLU ECQFL ECQ QDR08104 ECQ ECQFL PQFLD
                                      LSH08201   ECZ MOH ZSH08236 ECZ   LZQ08201   PQFLU ECQFL ECQ QFR08206 ECQ ECQFL PQFLD
                                      LSE08301   ECZ MOV ZSV08336 ECZ   LZQ08301   PQFLU ECQFL ECQ QDT08304 ECQ ECQFL PQFLD
                                                                   LSDD08401   PQFLU ECQFL ECQ QFP08404 ECQ ECQFL PQFLD
                                      LZQ08501   ECZ MOH ZSH08537 ECZ  LSFD08501   PQFLU ECQFL ECQ QFT08504 ECQ ECQFL PQFLD
                                      LSC08601   ECZ MOV ZSV08637 ECZ   LZQ08601   PQFLU ECQFL ECQ QDS08604 ECQ ECQFL PQFLD
                                      LSB08701   ECZ MOH ZSH08738 ECZ   LZQ08701   PQFLU ECQFL ECQ QFS08704 ECQ ECQFL PQFLD
                                      LSA08801   ECZ MOV ZSV08838 ECZ   LZQ08801   PQFLU ECQFL ECQ QDX08810 ECQ
                 MRK08901 )
        ARCB = ( MRK08902 ECQFL PQFLD
        LQB08901   PBFLU ECB BMN08933 ECB ECBFL PBFLD   LBZ08901   ECZ MOH ZZSH08939 ECZ   LZQ08901   PQFLU ECQFL ECQ QFN08917 ECQ ECQFL PQFLD
        LQB09001   PBFLU ECB BMN09034 ECB ECBFL PBFLD   LBZ09001   ECZ MOV ZSV09039 ECZ   LZQ09001   PQFLU ECQFL ECQ QDN09017 ECQ ECQFL PQFLD
        LQS09101   ECS SDA09109 ECS   LXU09101   ECZ MOH ZSH09140 ECZ   LZQ09101   PQFLU ECQFL ECQ QFX09117 ECQ ECQFL PQFLD
                                      LQS09201   ECS SFA09209 ECS   LFC09201   PQFLU ECQFL ECQ QFX09218 ECQ ECQFL PQFLD
        LXD09301   ECS SDB09309 ECS   LZS09301   ECZ MOV ZSV09340 ECZ   LZQ09301   PQFLU ECQFL ECQ QDN09318 ECQ ECQFL PQFLD
        LQB09401   PBFLU ECB BMN09435 ECB ECBFL PBFLD   LBZ09401   ECZ MOH ZZSH09441 ECZ   LZQ09401   PQFLU ECQFL ECQ QFN09418 ECQ ECQFL PQFLD
        LQB09501   PBFLU ECB BMN09536 ECB ECBFL PBFLD   LBZ09501   ECZ MOV ZSV09541 ECZ   LZQ09501   PQFLU ECQFL ECQ QDX09511 ECQ ECQFL PQFLD
        LQB09601   PBFLU ECB BMN09637 ECB ECBFL PBFLD   LBZ09601   ECZ MOH ZZSH09642 ECZ   LZQ09601   PQFLU ECQFL ECQ QFN09619 ECQ ECQFL PQFLD
        LQB09701   PBFLU ECB BMN09738 ECB ECBFL PBFLD   LBZ09701   ECZ MOV ZSV09742 ECZ   LZQ09701   PQFLU ECQFL ECQ QDN09719 ECQ ECQFL PQFLD
        LQS09801   ECS SDA09810 ECS   LXU09801   ECZ MOH ZSH09843 ECZ   LZQ09801   PQFLU ECQFL ECQ QFX09819 ECQ ECQFL PQFLD
                                      LQS09901   ECS SFA09910 ECS   LFC09901   PQFLU ECQFL ECQ QFX09920 ECQ ECQFL PQFLD
        LXD10001   ECS SDB10010 ECS   LZS10001   ECZ MOV ZSV10043 ECZ   LZQ10001   PQFLU ECQFL ECQ QDN10020 ECQ ECQFL PQFLD
        LQB10101   PBFLU ECB BMN10139 ECB ECBFL PBFLD   LBZ10101   ECZ MOH ZZSH10144 ECZ   LZQ10101   PQFLU ECQFL ECQ QFN10120 ECQ ECQFL PQFLD
        LQB10201   PBFLU ECB BMN10240 ECB ECBFL PBFLD   LBZ10201   ECZ MOV ZSV10244 ECZ   LZQ10201   PQFLU ECQFL ECQ QDX10212 ECQ ECQFL PQFLD
        LQB10301   PBFLU ECB BMN10341 ECB ECBFL PBFLD   LBZ10301   ECZ MOH ZZSH10345 ECZ   LZQ10301   PQFLU ECQFL ECQ QFN10321 ECQ ECQFL PQFLD
        LQB10401   PBFLU ECB BMN10442 ECB ECBFL PBFLD   LBZ10401   ECZ MOV ZSV10445 ECZ   LZQ10401   PQFLU ECQFL ECQ QDN10421 ECQ ECQFL PQFLD
        LQS10501   ECS SDA10511 ECS   LXU10501   ECZ MOH ZSH10546 ECZ   LZQ10501   PQFLU ECQFL ECQ QFX10521 ECQ ECQFL PQFLD
                                      LQS10601   ECS SFA10611 ECS   LFC10601   PQFLU ECQFL ECQ QFX10622 ECQ ECQFL PQFLD
        LXD10701   ECS SDB10711 ECS   LZS10701   ECZ MOV ZSV10746 ECZ   LZQ10701   PQFLU ECQFL ECQ QDN10722 ECQ ECQFL PQFLD
        LQB10801   PBFLU ECB BMN10843 ECB ECBFL PBFLD   LBZ10801   ECZ MOH ZZSH10847 ECZ   LZQ10801   PQFLU ECQFL ECQ QFN10822 ECQ ECQFL PQFLD
        LQB10901   PBFLU ECB BMN10944 ECB ECBFL PBFLD   LBZ10901   ECZ MOV ZSV10947 ECZ   LZQ10901   PQFLU ECQFL ECQ QDX10913 ECQ ECQFL PQFLD
        LQB11001   PBFLU ECB BMN11045 ECB ECBFL PBFLD   LBZ11001   ECZ MOH ZZSH11048 ECZ   LZQ11001   PQFLU ECQFL ECQ QFN11023 ECQ ECQFL PQFLD
        LQB11101   PBFLU ECB BMN11146 ECB ECBFL PBFLD   LBZ11101   ECZ MOV ZSV11148 ECZ   LZQ11101   PQFLU ECQFL ECQ QDN11123 ECQ ECQFL PQFLD
        LQS11201   ECS SDA11212 ECS   LXU11201   ECZ MOH ZSH11249 ECZ   LZQ11201   PQFLU ECQFL ECQ QFX11223 ECQ ECQFL PQFLD
                                      LQS11301   ECS SFA11312 ECS   LFC11301   PQFLU ECQFL ECQ QFX11324 ECQ ECQFL PQFLD
        LXD11401   ECS SDB11412 ECS   LZS11401   ECZ MOV ZSV11449 ECZ   LZQ11401   PQFLU ECQFL ECQ QDN11424 ECQ ECQFL PQFLD
        LQB11501   PBFLU ECB BMN11547 ECB ECBFL PBFLD   LBZ11501   ECZ MOH ZZSH11550 ECZ   LZQ11501   PQFLU ECQFL ECQ QFN11524 ECQ ECQFL PQFLD
        LQB11601   PBFLU ECB BMN11648 ECB ECBFL PBFLD   LBZ11601   ECZ MOV ZSV11650 ECZ   LZQ11601   PQFLU ECQFL ECQ QDX11614 ECQ ECQFL PQFLD
        LQB11701   PBFLU ECB BMN11749 ECB ECBFL PBFLD   LBZ11701   ECZ MOH ZZSH11751 ECZ   LZQ11701   PQFLU ECQFL ECQ QFN11725 ECQ ECQFL PQFLD
        LQB11801   PBFLU ECB BMN11850 ECB ECBFL PBFLD   LBZ11801   ECZ MOV ZSV11851 ECZ   LZQ11801   PQFLU ECQFL ECQ QDN11825 ECQ ECQFL PQFLD
        LQS11901   ECS SDA11913 ECS   LXU11901   ECZ MOH ZSH11952 ECZ   LZQ11901   PQFLU ECQFL ECQ QFX11925 ECQ ECQFL PQFLD
                                      LQS12001   ECS SFA12013 ECS   LFC12001   PQFLU ECQFL ECQ QFX12026 ECQ ECQFL PQFLD
        LXD12101   ECS SDB12113 ECS   LZS12101   ECZ MOV ZSV12152 ECZ   LZQ12101   PQFLU ECQFL ECQ QDN12126 ECQ ECQFL PQFLD
        LQB12201   PBFLU ECB BMN12251 ECB ECBFL PBFLD   LBZ12201   ECZ MOH ZZSH12253 ECZ   LZQ12201   PQFLU ECQFL ECQ QFN12226 ECQ ECQFL PQFLD
        LQB12301   PBFLU ECB BMN12352 ECB ECBFL PBFLD   LBZ12301   ECZ MOV ZSV12353 ECZ   LZQ12301   PQFLU ECQFL ECQ QDX12315 ECQ ECQFL PQFLD
        LQB12401   PBFLU ECB BMN12453 ECB ECBFL PBFLD   LBZ12401   ECZ MOH ZZSH12454 ECZ   LZQ12401   PQFLU ECQFL ECQ QFN12427 ECQ ECQFL PQFLD
        LQB12501   PBFLU ECB BMN12554 ECB ECBFL PBFLD   LBZ12501   ECZ MOV ZSV12554 ECZ   LZQ12501   PQFLU ECQFL ECQ QDN12527 ECQ ECQFL PQFLD
        LQS12601   ECS SDA12614 ECS   LXU12601   ECZ MOH ZSH12655 ECZ   LZQ12601   PQFLU ECQFL ECQ QFX12627 ECQ ECQFL PQFLD
                                      LQS12701   ECS SFA12714 ECS   LFC12701   PQFLU ECQFL ECQ QFX12728 ECQ ECQFL PQFLD
        LXD12801   ECS SDB12814 ECS   LZS12801   ECZ MOV ZSV12855 ECZ   LZQ12801   PQFLU ECQFL ECQ QDN12828 ECQ ECQFL PQFLD
        LQB12901   PBFLU ECB BMN12955 ECB ECBFL PBFLD   LBZ12901   ECZ MOH ZZSH12956 ECZ   LZQ12901   PQFLU ECQFL ECQ QFN12928 ECQ ECQFL PQFLD
        LQB13001   PBFLU ECB BMN13056 ECB ECBFL PBFLD   LBZ13001   ECZ MOV ZSV13056 ECZ   LZQ13001   PQFLU ECQFL ECQ QDX13016 ECQ ECQFL PQFLD
        LQB13101   PBFLU ECB BMN13157 ECB ECBFL PBFLD   LBZ13101   ECZ MOH ZZSH13157 ECZ   LZQ13101   PQFLU ECQFL ECQ QFN13129 ECQ ECQFL PQFLD
        LQB13201   PBFLU ECB BMN13258 ECB ECBFL PBFLD   LBZ13201   ECZ MOV ZSV13257 ECZ   LZQ13201   PQFLU ECQFL ECQ QDN13229 ECQ ECQFL PQFLD
        LQS13301   ECS SDA13315 ECS   LXU13301   ECZ MOH ZSH13358 ECZ   LZQ13301   PQFLU ECQFL ECQ QFX13329 ECQ ECQFL PQFLD
                                      LQS13401   ECS SFA13415 ECS   LFC13401   PQFLU ECQFL ECQ QFX13430 ECQ ECQFL PQFLD
        LXD13501   ECS SDB13515 ECS   LZS13501   ECZ MOV ZSV13558 ECZ   LZQ13501   PQFLU ECQFL ECQ QDN13530 ECQ ECQFL PQFLD
        LQB13601   PBFLU ECB BMN13659 ECB ECBFL PBFLD   LBZ13601   ECZ MOH ZZSH13659 ECZ   LZQ13601   PQFLU ECQFL ECQ QFN13630 ECQ ECQFL PQFLD
        LQB13701   PBFLU ECB BMN13760 ECB ECBFL PBFLD   LBZ13701   ECZ MOV ZSV13759 ECZ   LZQ13701   PQFLU ECQFL ECQ QDX13717 ECQ ECQFL PQFLD
        LQB13801   PBFLU ECB BMN13861 ECB ECBFL PBFLD   LBZ13801   ECZ MOH ZZSH13860 ECZ   LZQ13801   PQFLU ECQFL ECQ QFN13831 ECQ ECQFL PQFLD
        LQB13901   PBFLU ECB BMN13962 ECB ECBFL PBFLD   LBZ13901   ECZ MOV ZSV13960 ECZ   LZQ13901   PQFLU ECQFL ECQ QDN13931 ECQ ECQFL PQFLD
        LQS14001   ECS SDA14016 ECS   LXU14001   ECZ MOH ZSH14061 ECZ   LZQ14001   PQFLU ECQFL ECQ QFX14031 ECQ ECQFL PQFLD
                                      LQS14101   ECS SFA14116 ECS   LFC14101   PQFLU ECQFL ECQ QFX14132 ECQ ECQFL PQFLD
        LXD14201   ECS SDB14216 ECS   LZS14201   ECZ MOV ZSV14261 ECZ   LZQ14201   PQFLU ECQFL ECQ QDN14232 ECQ ECQFL PQFLD
        LQB14301   PBFLU ECB BMN14363 ECB ECBFL PBFLD   LBZ14301   ECZ MOH ZZSH14362 ECZ   LZQ14301   PQFLU ECQFL ECQ QFN14332 ECQ ECQFL PQFLD
        LQB14401   PBFLU ECB BMN14464 ECB ECBFL PBFLD   LBZ14401   ECZ MOV ZSV14462 ECZ   LZQ14401   PQFLU ECQFL ECQ QDX14418 ECQ
                 MRK14501 )
!  INSC is fixed based on Tomizawa design on 2004/10/25
        CLSE15001 = (
                                                                   LSE0115001   KM0015001   LSE0215001 )
        CLSH15101 = (
                                                                   LSH0115101   KM0115101   LSH0215101 )
        CLSG15201 = (
                                          LSG0115201   KM0215201   LSG0215201   KM0315201   LSG0315201 )
        CLSG15301 = (
                                          LSG0115301   KM0415301   LSG0215301   KM0515301   LSG0315301 )
        CLSE15501 = (
                                                       LSE0115501   MS1115501   LSE0215501   MS1215501
                                          LSE0315501   MS2115501   LSE0415501   MS2215501   LSE0515501 )
        CLSDD15601 = (
                                                     LSDD0115601   MS3015601   LSDD0215601   MS3115601
                                       LSDD0315601   MS3215601   LSDD0415601   MS3315601   LSDD0515601 )
        INSC = ( MRK14502 ECQFL PQFLD
                                      LSA14501   ECZ MOH ZSH14563 ECZ   LZQ14501   PQFLU ECQFL ECQ QFS14505 ECQ ECQFL PQFLD
        CAI1
                                      LSB14601   ECZ MOV ZSV14663 ECZ   LZQ14601   PQFLU ECQFL ECQ QDS14605 ECQ ECQFL PQFLD
                                      LSC14701   ECZ MOH ZSH14764 ECZ   LZQ14701   PQFLU ECQFL ECQ QFT14705 ECQ ECQFL PQFLD
                                                    LSFU14801 PLSF LSFU14802   PQFLU ECQFL ECQ QFP14805 ECQ ECQFL PQFLD
                                     LSDU14901   ECZ MOV ZSV14964 ECZ   LZQ14901   PQFLU ECQFL ECQ QDT14905 MRKFAST ECQ
        LSE0115001 KM0015001 LSE0215001   ECZ MOH ZSH15065 ECZ
                                                                                      LZQ15001 ECQ QFR15007 ECQ
        MRK15101 MRK15102  LSH0115101 KM0115101 LSH0215101
                                                                     ECZ MOV ZSV15165 ECZ LZQ15101 ECQ QDR15105 ECQ
        LSG0115201 KM0215201 LSG0215201 KM0315201 LSG0315201
                                                                     ECZ MOH ZSH15266 ECZ LZQ15201 ECQ QFR15208 ECQ
        LSG0115301 KM0415301 LSG0215301 KM0515301 LSG0315301
                                                                     ECZ MOV ZSV15366 ECZ LZQ15301 ECQ QDR15306 ECQ

                                                            LSH15401 ECZ MOH ZSH15467 ECZ LZQ15401 ECQ QFR15409 ECQ
        LSE0115501 MS1115501 LSE0215501 MS1215501 LSE0315501 MS2115501 LSE0415501 MS2215501 LSE0515501
                                                                     ECZ MOV ZSV15567 ECZ LZQ15501 ECQ QDT15506 ECQ
        LSDD0115601 MS3015601 LSDD0215601 MS3115601 LSDD0315601 MS3215601
        LSDD0415601 MS3315601 LSDD0515601
                                                                                      ECQ MRK15601 QFP15606 ECQ ECQFL PQFLD
                                      LZQ15701   ECZ MOH ZSH15768 ECZ  LSFD15701   PQFLU ECQFL ECQ QFT15706 ECQ ECQFL PQFLD
                                      LSC15801   ECZ MOV ZSV15868 ECZ   LZQ15801   PQFLU ECQFL ECQ QDS15806 ECQ ECQFL PQFLD
                                      LSB15901   ECZ MOH ZSH15969 ECZ   LZQ15901   PQFLU ECQFL ECQ QFS15906 ECQ ECQFL PQFLD
                                      LSA16001   ECZ MOV ZSV16069 ECZ   LZQ16001   PQFLU ECQFL ECQ QDX16019 ECQ
                MRK16101 )
        ARCC =( MRK16102 ECQFL PQFLD
        LQB16101   PBFLU ECB BMN16165 ECB ECBFL PBFLD   LBZ16101   ECZ MOH ZZSH16170 ECZ   LZQ16101   PQFLU ECQFL ECQ QFN16133 ECQ ECQFL PQFLD
        LQB16201   PBFLU ECB BMN16266 ECB ECBFL PBFLD   LBZ16201   ECZ MOV ZSV16270 ECZ   LZQ16201   PQFLU ECQFL ECQ QDN16233 ECQ ECQFL PQFLD
        LQS16301   ECS SDA16317 ECS   LXU16301   ECZ MOH ZSH16371 ECZ   LZQ16301   PQFLU ECQFL ECQ QFX16333 ECQ ECQFL PQFLD
                                      LQS16401   ECS SFA16417 ECS   LFC16401   PQFLU ECQFL ECQ QFX16434 ECQ ECQFL PQFLD
        LXD16501   ECS SDB16517 ECS   LZS16501   ECZ MOV ZSV16571 ECZ   LZQ16501   PQFLU ECQFL ECQ QDN16534 ECQ ECQFL PQFLD
        LQB16601   PBFLU ECB BMN16667 ECB ECBFL PBFLD   LBZ16601   ECZ MOH ZZSH16672 ECZ   LZQ16601   PQFLU ECQFL ECQ QFN16634 ECQ ECQFL PQFLD
        LQB16701   PBFLU ECB BMN16768 ECB ECBFL PBFLD   LBZ16701   ECZ MOV ZSV16772 ECZ   LZQ16701   PQFLU ECQFL ECQ QDX16720 ECQ ECQFL PQFLD
        LQB16801   PBFLU ECB BMN16869 ECB ECBFL PBFLD   LBZ16801   ECZ MOH ZZSH16873 ECZ   LZQ16801   PQFLU ECQFL ECQ QFN16835 ECQ ECQFL PQFLD
        LQB16901   PBFLU ECB BMN16970 ECB ECBFL PBFLD   LBZ16901   ECZ MOV ZSV16973 ECZ   LZQ16901   PQFLU ECQFL ECQ QDN16935 ECQ ECQFL PQFLD
        LQS17001   ECS SDA17018 ECS   LXU17001   ECZ MOH ZSH17074 ECZ   LZQ17001   PQFLU ECQFL ECQ QFX17035 ECQ ECQFL PQFLD
                                      LQS17101   ECS SFA17118 ECS   LFC17101   PQFLU ECQFL ECQ QFX17136 ECQ ECQFL PQFLD
        LXD17201   ECS SDB17218 ECS   LZS17201   ECZ MOV ZSV17274 ECZ   LZQ17201   PQFLU ECQFL ECQ QDN17236 ECQ ECQFL PQFLD
        LQB17301   PBFLU ECB BMN17371 ECB ECBFL PBFLD   LBZ17301   ECZ MOH ZZSH17375 ECZ   LZQ17301   PQFLU ECQFL ECQ QFN17336 ECQ ECQFL PQFLD
        LQB17401   PBFLU ECB BMN17472 ECB ECBFL PBFLD   LBZ17401   ECZ MOV ZSV17475 ECZ   LZQ17401   PQFLU ECQFL ECQ QDX17421 ECQ ECQFL PQFLD
        LQB17501   PBFLU ECB BMN17573 ECB ECBFL PBFLD   LBZ17501   ECZ MOH ZZSH17576 ECZ   LZQ17501   PQFLU ECQFL ECQ QFN17537 ECQ ECQFL PQFLD
        LQB17601   PBFLU ECB BMN17674 ECB ECBFL PBFLD   LBZ17601   ECZ MOV ZSV17676 ECZ   LZQ17601   PQFLU ECQFL ECQ QDN17637 ECQ ECQFL PQFLD
        LQS17701   ECS SDA17719 ECS   LXU17701   ECZ MOH ZSH17777 ECZ   LZQ17701   PQFLU ECQFL ECQ QFX17737 ECQ ECQFL PQFLD
                                      LQS17801   ECS SFA17819 ECS   LFC17801   PQFLU ECQFL ECQ QFX17838 ECQ ECQFL PQFLD
        LXD17901   ECS SDB17919 ECS   LZS17901   ECZ MOV ZSV17977 ECZ   LZQ17901   PQFLU ECQFL ECQ QDN17938 ECQ ECQFL PQFLD
        LQB18001   PBFLU ECB BMN18075 ECB ECBFL PBFLD   LBZ18001   ECZ MOH ZZSH18078 ECZ   LZQ18001   PQFLU ECQFL ECQ QFN18038 ECQ ECQFL PQFLD
        LQB18101   PBFLU ECB BMN18176 ECB ECBFL PBFLD   LBZ18101   ECZ MOV ZSV18178 ECZ   LZQ18101   PQFLU ECQFL ECQ QDX18122 ECQ ECQFL PQFLD
        LQB18201   PBFLU ECB BMN18277 ECB ECBFL PBFLD   LBZ18201   ECZ MOH ZZSH18279 ECZ   LZQ18201   PQFLU ECQFL ECQ QFN18239 ECQ ECQFL PQFLD
        LQB18301   PBFLU ECB BMN18378 ECB ECBFL PBFLD   LBZ18301   ECZ MOV ZSV18379 ECZ   LZQ18301   PQFLU ECQFL ECQ QDN18339 ECQ ECQFL PQFLD
        LQS18401   ECS SDA18420 ECS   LXU18401   ECZ MOH ZSH18480 ECZ   LZQ18401   PQFLU ECQFL ECQ QFX18439 ECQ ECQFL PQFLD
                                      LQS18501   ECS SFA18520 ECS   LFC18501   PQFLU ECQFL ECQ QFX18540 ECQ ECQFL PQFLD
        LXD18601   ECS SDB18620 ECS   LZS18601   ECZ MOV ZSV18680 ECZ   LZQ18601   PQFLU ECQFL ECQ QDN18640 ECQ ECQFL PQFLD
        LQB18701   PBFLU ECB BMN18779 ECB ECBFL PBFLD   LBZ18701   ECZ MOH ZZSH18781 ECZ   LZQ18701   PQFLU ECQFL ECQ QFN18740 ECQ ECQFL PQFLD
        LQB18801   PBFLU ECB BMN18880 ECB ECBFL PBFLD   LBZ18801   ECZ MOV ZSV18881 ECZ   LZQ18801   PQFLU ECQFL ECQ QDX18823 ECQ ECQFL PQFLD
        LQB18901   PBFLU ECB BMN18981 ECB ECBFL PBFLD   LBZ18901   ECZ MOH ZZSH18982 ECZ   LZQ18901   PQFLU ECQFL ECQ QFN18941 ECQ ECQFL PQFLD
        LQB19001   PBFLU ECB BMN19082 ECB ECBFL PBFLD   LBZ19001   ECZ MOV ZSV19082 ECZ   LZQ19001   PQFLU ECQFL ECQ QDN19041 ECQ ECQFL PQFLD
        LQS19101   ECS SDA19121 ECS   LXU19101   ECZ MOH ZSH19183 ECZ   LZQ19101   PQFLU ECQFL ECQ QFX19141 ECQ ECQFL PQFLD
                                      LQS19201   ECS SFA19221 ECS   LFC19201   PQFLU ECQFL ECQ QFX19242 ECQ ECQFL PQFLD
        LXD19301   ECS SDB19321 ECS   LZS19301   ECZ MOV ZSV19383 ECZ   LZQ19301   PQFLU ECQFL ECQ QDN19342 ECQ ECQFL PQFLD
        LQB19401   PBFLU ECB BMN19483 ECB ECBFL PBFLD   LBZ19401   ECZ MOH ZZSH19484 ECZ   LZQ19401   PQFLU ECQFL ECQ QFN19442 ECQ ECQFL PQFLD
        LQB19501   PBFLU ECB BMN19584 ECB ECBFL PBFLD   LBZ19501   ECZ MOV ZSV19584 ECZ   LZQ19501   PQFLU ECQFL ECQ QDX19524 ECQ ECQFL PQFLD
        LQB19601   PBFLU ECB BMN19685 ECB ECBFL PBFLD   LBZ19601   ECZ MOH ZZSH19685 ECZ   LZQ19601   PQFLU ECQFL ECQ QFN19643 ECQ ECQFL PQFLD
        LQB19701   PBFLU ECB BMN19786 ECB ECBFL PBFLD   LBZ19701   ECZ MOV ZSV19785 ECZ   LZQ19701   PQFLU ECQFL ECQ QDN19743 ECQ ECQFL PQFLD
        LQS19801   ECS SDA19822 ECS   LXU19801   ECZ MOH ZSH19886 ECZ   LZQ19801   PQFLU ECQFL ECQ QFX19843 ECQ ECQFL PQFLD
                                      LQS19901   ECS SFA19922 ECS   LFC19901   PQFLU ECQFL ECQ QFX19944 ECQ ECQFL PQFLD
        LXD20001   ECS SDB20022 ECS   LZS20001   ECZ MOV ZSV20086 ECZ   LZQ20001   PQFLU ECQFL ECQ QDN20044 ECQ ECQFL PQFLD
        LQB20101   PBFLU ECB BMN20187 ECB ECBFL PBFLD   LBZ20101   ECZ MOH ZZSH20187 ECZ   LZQ20101   PQFLU ECQFL ECQ QFN20144 ECQ ECQFL PQFLD
        LQB20201   PBFLU ECB BMN20288 ECB ECBFL PBFLD   LBZ20201   ECZ MOV ZSV20287 ECZ   LZQ20201   PQFLU ECQFL ECQ QDX20225 ECQ ECQFL PQFLD
        LQB20301   PBFLU ECB BMN20389 ECB ECBFL PBFLD   LBZ20301   ECZ MOH ZZSH20388 ECZ   LZQ20301   PQFLU ECQFL ECQ QFN20345 ECQ ECQFL PQFLD
        LQB20401   PBFLU ECB BMN20490 ECB ECBFL PBFLD   LBZ20401   ECZ MOV ZSV20488 ECZ   LZQ20401   PQFLU ECQFL ECQ QDN20445 ECQ ECQFL PQFLD
        LQS20501   ECS SDA20523 ECS   LXU20501   ECZ MOH ZSH20589 ECZ   LZQ20501   PQFLU ECQFL ECQ QFX20545 ECQ ECQFL PQFLD
                                      LQS20601   ECS SFA20623 ECS   LFC20601   PQFLU ECQFL ECQ QFX20646 ECQ ECQFL PQFLD
        LXD20701   ECS SDB20723 ECS   LZS20701   ECZ MOV ZSV20789 ECZ   LZQ20701   PQFLU ECQFL ECQ QDN20746 ECQ ECQFL PQFLD
        LQB20801   PBFLU ECB BMN20891 ECB ECBFL PBFLD   LBZ20801   ECZ MOH ZZSH20890 ECZ   LZQ20801   PQFLU ECQFL ECQ QFN20846 ECQ ECQFL PQFLD
        LQB20901   PBFLU ECB BMN20992 ECB ECBFL PBFLD   LBZ20901   ECZ MOV ZSV20990 ECZ   LZQ20901   PQFLU ECQFL ECQ QDX20926 ECQ ECQFL PQFLD
        LQB21001   PBFLU ECB BMN21093 ECB ECBFL PBFLD   LBZ21001   ECZ MOH ZZSH21091 ECZ   LZQ21001   PQFLU ECQFL ECQ QFN21047 ECQ ECQFL PQFLD
        LQB21101   PBFLU ECB BMN21194 ECB ECBFL PBFLD   LBZ21101   ECZ MOV ZSV21191 ECZ   LZQ21101   PQFLU ECQFL ECQ QDN21147 ECQ ECQFL PQFLD
        LQS21201   ECS SDA21224 ECS   LXU21201   ECZ MOH ZSH21292 ECZ   LZQ21201   PQFLU ECQFL ECQ QFX21247 ECQ ECQFL PQFLD
                                      LQS21301   ECS SFA21324 ECS   LFC21301   PQFLU ECQFL ECQ QFX21348 ECQ ECQFL PQFLD
        LXD21401   ECS SDB21424 ECS   LZS21401   ECZ MOV ZSV21492 ECZ   LZQ21401   PQFLU ECQFL ECQ QDN21448 ECQ ECQFL PQFLD
        LQB21501   PBFLU ECB BMN21595 ECB ECBFL PBFLD   LBZ21501   ECZ MOH ZZSH21593 ECZ   LZQ21501   PQFLU ECQFL ECQ QFN21548 ECQ ECQFL PQFLD
        LQB21601   PBFLU ECB BMN21696 ECB ECBFL PBFLD   LBZ21601   ECZ MOV ZSV21693 ECZ   LZQ21601   PQFLU ECQFL ECQ QDX21627 ECQ
        MRK00101 )
        RNG     =( REF INSA ARCA INSB ARCB INSC ARCC END )
        INSAi   =( -INSA )
        INSBi   =( -INSB )
        INSCi   =( -INSC )
        RNGi    =( -RNG )
 ;
 LINE
        INSA001 = ( MRK00101 MRK00102 ECQFL PQFLD
                                      LSA00101   ECZ MOH ZSH00101 ECZ   LZQ00101   PQFLU ECQFL ECQ QFS00101 ECQ ECQFL PQFLD
                                      LSB00201   ECZ MOV ZSV00201 ECZ   LZQ00201   PQFLU ECQFL ECQ QDS00201 ECQ ECQFL PQFLD
                                      LSC00301   ECZ MOH ZSH00302 ECZ   LZQ00301   PQFLU ECQFL ECQ QFT00301 ECQ ECQFL PQFLD
                                                    LSFU00401 PLSF LSFU00402   PQFLU ECQFL ECQ
        MRK00401
                                                                                   QFP00401 ECQ ECQFL PQFLD
                                    CLSDU00501   ECZ MOV ZSV00502 ECZ   LZQ00501   PQFLU ECQFL ECQ QDT00501 ECQ ECQFL PQFLD
                                     CLSE00601   ECZ MOH ZSH00603 ECZ   LZQ00601   PQFLU ECQFL
        MRK00601 MRK00602 )
        INSA006 = ( MRK00601 MRK00602
                                                                                               ECQ QFR00601 ECQ ECQFL PQFLD LSHBP032 BP0300601
                                      LSH00701   ECZ MOV ZSV00703 ECZ   LZQ00701   PQFLU ECQFL ECQ QDR00701 ECQ ECQFL PQFLD
                                      LSG00801   ECZ MOH ZSH00804 ECZ   LZQ00801   PQFLU ECQFL ECQ QFR00802 ECQ ECQFL PQFLD
                                      LSG00901   ECZ MOV ZSV00904 ECZ   LZQ00901   PQFLU ECQFL ECQ QDR00902 ECQ ECQFL PQFLD
                                      LSH01001   ECZ MOH ZSH01005 ECZ   LZQ01001   PQFLU ECQFL
        MRK01001 MRK01002 )
        ARCC210 = ( MRK21001 ECQFL PQFLD
        LQB21001   PBFLU ECB BMN21093 ECB ECBFL PBFLD   LBZ21001   ECZ MOH ZSH21091 ECZ   LZQ21001   PQFLU ECQFL ECQ QFN21047 ECQ ECQFL PQFLD
        LQB21101   PBFLU ECB BMN21194 ECB ECBFL PBFLD   LBZ21101   ECZ MOV ZSV21191 ECZ   LZQ21101   PQFLU ECQFL ECQ QDN21147 ECQ ECQFL PQFLD
        LQS21201   ECS SDA21224 ECS   LXU21201   ECZ MOH ZSH21292 ECZ   LZQ21201   PQFLU ECQFL ECQ QFX21247 ECQ ECQFL PQFLD
                                      LQS21301   ECS SFA21324 ECS   LFC21301   PQFLU ECQFL ECQ QFX21348 ECQ ECQFL PQFLD
        LXD21401   ECS SDB21424 ECS   LZS21401   ECZ MOV ZSV21492 ECZ   LZQ21401   PQFLU ECQFL ECQ QDN21448 ECQ ECQFL PQFLD
        LQB21501   PBFLU ECB BMN21595 ECB ECBFL PBFLD   LBZ21501   ECZ MOH ZSH21593 ECZ   LZQ21501   PQFLU ECQFL ECQ QFN21548 ECQ ECQFL PQFLD
        LQB21601   PBFLU ECB BMN21696 ECB ECBFL PBFLD   LBZ21601   ECZ MOV ZSV21693 ECZ   LZQ21601   PQFLU ECQFL ECQ QDX21627 ECQ
        MRK00101 MRK00102 )
 ;
read "/export/jnulsv01/home/cnaseby/sad_example/jnusad/trunk/share/jnu_opt/jnu_lattice.n";
 input file is redirected to /export/jnulsv01/home/cnaseby/sad_example/jnusad/trunk/share/jnu_opt/jnu_lattice.n
!
! Lattice file : nu-beam line generated by ./fujii2sad.pl.
!                (Thu Apr 16 19:26:54 2009)
!                Modified in Run #39,#40
!
PI=3.14159265358979323846;
MASS=0.93827231 GEV;
ENERGY= 30. GEV;
MOMENTUM= SQRT((ENERGY+MASS)^2-MASS^2) GEV;
BRHO=MOMENTUM/299792458;
BRHO50=MOMENTUM/299792458;
ON ECHO;OFF EMIT COD CTIME RAD RFSW RADCOD;
CELLBEND= 2.88104*2 DEG;

!!! Extraction TWISS parameters !!!
!!! Following is in the extraction beamline coodinate !!!
!MARK NUIN=(AX=-2.81 BX=37.9 AY=0.29 BY=7.17 EX=0.22 EPX=0.0546)
!!!!!!    mid setting
!MARK NUIN=(AX=-2.62 BX=35.8 AY=0.345 BY=8.88 EX=0.237 EPX=0.0562)
!!!!!    low setting
!MARK NUIN=(AX=-2.75 BX=36.7 AY=0.271 BY=7.0 EX=0.216 EPX=0.0542)
!!!!!    high setting
!MARK NUIN=(AX=-2.79 BX=38.0 AY=0.287 BY=7.17 EX=0.434 EPX=0.067)
!!!!!  kicker setting
!
MARK
    NUIN       = (AX=-2.75 BX=36.7 AY=0.271 BY=7.0 EX=0.216 EPX=0.0542) ! at         0.00
    CT01       = ()                                    ! at      1492.60
    SSEM01     = ()                                    ! at      1678.60
    ESM01      = ()                                    ! at      1827.10
    ESM02      = ()                                    ! at      8153.10
    SSEM02     = ()                                    ! at      8301.60
    ESM03      = ()                                    ! at     16663.10
    SSEM03     = ()                                    ! at     16811.60
    ESM04      = ()                                    ! at     20933.10
    ESM05      = ()                                    ! at     25367.10
    SSEM04     = ()                                    ! at     25515.60
    CT02       = ()                                    ! at     25701.60
    SSEM05     = ()                                    ! at     29794.60
    SSEM06     = ()                                    ! at     32226.60
    ESM06      = ()                                    ! at     32375.10
    ESM07      = ()                                    ! at     38953.10
    SSEM07     = ()                                    ! at     39101.60
    ESM08      = ()                                    ! at     43327.10
    SSEM08     = ()                                    ! at     43475.60
    SSEM09     = ()                                    ! at     47469.60
    ESM09      = ()                                    ! at     52413.10
    CT03       = ()                                    ! at     52576.60
    SCCELLIN01 = ( EMITX=10.0e-6 EMITY=10.6e-6)        ! at     54681.53
    ESM10      = ()                                    ! at     64799.30
    SSEM10     = ( EMITX=10.0e-6 EMITY=10.6e-6)        ! at     65182.03
    SCCELLIN03 = ( EMITX=10.0e-6 EMITY=10.6e-6)        ! at     75682.53
    MSXD03     = ( EMITX=10.0e-6 EMITY=10.6e-6)        ! at     86183.03
    ESM11      = ()                                    ! at     96300.80
    SSEM11     = ( EMITX=10.0e-6 EMITY=10.6e-6)        ! at     96683.53
    SCCELLIN06 = ( EMITX=10.0e-6 EMITY=10.6e-6)        ! at    107184.03
    ESM12      = ()                                    ! at    117301.80
    SCCELLIN07 = ( EMITX=10.0e-6 EMITY=10.6e-6)        ! at    117684.53
    MSXD07     = ( EMITX=10.0e-6 EMITY=10.6e-6)        ! at    128185.03
    MSXD08     = ( EMITX=10.0e-6 EMITY=10.6e-6)        ! at    138685.53
    SCCELLIN10 = ( EMITX=10.0e-6 EMITY=10.6e-6)        ! at    149186.03
    ESM13      = ()                                    ! at    159303.80
    SSEM12     = ( EMITX=10.0e-6 EMITY=10.6e-6)        ! at    159686.53
    SCCELLIN12 = ( EMITX=10.0e-6 EMITY=10.6e-6)        ! at    170187.03
    SCCELLIN13 = ( EMITX=10.0e-6 EMITY=10.6e-6)        ! at    180687.53
    ESM14      = ()                                    ! at    190805.30
    SSEM13     = ( EMITX=10.0e-6 EMITY=10.6e-6)        ! at    191188.03
    CT04       = ()                                    ! at    202687.04
    ESM15      = ()                                    ! at    206040.04
    SSEM14     = ()                                    ! at    206188.04
    ESM16      = ()                                    ! at    210620.04
    SSEM15     = ()                                    ! at    216395.04
    ESM17      = ()                                    ! at    216543.04
    ESM18      = ()                                    ! at    224892.04
    SSEM16     = ()                                    ! at    225040.04
    SSEM17     = ()                                    ! at    232619.04
    ESM19      = ()                                    ! at    232767.04
    ESM20      = ()                                    ! at    236842.04
    SSEM18     = ()                                    ! at    236990.04
    CT05       = ()                                    ! at    237175.04
    SSEM19     = ()                                    ! at    238092.43
    ESM21      = ()                                    ! at    238296.43
    BAFFLE     = ()                                    ! at    239885.54
    OTR        = ()                                    ! at    240937.68
    TARGET     = ()                                    ! at    241707.04
    BD         = ()                                    ! at    350387.04
;
! DRIFT
!    LFT00      = (L= 1.516488493)                      ! from         0.00 to      1492.60
!    LFT01      = (L= 0.186000)                         ! from      1492.60 to      1678.60
!    LFT02      = (L= 0.148500)                         ! from      1678.60 to      1827.10
!    LFT03      = (L= 0.522500)                         ! from      1827.10 to      2349.60
!    LFT04      = (L= 3.850000)                         ! from      3349.60 to      7199.60
!    LFT05      = (L= 0.353500)                         ! from      7799.60 to      8153.10
!    LFT06      = (L= 0.148500)                         ! from      8153.10 to      8301.60
!    LFT07      = (L= 0.648000)                         ! from      8301.60 to      8949.60
!    LFT08      = (L= 1.300000)                         ! from     11949.60 to     13249.60
!    LFT09      = (L= 0.413500)                         ! from     16249.60 to     16663.10
!    LFT10      = (L= 0.148500)                         ! from     16663.10 to     16811.60
!    LFT11      = (L= 0.588000)                         ! from     16811.60 to     17399.60
!    LFT12      = (L= 0.533500)                         ! from     20399.60 to     20933.10
!    LFT13      = (L= 0.666500)                         ! from     20933.10 to     21599.60
!    LFT14      = (L= 0.767500)                         ! from     24599.60 to     25367.10
!    LFT15      = (L= 0.148500)                         ! from     25367.10 to     25515.60
!    LFT16      = (L= 0.186000)                         ! from     25515.60 to     25701.60
!    LFT17      = (L= 4.093000)                         ! from     25701.60 to     29794.60
!    LFT18      = (L= 2.432000)                         ! from     29794.60 to     32226.60
!    LFT19      = (L= 0.148500)                         ! from     32226.60 to     32375.10
!    LFT20      = (L= 0.574500)                         ! from     32375.10 to     32949.60
!    LFT21      = (L= 3.150000)                         ! from     34449.60 to     37599.60
!    LFT22      = (L= 0.353500)                         ! from     38599.60 to     38953.10
!    LFT23      = (L= 0.148500)                         ! from     38953.10 to     39101.60
!    LFT24      = (L= 0.588000)                         ! from     39101.60 to     39689.60
!    LFT25      = (L= 0.637500)                         ! from     42689.60 to     43327.10
!    LFT26      = (L= 0.148500)                         ! from     43327.10 to     43475.60
!    LFT27      = (L= 3.881000)                         ! from     43475.60 to     47469.60
!    LFT28      = (L= 0.893000)                         ! from     47469.60 to     48249.60
!    LFT29      = (L= 0.800000)                         ! from     49249.60 to     50049.60
!    LFT30      = (L= 0.502500)                         ! from     52049.60 to     52413.10
!    LFT31      = (L= 0.143500)                         ! from     52413.10 to     52576.60
!    LFT32      = (L= 1.976296)                         ! from     52576.60 to     54681.53
!    LFT33      = (L= 1.400117)                         ! from     54681.53 to     56081.78
!    LFT34      = (L= 1.100000)                         ! from     59381.78 to     60481.78
!    LFT35      = (L= 1.0174545)                        ! from     63781.78 to     64799.30
!    LFT36      = (L= 0.3826625)                        ! from     64799.30 to     65182.03
!    LFT37      = (L= 1.400117)                         ! from     65182.03 to     66582.28
!    LFT38      = (L= 1.100000)                         ! from     69882.28 to     70982.28
!    LFT39      = (L= 1.400117)                         ! from     74282.28 to     75682.53
!    LFT40      = (L= 1.400117)                         ! from     75682.53 to     77082.78
!    LFT41      = (L= 1.100000)                         ! from     80382.78 to     81482.78
!    LFT42      = (L= 1.400117)                         ! from     84782.78 to     86183.03
!    LFT43      = (L= 1.400117)                         ! from     86183.03 to     87583.28
!    LFT44      = (L= 1.100000)                         ! from     90883.28 to     91983.28
!    LFT45      = (L= 1.0174545)                        ! from     95283.28 to     96300.80
!    LFT46      = (L= 0.3826625)                        ! from     96300.80 to     96683.53
!    LFT47      = (L= 1.400117)                         ! from     96683.53 to     98083.78
!    LFT48      = (L= 1.100000)                         ! from    101383.78 to    102483.78
!    LFT49      = (L= 1.400117)                         ! from    105783.78 to    107184.03
!    LFT50      = (L= 1.400117)                         ! from    107184.03 to    108584.28
!    LFT51      = (L= 1.100000)                         ! from    111884.28 to    112984.28
!    LFT52      = (L= 1.0174545)                        ! from    116284.28 to    117301.80
!    LFT53      = (L= 0.3826625)                        ! from    117301.80 to    117684.53
!    LFT54      = (L= 1.400117)                         ! from    117684.53 to    119084.78
!    LFT55      = (L= 1.100000)                         ! from    122384.78 to    123484.78
!    LFT56      = (L= 1.400117)                         ! from    126784.78 to    128185.03
!    LFT57      = (L= 1.400117)                         ! from    128185.03 to    129585.28
!    LFT58      = (L= 1.100000)                         ! from    132885.28 to    133985.28
!    LFT59      = (L= 1.400117)                         ! from    137285.28 to    138685.53
!    LFT60      = (L= 1.400117)                         ! from    138685.53 to    140085.78
!    LFT61      = (L= 1.100000)                         ! from    143385.78 to    144485.78
!    LFT62      = (L= 1.400117)                         ! from    147785.78 to    149186.03
!    LFT63      = (L= 1.400117)                         ! from    149186.03 to    150586.28
!    LFT64      = (L= 1.100000)                         ! from    153886.28 to    154986.28
!    LFT65      = (L= 1.0174545)                        ! from    158286.28 to    159303.80
!    LFT66      = (L= 0.3826625)                        ! from    159303.80 to    159686.53
!    LFT67      = (L= 1.400117)                         ! from    159686.53 to    161086.78
!    LFT68      = (L= 1.100000)                         ! from    164386.78 to    165486.78
!    LFT69      = (L= 1.400117)                         ! from    168786.78 to    170187.03
!    LFT70      = (L= 1.400117)                         ! from    170187.03 to    171587.28
!    LFT71      = (L= 1.100000)                         ! from    174887.28 to    175987.28
!    LFT72      = (L= 1.400117)                         ! from    179287.28 to    180687.53
!    LFT73      = (L= 1.400117)                         ! from    180687.53 to    182087.78
!    LFT74      = (L= 1.100000)                         ! from    185387.78 to    186487.78
!    LFT75      = (L= 1.0174545)                        ! from    189787.78 to    190805.30
!    LFT76      = (L= 0.3826625)                        ! from    190805.30 to    191188.03
!    LFT77      = (L= 1.400117)                         ! from    191188.03 to    192588.28
!    LFT78      = (L= 1.100000)                         ! from    195888.28 to    196988.28
!    LFT79      = (L= 2.408637)                         ! from    200288.28 to    202687.04
!    LFT80      = (L= 0.865000)                         ! from    202687.04 to    203552.04
!    LFT81      = (L= 0.488000)                         ! from    205552.04 to    206040.04
!    LFT82      = (L= 0.148000)                         ! from    206040.04 to    206188.04
!    LFT83      = (L= 0.564000)                         ! from    206188.04 to    206752.04
!    LFT84      = (L= 1.100000)                         ! from    207752.04 to    208852.04
!    LFT85      = (L= 0.768000)                         ! from    209852.04 to    210620.04
!    LFT86      = (L= 4.317000)                         ! from    210620.04 to    214937.04
!    LFT87      = (L= 0.708000)                         ! from    215687.04 to    216395.04
!    LFT88      = (L= 0.148000)                         ! from    216395.04 to    216543.04
!    LFT89      = (L= 0.469000)                         ! from    216543.04 to    217012.04
!    LFT90      = (L= 2.250000)                         ! from    219512.04 to    221762.04
!    LFT91      = (L= 0.630000)                         ! from    224262.04 to    224892.04
!    LFT92      = (L= 0.148000)                         ! from    224892.04 to    225040.04
!    LFT93      = (L= 0.647000)                         ! from    225040.04 to    225687.04
!    LFT94      = (L= 1.045000)                         ! from    226437.04 to    227482.04
!    LFT95      = (L= 1.000000)                         ! from    229482.04 to    230482.04
!    LFT96      = (L= 0.637000)                         ! from    231982.04 to    232619.04
!    LFT97      = (L= 0.148000)                         ! from    232619.04 to    232767.04
!    LFT98      = (L= 0.515000)                         ! from    232767.04 to    233282.04
!    LFT99      = (L= 0.560000)                         ! from    236282.04 to    236842.04
!    LFT100     = (L= 0.148000)                         ! from    236842.04 to    236990.04
!    LFT101     = (L= 0.185000)                         ! from    236990.04 to    237175.04
!    LFT102     = (L= 0.917400)                         ! from    237175.04 to    238092.43
!    LFT103     = (L= 0.204000)                         ! from    238092.43 to    238296.43
!    LFT104     = (L= 1.589100)                         ! from    238296.43 to    239885.54
!    LFT105     = (L= 1.052140)                         ! from    239885.54 to    240937.68
!    LFT106     = (L= 0.769360)                         ! from    240937.68 to    241707.04
!    LFT107     = (L=108.680000)                        ! from    241707.04 to    350387.04
!;

DRIFT
    LFT00  = (L=1.4926000)
    LFT01  = (L=0.2057678)
    LFT02  = (L=0.1488167)
    LFT03  = (L=0.5054819)
    LFT04  = (L=3.8499597)
    LFT05  = (L=0.3537362)
    LFT06  = (L=0.1476076)
    LFT07  = (L=0.6485108)
    LFT08  = (L=1.5998577)
    LFT09  = (L=0.4141757)
    LFT10  = (L=0.1482295)
    LFT11  = (L=0.5872163)
    LFT12  = (L=0.5371789)
    LFT13  = (L=0.6636177)
    LFT14  = (L=0.7668429)
    LFT15  = (L=0.1486059)
    LFT16  = (L=0.1860000)
    LFT17  = (L=4.1179729)
    LFT18  = (L=2.4107871)
    LFT19  = (L=0.1466786)
    LFT20  = (L=0.5740789)
    LFT21  = (L=3.1498828)
    LFT22  = (L=0.3549042)
    LFT23  = (L=0.1468165)
    LFT24  = (L=0.5879227)
    LFT25  = (L=0.6376493)
    LFT26  = (L=0.1483962)
    LFT27  = (L=3.8751541)
    LFT28  = (L=0.8996250)
    LFT29  = (L=0.7997574)
    LFT30  = (L=0.5092727)
    LFT31  = (L=0.1435000)
    LFT32  = (L=1.9762962)
    LFT33  = (L=1.4001171)
    LFT34  = (L=1.0999992)
    LFT35  = (L=1.0174546)
    LFT36  = (L=0.3826625)
    LFT37  = (L=1.4001171)
    LFT38  = (L=1.0999992)
    LFT39  = (L=1.4001171)
    LFT40  = (L=1.4001171)
    LFT41  = (L=1.0999992)
    LFT42  = (L=1.4001171)
    LFT43  = (L=1.4001171)
    LFT44  = (L=1.0999992)
    LFT45  = (L=1.0174546)
    LFT46  = (L=0.3826625)
    LFT47  = (L=1.4001171)
    LFT48  = (L=1.0999992)
    LFT49  = (L=1.4001171)
    LFT50  = (L=1.4001171)
    LFT51  = (L=1.0999992)
    LFT52  = (L=1.0174546)
    LFT53  = (L=0.3826625)
    LFT54  = (L=1.4001171)
    LFT55  = (L=1.0999992)
    LFT56  = (L=1.4001171)
    LFT57  = (L=1.4001171)
    LFT58  = (L=1.0999992)
    LFT59  = (L=1.4001171)
    LFT60  = (L=1.4001171)
    LFT61  = (L=1.0999992)
    LFT62  = (L=1.4001171)
    LFT63  = (L=1.4001171)
    LFT64  = (L=1.0999992)
    LFT65  = (L=1.0174546)
    LFT66  = (L=0.3826625)
    LFT67  = (L=1.4001171)
    LFT68  = (L=1.0999992)
    LFT69  = (L=1.4001171)
    LFT70  = (L=1.4001171)
    LFT71  = (L=1.0999992)
    LFT72  = (L=1.4001171)
    LFT73  = (L=1.4001171)
    LFT74  = (L=1.0999992)
    LFT75  = (L=1.0174546)
    LFT76  = (L=0.3826625)
    LFT77  = (L=1.4001171)
    LFT78  = (L=1.0999992)
    LFT79  = (L=2.3986221)
    LFT80  = (L=0.8750068)
    LFT81  = (L=0.5057306)
    LFT82  = (L=0.1480311)
    LFT83  = (L=0.5461724)
    LFT84  = (L=1.0978958)
    LFT85  = (L=0.7698088)
    LFT86  = (L=4.3185453)
    LFT870 = (L=0.6793316)  ! until 2021.05
    LFT87  = (L=0.6880000)  ! from 2023.04
    LFT88  = (L=0.1486906)
    LFT890 = (L=0.4965652)  ! until 2021.05
    LFT89  = (L=0.4890000)  ! from 2023.04
    LFT90  = (L=2.2507424)
    LFT910 = (L=0.6246991)  ! until 2021.05
    LFT91  = (L=0.6300000)  ! from 2023.04
    LFT920 = (L=0.1502811)  ! until 2021.05
    LFT92  = (L=0.1480000)  ! from 2023.04
    LFT930 = (L=0.6424202)  ! until 2021.05
    LFT93  = (L=0.6470000)  ! from 2023.04
    LFT940 = (L=1.0538727)  ! until 2021.05
    LFT94  = (L=1.0450000)  ! from 2023.04
    LFT950 = (L=0.9914990)  ! until 2021.05
    LFT95  = (L=1.0000000)  ! from 2023.04
    LFT960 = (L=0.6346192)  ! until 2021.05
    LFT96  = (L=0.5580000)  ! from 2023.04
    LFT97  = (L=0.1477743)
    LFT980 = (L=0.5292788)  ! until 2021.05
    LFT98  = (L=0.5920000)  ! from 2023.04
    LFT990 = (L=0.5472600)  ! until 2021.05
    LFT99  = (L=0.5590000)  ! from 2023.04
    LFT100 = (L=0.1486253)
    LFT101 = (L=0.1850000)
    LFT1020 = (L=0.9174000)  ! until 2021.05
    LFT102 = (L=1.4174000)  ! from 2023.04
    LFT103 = (L=0.2040000)
    LFT104 = (L=1.5891000)
    LFT105 = (L=1.0521400)
    LFT106 = (L=0.7693600)
    LFT107 = (L=108.680000)
;


BEND
    BPV1       = (L= 1.000000 ROTATE=1.5707963267948966192313216916397514) ! from      2349.60 to      3349.60
    BPH2       = (L= 0.600000)                         ! from      7199.60 to      7799.60
    BPD1       = (L= 3.0001407 ANGLE=0.03354700607884197337 E1=0.5 E2=0.5) ! from     17399.60 to     20399.60
    BPD2       = (L= 3.0001375 ANGLE=0.03316548691321012098 E1=0.5 E2=0.5) ! from     21599.60 to     24599.60
    BPV2       = (L= 1.000000 ROTATE=1.5707963267948966192313216916397514) ! from     37599.60 to     38599.60
    BPH3       = (L= 1.000000)                         ! from     48249.60 to     49249.60
    BSND03     = (L= 0.000000 E1=0.5 E2=0.5)           ! from     86183.03 to     86183.03
    BSSD03     = (L= 0.000000 E1=0.5 E2=0.5 ROTATE=1.5707963267948966192313216916397514) ! from     86183.03 to     86183.03
    BSND07     = (L= 0.000000 E1=0.5 E2=0.5)           ! from    128185.03 to    128185.03
    BSSD07     = (L= 0.000000 E1=0.5 E2=0.5 ROTATE=1.5707963267948966192313216916397514) ! from    128185.03 to    128185.03
    BSND08     = (L= 0.000000 E1=0.5 E2=0.5)           ! from    138685.53 to    138685.53
    BSSD08     = (L= 0.000000 E1=0.5 E2=0.5 ROTATE=1.5707963267948966192313216916397514) ! from    138685.53 to    138685.53
    BFV1       = (L= 1.000000 ROTATE=1.5707963267948966192313216916397514) ! from    206752.04 to    207752.04
    BFH1       = (L= 1.000000 ANGLE=0.00132882375735822664) ! from    208852.04 to    209852.04
    BFV2       = (L= 0.750000 ROTATE=1.5707963267948966192313216916397514) ! from    214937.04 to    215687.04
    BFH2       = (L= 0.750000)                         ! from    225687.04 to    226437.04
    BFVD10     = (L= 2.0000534 ANGLE=-0.02530727415391777887 E1=0.5 E2=0.5 ROTATE=1.5707963267948966192313216916397514) ! from    227482.04 to    229482.04
    BFVD20     = (L= 3.0001821 ANGLE=-0.03817035074111598785 E1=0.5 E2=0.5 ROTATE=1.5707963267948966192313216916397514) ! from    233282.04 to    236282.04
    BFVD1      = (L= 2.0000534 ANGLE=-0.0237364778271228864 E1=0.5 E2=0.5 ROTATE=1.5707963267948966192313216916397514) ! from    227482.04 to    229482.04
    BFVD2      = (L= 2.5001821 ANGLE=-0.0397411470679108828 E1=0.5 E2=0.5 ROTATE=1.5707963267948966192313216916397514) ! from    233282.04 to    236282.04
;
QUAD
    QPQ1       = (L= 3.000000 K1 = 0.1660473 DX=-0.000155743626 DY=+0.0003995)        ! from      8949.60 to     11949.60
    QPQ2       = (L= 3.000000 K1 =-0.1890764 DX=-0.000123459866 DY=+0.0003920)        ! from     13249.60 to     16249.60
    QPQ3       = (L= 1.500000 K1 = 0.1088881 DX=+0.000330152577 DY=-0.0003095)        ! from     32949.60 to     34449.60
    QPQ4       = (L= 3.000000 K1 =-0.1882606 DX=-0.000317780416 DY=+0.0001250)        ! from     39689.60 to     42689.60
    QPQ5       = (L= 2.000000 K1 = 0.1805399 DX=+0.000123888269 DY=-0.0001135)        ! from     50049.60 to     52049.60
    QFQ1       = (L= 2.000000 K1 =-0.2153297 DX=-0.000091380231 DY=-0.000676)         ! from    203552.04 to    205552.04
    QFQ2       = (L= 2.500000 K1 = 0.1748279 DX=+0.000064609412 DY=-0.004410)         ! from    217012.04 to    219512.04
    QFQ3       = (L= 2.500000 K1 =-0.1846039 DX=+0.000156809582 DY=-0.005009)         ! from    221762.04 to    224262.04
    QFQ40      = (L= 1.500000 K1 = 0.0395099 DX=+0.000389638756 DY=-0.005692)         ! from    230482.04 to    231982.04
    QFQ4       = (L= 1.500000 K1 = 0.0395099 DX=+0.000389638756 DY=-0.001692)         ! from    230482.04 to    231982.04
;
MULT
    MSDX       = (L= 3.3003287 E1=0.5 E2=0.5 ANGLE=0.04888884528188255969 K1 =-0.3617) ! from     56081.78 to     59381.78
    MSFX       = (L= 3.3003673 E1=0.5 E2=0.5 ANGLE=0.05168145935145626804 K1 = 0.3617) ! from     60481.78 to     63781.78
;
LINE
    PREP = (
      NUIN         ! MARK  at         0.00
      LFT00        ! DRIFT                 from         0.00 to      1492.60
      CT01         ! MARK  at      1492.60
      LFT01        ! DRIFT                 from      1492.60 to      1678.60
      SSEM01       ! MARK  at      1678.60
      LFT02        ! DRIFT                 from      1678.60 to      1827.10
      ESM01        ! MARK  at      1827.10
      LFT03        ! DRIFT                 from      1827.10 to      2349.60
      BPV1         ! BEND  at      2849.60 from      2349.60 to      3349.60
      LFT04        ! DRIFT                 from      3349.60 to      7199.60
      BPH2         ! BEND  at      7499.60 from      7199.60 to      7799.60
      LFT05        ! DRIFT                 from      7799.60 to      8153.10
      ESM02        ! MARK  at      8153.10
      LFT06        ! DRIFT                 from      8153.10 to      8301.60
      SSEM02       ! MARK  at      8301.60
      LFT07        ! DRIFT                 from      8301.60 to      8949.60
      QPQ1         ! QUAD  at     10449.60 from      8949.60 to     11949.60
      LFT08        ! DRIFT                 from     11949.60 to     13249.60
      QPQ2         ! QUAD  at     14749.60 from     13249.60 to     16249.60
      LFT09        ! DRIFT                 from     16249.60 to     16663.10
      ESM03        ! MARK  at     16663.10
      LFT10        ! DRIFT                 from     16663.10 to     16811.60
      SSEM03       ! MARK  at     16811.60
      LFT11        ! DRIFT                 from     16811.60 to     17399.60
      BPD1         ! BEND  at     18899.60 from     17399.60 to     20399.60
      LFT12        ! DRIFT                 from     20399.60 to     20933.10
      ESM04        ! MARK  at     20933.10
      LFT13        ! DRIFT                 from     20933.10 to     21599.60
      BPD2         ! BEND  at     23099.60 from     21599.60 to     24599.60
      LFT14        ! DRIFT                 from     24599.60 to     25367.10
      ESM05        ! MARK  at     25367.10
      LFT15        ! DRIFT                 from     25367.10 to     25515.60
      SSEM04       ! MARK  at     25515.60
      LFT16        ! DRIFT                 from     25515.60 to     25701.60
      CT02         ! MARK  at     25701.60
      LFT17        ! DRIFT                 from     25701.60 to     29794.60
      SSEM05       ! MARK  at     29794.60
      LFT18        ! DRIFT                 from     29794.60 to     32226.60
      SSEM06       ! MARK  at     32226.60
      LFT19        ! DRIFT                 from     32226.60 to     32375.10
      ESM06        ! MARK  at     32375.10
      LFT20        ! DRIFT                 from     32375.10 to     32949.60
      QPQ3         ! QUAD  at     33699.60 from     32949.60 to     34449.60
      LFT21        ! DRIFT                 from     34449.60 to     37599.60
      BPV2         ! BEND  at     38099.60 from     37599.60 to     38599.60
      LFT22        ! DRIFT                 from     38599.60 to     38953.10
      ESM07        ! MARK  at     38953.10
      LFT23        ! DRIFT                 from     38953.10 to     39101.60
      SSEM07       ! MARK  at     39101.60
      LFT24        ! DRIFT                 from     39101.60 to     39689.60
      QPQ4         ! QUAD  at     41189.60 from     39689.60 to     42689.60
      LFT25        ! DRIFT                 from     42689.60 to     43327.10
      ESM08        ! MARK  at     43327.10
      LFT26        ! DRIFT                 from     43327.10 to     43475.60
      SSEM08       ! MARK  at     43475.60
      LFT27        ! DRIFT                 from     43475.60 to     47469.60
      SSEM09       ! MARK  at     47469.60
      LFT28        ! DRIFT                 from     47469.60 to     48249.60
      BPH3         ! BEND  at     48749.60 from     48249.60 to     49249.60
      LFT29        ! DRIFT                 from     49249.60 to     50049.60
      QPQ5         ! QUAD  at     51049.60 from     50049.60 to     52049.60
      LFT30        ! DRIFT                 from     52049.60 to     52413.10
      ESM09        ! MARK  at     52413.10
      LFT31        ! DRIFT                 from     52413.10 to     52576.60
      CT03         ! MARK  at     52576.60
      LFT32        ! DRIFT                 from     52576.60 to     54681.53
) ! PREP

    ARC01 = (
      SCCELLIN01   ! MARK  at     54681.53
      LFT33        ! DRIFT                 from     54681.53 to     56081.78
      MSDX         ! MULT  at     59381.78
      LFT34        ! DRIFT                 from     59381.78 to     60481.78
      MSFX         ! MULT  at     63781.78
      LFT35        ! DRIFT                 from     63781.78 to     64799.30
      ESM10        ! MARK  at     64799.30
      LFT36        ! DRIFT                 from     64799.30 to     65182.03
) ! ARC01

    ARC02 = (
      SSEM10       ! MARK  at     65182.03
      LFT37        ! DRIFT                 from     65182.03 to     66582.28
      MSDX         ! MULT  at     69882.28
      LFT38        ! DRIFT                 from     69882.28 to     70982.28
      MSFX         ! MULT  at     74282.28
      LFT39        ! DRIFT                 from     74282.28 to     75682.53
) ! ARC02

    ARC03 = (
      SCCELLIN03   ! MARK  at     75682.53
      LFT40        ! DRIFT                 from     75682.53 to     77082.78
      MSDX         ! MULT  at     80382.78
      LFT41        ! DRIFT                 from     80382.78 to     81482.78
      MSFX         ! MULT  at     84782.78
      LFT42        ! DRIFT                 from     84782.78 to     86183.03
) ! ARC03

    ARC04 = (
      MSXD03       ! MARK  at     86183.03
      BSND03       ! BEND  at     86183.03 from     86183.03 to     86183.03
      BSSD03       ! BEND  at     86183.03 from     86183.03 to     86183.03
      LFT43        ! DRIFT                 from     86183.03 to     87583.28
      MSDX         ! MULT  at     90883.28
      LFT44        ! DRIFT                 from     90883.28 to     91983.28
      MSFX         ! MULT  at     95283.28
      LFT45        ! DRIFT                 from     95283.28 to     96300.80
      ESM11        ! MARK  at     96300.80
      LFT46        ! DRIFT                 from     96300.80 to     96683.53
) ! ARC04

    ARC05 = (
      SSEM11       ! MARK  at     96683.53
      LFT47        ! DRIFT                 from     96683.53 to     98083.78
      MSDX         ! MULT  at    101383.78
      LFT48        ! DRIFT                 from    101383.78 to    102483.78
      MSFX         ! MULT  at    105783.78
      LFT49        ! DRIFT                 from    105783.78 to    107184.03
) ! ARC05

    ARC06 = (
      SCCELLIN06   ! MARK  at    107184.03
      LFT50        ! DRIFT                 from    107184.03 to    108584.28
      MSDX         ! MULT  at    111884.28
      LFT51        ! DRIFT                 from    111884.28 to    112984.28
      MSFX         ! MULT  at    116284.28
      LFT52        ! DRIFT                 from    116284.28 to    117301.80
      ESM12        ! MARK  at    117301.80
      LFT53        ! DRIFT                 from    117301.80 to    117684.53
) ! ARC06

    ARC07 = (
      SCCELLIN07   ! MARK  at    117684.53
      LFT54        ! DRIFT                 from    117684.53 to    119084.78
      MSDX         ! MULT  at    122384.78
      LFT55        ! DRIFT                 from    122384.78 to    123484.78
      MSFX         ! MULT  at    126784.78
      LFT56        ! DRIFT                 from    126784.78 to    128185.03
) ! ARC07

    ARC08 = (
      MSXD07       ! MARK  at    128185.03
      BSND07       ! BEND  at    128185.03 from    128185.03 to    128185.03
      BSSD07       ! BEND  at    128185.03 from    128185.03 to    128185.03
      LFT57        ! DRIFT                 from    128185.03 to    129585.28
      MSDX         ! MULT  at    132885.28
      LFT58        ! DRIFT                 from    132885.28 to    133985.28
      MSFX         ! MULT  at    137285.28
      LFT59        ! DRIFT                 from    137285.28 to    138685.53
) ! ARC08

    ARC09 = (
      MSXD08       ! MARK  at    138685.53
      BSND08       ! BEND  at    138685.53 from    138685.53 to    138685.53
      BSSD08       ! BEND  at    138685.53 from    138685.53 to    138685.53
      LFT60        ! DRIFT                 from    138685.53 to    140085.78
      MSDX         ! MULT  at    143385.78
      LFT61        ! DRIFT                 from    143385.78 to    144485.78
      MSFX         ! MULT  at    147785.78
      LFT62        ! DRIFT                 from    147785.78 to    149186.03
) ! ARC09

    ARC10 = (
      SCCELLIN10   ! MARK  at    149186.03
      LFT63        ! DRIFT                 from    149186.03 to    150586.28
      MSDX         ! MULT  at    153886.28
      LFT64        ! DRIFT                 from    153886.28 to    154986.28
      MSFX         ! MULT  at    158286.28
      LFT65        ! DRIFT                 from    158286.28 to    159303.80
      ESM13        ! MARK  at    159303.80
      LFT66        ! DRIFT                 from    159303.80 to    159686.53
) ! ARC10

    ARC11 = (
      SSEM12       ! MARK  at    159686.53
      LFT67        ! DRIFT                 from    159686.53 to    161086.78
      MSDX         ! MULT  at    164386.78
      LFT68        ! DRIFT                 from    164386.78 to    165486.78
      MSFX         ! MULT  at    168786.78
      LFT69        ! DRIFT                 from    168786.78 to    170187.03
) ! ARC11

    ARC12 = (
      SCCELLIN12   ! MARK  at    170187.03
      LFT70        ! DRIFT                 from    170187.03 to    171587.28
      MSDX         ! MULT  at    174887.28
      LFT71        ! DRIFT                 from    174887.28 to    175987.28
      MSFX         ! MULT  at    179287.28
      LFT72        ! DRIFT                 from    179287.28 to    180687.53
) ! ARC12

    ARC13 = (
      SCCELLIN13   ! MARK  at    180687.53
      LFT73        ! DRIFT                 from    180687.53 to    182087.78
      MSDX         ! MULT  at    185387.78
      LFT74        ! DRIFT                 from    185387.78 to    186487.78
      MSFX         ! MULT  at    189787.78
      LFT75        ! DRIFT                 from    189787.78 to    190805.30
      ESM14        ! MARK  at    190805.30
      LFT76        ! DRIFT                 from    190805.30 to    191188.03
) ! ARC13

    ARC14 = (
      SSEM13       ! MARK  at    191188.03
      LFT77        ! DRIFT                 from    191188.03 to    192588.28
      MSDX         ! MULT  at    195888.28
      LFT78        ! DRIFT                 from    195888.28 to    196988.28
      MSFX         ! MULT  at    200288.28
      LFT79        ! DRIFT                 from    200288.28 to    202687.04
) ! ARC14

    FFTS = (
      CT04         ! MARK  at    202687.04
      LFT80        ! DRIFT                 from    202687.04 to    203552.04
      QFQ1         ! QUAD  at    204552.04 from    203552.04 to    205552.04
      LFT81        ! DRIFT                 from    205552.04 to    206040.04
      ESM15        ! MARK  at    206040.04
      LFT82        ! DRIFT                 from    206040.04 to    206188.04
      SSEM14       ! MARK  at    206188.04
      LFT83        ! DRIFT                 from    206188.04 to    206752.04
      BFV1         ! BEND  at    207252.04 from    206752.04 to    207752.04
      LFT84        ! DRIFT                 from    207752.04 to    208852.04
      BFH1         ! BEND  at    209352.04 from    208852.04 to    209852.04
      LFT85        ! DRIFT                 from    209852.04 to    210620.04
      ESM16        ! MARK  at    210620.04
      LFT86        ! DRIFT                 from    210620.04 to    214937.04
      BFV2         ! BEND  at    215312.04 from    214937.04 to    215687.04
      LFT87        ! DRIFT                 from    215687.04 to    216395.04
      SSEM15       ! MARK  at    216395.04
      LFT88        ! DRIFT                 from    216395.04 to    216543.04
      ESM17        ! MARK  at    216543.04
      LFT89        ! DRIFT                 from    216543.04 to    217012.04
      QFQ2         ! QUAD  at    218262.04 from    217012.04 to    219512.04
      LFT90        ! DRIFT                 from    219512.04 to    221762.04
      QFQ3         ! QUAD  at    223012.04 from    221762.04 to    224262.04
      LFT91        ! DRIFT                 from    224262.04 to    224892.04
      ESM18        ! MARK  at    224892.04
      LFT92        ! DRIFT                 from    224892.04 to    225040.04
      SSEM16       ! MARK  at    225040.04
      LFT93        ! DRIFT                 from    225040.04 to    225687.04
      BFH2         ! BEND  at    226062.04 from    225687.04 to    226437.04
      LFT94        ! DRIFT                 from    226437.04 to    227482.04
      BFVD1        ! BEND  at    228482.04 from    227482.04 to    229482.04
      LFT95        ! DRIFT                 from    229482.04 to    230482.04
      QFQ4         ! QUAD  at    231232.04 from    230482.04 to    231982.04
      LFT96        ! DRIFT                 from    231982.04 to    232619.04
      SSEM17       ! MARK  at    232619.04
      LFT97        ! DRIFT                 from    232619.04 to    232767.04
      ESM19        ! MARK  at    232767.04
      LFT98        ! DRIFT                 from    232767.04 to    233282.04
      BFVD2        ! BEND  at    234782.04 from    233282.04 to    236282.04
      LFT99        ! DRIFT                 from    236282.04 to    236842.04
      ESM20        ! MARK  at    236842.04
      LFT100       ! DRIFT                 from    236842.04 to    236990.04
      SSEM18       ! MARK  at    236990.04
      LFT101       ! DRIFT                 from    236990.04 to    237175.04
      CT05         ! MARK  at    237175.04
      LFT102       ! DRIFT                 from    237175.04 to    238092.43
      SSEM19       ! MARK  at    238092.43
      LFT103       ! DRIFT                 from    238092.43 to    238296.43
      ESM21        ! MARK  at    238296.43
      LFT104       ! DRIFT                 from    238296.43 to    239885.54
      BAFFLE       ! MARK  at    239885.54
      LFT105       ! DRIFT                 from    239885.54 to    240937.68
      OTR          ! MARK  at    240937.68
      LFT106       ! DRIFT                 from    240937.68 to    241707.04
      TARGET       ! MARK  at    241707.04
) ! FFTS

    FFTSOLD = (
      CT04         ! MARK  at    202687.04
      LFT80        ! DRIFT                 from    202687.04 to    203552.04
      QFQ1         ! QUAD  at    204552.04 from    203552.04 to    205552.04
      LFT81        ! DRIFT                 from    205552.04 to    206040.04
      ESM15        ! MARK  at    206040.04
      LFT82        ! DRIFT                 from    206040.04 to    206188.04
      SSEM14       ! MARK  at    206188.04
      LFT83        ! DRIFT                 from    206188.04 to    206752.04
      BFV1         ! BEND  at    207252.04 from    206752.04 to    207752.04
      LFT84        ! DRIFT                 from    207752.04 to    208852.04
      BFH1         ! BEND  at    209352.04 from    208852.04 to    209852.04
      LFT85        ! DRIFT                 from    209852.04 to    210620.04
      ESM16        ! MARK  at    210620.04
      LFT86        ! DRIFT                 from    210620.04 to    214937.04
      BFV2         ! BEND  at    215312.04 from    214937.04 to    215687.04
      LFT870       ! DRIFT
      SSEM15       ! MARK  at    216395.04
      LFT88        ! DRIFT                 from    216395.04 to    216543.04
      ESM17        ! MARK  at    216543.04
      LFT890       ! DRIFT                 from    216543.04 to    217012.04
      QFQ2         ! QUAD  at    218262.04 from    217012.04 to    219512.04
      LFT90        ! DRIFT                 from    219512.04 to    221762.04
      QFQ3         ! QUAD  at    223012.04 from    221762.04 to    224262.04
      LFT910       ! DRIFT                 from    224262.04 to    224892.04
      ESM18        ! MARK  at    224892.04
      LFT920       ! DRIFT                 from    224892.04 to    225040.04
      SSEM16       ! MARK  at    225040.04
      LFT930       ! DRIFT                 from    225040.04 to    225687.04
      BFH2         ! BEND  at    226062.04 from    225687.04 to    226437.04
      LFT940       ! DRIFT                 from    226437.04 to    227482.04
      BFVD10       ! BEND  at    228482.04 from    227482.04 to    229482.04
      LFT950       ! DRIFT                 from    229482.04 to    230482.04
      QFQ40        ! QUAD  at    231232.04 from    230482.04 to    231982.04
      LFT960       ! DRIFT                 from    231982.04 to    232619.04
      SSEM17       ! MARK  at    232619.04
      LFT97        ! DRIFT                 from    232619.04 to    232767.04
      ESM19        ! MARK  at    232767.04
      LFT980       ! DRIFT                 from    232767.04 to    233282.04
      BFVD20       ! BEND  at    234782.04 from    233282.04 to    236282.04
      LFT990       ! DRIFT                 from    236282.04 to    236842.04
      ESM20        ! MARK  at    236842.04
      LFT100       ! DRIFT                 from    236842.04 to    236990.04
      SSEM18       ! MARK  at    236990.04
      LFT101       ! DRIFT                 from    236990.04 to    237175.04
      CT05         ! MARK  at    237175.04
      LFT1020      ! DRIFT                 from    237175.04 to    238092.43
      SSEM19       ! MARK  at    238092.43
      LFT103       ! DRIFT                 from    238092.43 to    238296.43
      ESM21        ! MARK  at    238296.43
      LFT104       ! DRIFT                 from    238296.43 to    239885.54
      BAFFLE       ! MARK  at    239885.54
      LFT105       ! DRIFT                 from    239885.54 to    240937.68
      OTR          ! MARK  at    240937.68
      LFT106       ! DRIFT                 from    240937.68 to    241707.04
      TARGET       ! MARK  at    241707.04
) ! FFTSOLD

    TSDV = (
      LFT107       ! DRIFT                 from    241707.04 to    350387.04
      BD           ! MARK  at    350387.04
) ! TSDV

    NEUTRINO = (
        PREP
        ARC01
        ARC02
        ARC03
        ARC04
    ) ! NEUTRINO

    FF = (
        ARC13
        ARC14
        FFTS
    ) ! FF

    FFOLD = (
        ARC13
        ARC14
        FFTSOLD
    ) ! FF

    ALL = (
        NEUTRINO
        ARC05
        ARC06
        ARC07
        ARC08
        ARC09
        ARC10
        ARC11
        ARC12
        FF
    ) ! ALL

    ALLOLD = (
        NEUTRINO
        ARC05
        ARC06
        ARC07
        ARC08
        ARC09
        ARC10
        ARC11
        ARC12
        FFOLD
    ) ! ALL

    DVLM = (
        FF
        TSDV
    ) ! DVLM

    DVLMOLD = (
        FFOLD
        TSDV
    ) ! DVLM

    ALLDV = (
        ALL
        TSDV
    ) ! ALLDV

    ALLDVOLD = (
        ALLOLD
        TSDV
    ) ! ALLDV

;
read "/export/jnulsv01/home/cnaseby/sad_example/jnusad/trunk/share/jnu_opt/jnu_constant.n";
 input file is redirected to /export/jnulsv01/home/cnaseby/sad_example/jnusad/trunk/share/jnu_opt/jnu_constant.n
FFS
  use MRFX;
 *** SADScript Initialization: /jk/local/SAD-snapshot-20141024-tk8.4.19/share/Packages/init.n ***
 *** Runtime Environment:      /jk/local/SAD-snapshot-20141024-tk8.4.19/share/Packages/init.local.n ***
 RFSW RADCOD RAD   FLUC INTRA  POL   COD  DAPER EMIOU CMPLO FOURI SMEAR
   F     F     F     F     F     F     F     F     F     F     F     T
 Design orbit length =   1.0000000000000000     
 
   GeomVer = 1;
 
   IsMagnetElement[x_] := If[x[[2]]==2||x[[2]]==4||x[[2]]==22,1,0];
 
   SetMagType[magdat_] := Module[{mag,type}, mag=magdat[[1]]; type=magdat[[2]]; MagType[mag] = type;];
 
   FxMagList = Select[Thread[LINE[{"NAME",   "TYPE"}]], IsMagnetElement];
 
   Scan[SetMagType, FxMagList];
 
   GetMagnetParam[name_, param_] := Module[{elem},
                                           elem = SetElement[name];
                                           If[Length[elem]==3, param /. Part[elem,3], 0.0]];
 
   BENDPARAMS = {"ANGLE", "K0", "F1", "DX", "DY"};
   QUADPARAMS = {"K1",    "F1", "F2", "DX", "DY"};
   MULTPARAMS = {"ANGLE", "K0", "K1", "K2", "K3", "SK0", "SK1", "SK2", "SK3", "F1", "F2", "DX", "DY"};
 
   GetMagParams[type_] := Switch[type
                                ,2,
                                BENDPARAMS
                                ,4,
                                QUADPARAMS
                                ,22,
                                MULTPARAMS
                                ,_, {}];
 
   DefFxMagParamIn[x_] := Module[{name="", type=0, paramlist={}, sname=""},
                                name = x[[1]]; type = x[[2]]; paramlist=GetMagParams[type]; sname = LINE["ELEMENT", name];
                                If[StringMatchQ[name, "*.1"],
                                   Do[FxMagParamIn[sname, paramlist[[j]]]=GetMagnetParam[sname, paramlist[[j]]];
                                      FxMagParamIn[sname, paramlist[[j]]//"fit"]=0,{j,Length[paramlist]}]];
                                Do[FxMagParamIn[name, paramlist[[j]]]=GetMagnetParam[sname, paramlist[[j]]];
                                   FxMagParamIn[name, paramlist[[j]]//"fit"]=0,{j,Length[paramlist]}]];
 
   Map[DefFxMagParamIn,  FxMagList];
 
   SetFxKickerSeptumDefault[];
 
 !   PrintFxMagParamIn[x_] := Module[{name="", type=0, paramlist={}, sname=""},
 !      name = x[[1]]; type = x[[2]]; paramlist=GetMagParams[type];
 !      If[StringMatchQ[name, "*.1"],
 !         sname = LINE["ELEMENT", name];
 !         Do[Print["FxMagParamIn["//sname//", "//paramlist[[j]]//"   ] == "//FxMagParamIn[sname, paramlist[[j]]       ]];
 !            Print["FxMagParamIn["//sname//", "//paramlist[[j]]//"fit] == "//FxMagParamIn[sname, paramlist[[j]]//"fit"]],
 !            {j,Length[paramlist]}]];
 !       Do[Print["FxMagParamIn["//name//", "//paramlist[[j]]//"   ]=="//FxMagParamIn[name, paramlist[[j]]       ]];
 !         Print["FxMagParamIn["//name//", "//paramlist[[j]]//"fit]=="//FxMagParamIn[name, paramlist[[j]]//"fit"]],
 !         {j,Length[paramlist]}]
 !                          ];
 !
 !   Map[PrintFxMagParamIn,  FxMagList];
 
 stop;
 FFS                  end:  CPU time =     0.004 sec


FFS
  use ALL;
 RFSW RADCOD RAD   FLUC INTRA  POL   COD  DAPER EMIOU CMPLO FOURI SMEAR
   F     F     F     F     F     F     F     F     F     F     F     T
 Design orbit length =   242.02495359999998     
   ! add (2021/2/24)
   use ALL;
  *** expln *** ALL is re-expanded again
 Design orbit length =   242.02495359999998     
 
   NuMagList    = Select[Thread[LINE[{"NAME",   "TYPE"}]], IsMagnetElement];
   NuDriftList  = Select[LINE["NAME"], Function[{x}, LINE["TYPE",x]==1]];
   NuPosMonList = LINE["NAME","*E*M*"];
   NuMagNameList = Part[Thread[NuMagList],1];
 
   Scan[SetMagType, NuMagList];
 
   GetMagParams[type_] := Switch[type
                                ,2,
                                BENDPARAMS
                                ,4,
                                QUADPARAMS
                                ,22,
                                MULTPARAMS
                                ,_, {}];
 
   DefNuMagParamIn[x_] := Module[{name="", type=0, paramlist={}, sname=""},
                                name = x[[1]]; type = x[[2]]; paramlist=GetMagParams[type]; sname = LINE["ELEMENT", name];
                                If[StringMatchQ[name, "*.1"],
                                   Do[NuMagParamIn[sname, paramlist[[j]]]=GetMagnetParam[sname, paramlist[[j]]];
                                      NuMagParamIn[sname, paramlist[[j]]//"fit"]=0,{j,Length[paramlist]}]];
                                Do[NuMagParamIn[name, paramlist[[j]]]=GetMagnetParam[sname, paramlist[[j]]];
                                   NuMagParamIn[name, paramlist[[j]]//"fit"]=0,{j,Length[paramlist]}]];
 
   Map[DefNuMagParamIn,  NuMagList];
 
 !  PrintNuMagParamIn[x_] := Module[{name="", type=0, paramlist={}, sname=""},
 !     name = x[[1]]; type = x[[2]]; paramlist=GetMagParams[type];
 !     If[StringMatchQ[name, "*.1"],
 !        sname = LINE["ELEMENT", name];
 !        Do[Print["NuMagParamIn["//sname//", "//paramlist[[j]]//"   ] == "//NuMagParamIn[sname, paramlist[[j]]       ]];
 !           Print["NuMagParamIn["//sname//", "//paramlist[[j]]//"fit] == "//NuMagParamIn[sname, paramlist[[j]]//"fit"]],
 !           {j,Length[paramlist]}]];
 !      Do[Print["NuMagParamIn["//name//", "//paramlist[[j]]//"   ]=="//NuMagParamIn[name, paramlist[[j]]       ]];
 !        Print["NuMagParamIn["//name//", "//paramlist[[j]]//"fit]=="//NuMagParamIn[name, paramlist[[j]]//"fit"]],
 !        {j,Length[paramlist]}]
 !                         ];
 !
 !  Map[PrintNuMagParamIn,  NuMagList];
 
 stop;
 FFS                  end:  CPU time =     0.047 sec

FFS;
 Design orbit length =   242.02495359999998     
 RFSW RADCOD RAD   FLUC INTRA  POL   COD  DAPER EMIOU CMPLO FOURI SMEAR
   F     F     F     F     F     F     F     F     F     F     F     T
   SOLIV = 299792458;
   PENERGY=ENERGY;
   PMOMENTUM=MOMENTUM;
   PBRHO=BRHO;
 !  DP     = 0.0031;
 !  DP     = 0.00031;
 !   DP     = 0.0005;
 !   DP     = 0.0002;
    DP     = 0.0002;
    DP0    = 0.0000;
 !  emix   = 10.0e-6;
 !  emiy   = 10.0e-6;
 !  emix   = 0.43e-6 / 2.0 ;
 !  emix   = 10.0e-6;
 !  emiy   = 10.0e-6;
 !  emix   = 0.43e-6 / 2.0 / 3.1415926535;
 !  emiy   = 0.50e-6 / 2.0 / 3.1415926535;
   emix   = 0.25e-6;
   emiy   = 0.25e-6;
   emixpp = emix * 1.0e+6;
   emiypp = emiy * 1.0e+6;
   UpdateEmiX[] := (emix = emixpp * 1.0e-6; emixpp = emix * 1.0e+6; Print["Emittance(X) = "// emix]);
   UpdateEmiY[] := (emiy = emiypp * 1.0e-6; emiypp = emiy * 1.0e+6; Print["Emittance(Y) = "// emiy]);
   injAX  = -2.75;
   injBX  = 36.7;
   injAY  = 0.271;
   injBY  = 7.0;
   injEX  = 0.216;
   injEPX = 0.0542;
   NuBeamSizeTargetX  = 15.0;
   NuBeamSizeTargetY  = 15.0;
   NuBeamAlphaTargetX =  0.0;
   NuBeamAlphaTargetY =  0.0;
   NuBeamEtaCellX     =  0.25;
   NuBeamEtaCellY     =  0.25;
   NuDesiredBeamSizeSCFX  = 15.0;
   NuDesiredBeamSizeSCFY  = 12.0;
   NuDesiredBeamSizePQ2X  = 26.0;
   NuDesiredBeamSizePQ2Y  = 26.0;
   NuDesiredBeamSizePQ3X  = 26.0;
   NuDesiredBeamSizePQ3Y  = 26.0;
   NuDesiredBeamSizePQ4X  = 26.0;
   NuDesiredBeamSizePQ4Y  = 26.0;
   NuDesiredBeamSizePQ5X  = 18.0;
   NuDesiredBeamSizePQ5Y  = 18.0;
   NuKMaxFQ3              =  0.225;
   NuKMinFQ3              = -0.225;
   NuKMaxFQ4              =  0.230;
   NuKMinFQ4              = -0.230;
 
   NuInParam["BX"]  =  37.67523;
   NuInParam["AX"]  =  -2.76956;
   NuInParam["EX"]  =  -0.54449;
   NuInParam["EPX"] =  -0.07740;
 !  NuInParam["AX"]    =  -2.75;
 !  NuInParam["BX"]    =   36.7;
 !  NuInParam["EX"]    =  0.216;
 !  NuInParam["EPX"]   = 0.0542;
   NuInParam["DX"]    = 0.0;
   NuInParam["DPX"]   = 0.0;
 !  NuInParam["AX"]    =  -2.75;
 !  NuInParam["BX"]    =   36.7;
 !  NuInParam["EX"]    =  0.216;
 !  NuInParam["EPX"]   = 0.0542;
 !  NuInParam["DX"]    = 0.0;
 !  NuInParam["DPX"]   = 0.0;
   NuInParam["EMITX"] = 10.0;
 
   NuInParam["BY"]  =   6.99992;
   NuInParam["AY"]  =   0.29569;
   NuInParam["EY"]  =   0;
   NuInParam["EPY"] =   0;
 !  NuInParam["AY"]    = 0.271;
 !  NuInParam["BY"]    = 7.0;
   NuInParam["EY"]    = 0.0;
   NuInParam["EPY"]   = 0.0;
   NuInParam["DY"]    = 0.0;
   NuInParam["DPY"]   = 0.0;
   NuInParam["EMITY"] = 10.0;
 
   NuMagOnline          = 0;
   NuMonOnline          = 0;
   NuMagOnlineConnected = 0;
   NuMonOnlineConnected = 0;
   NuDataOfflineUseDB=1;
 
   iToStringFillZero[n_, l_] := Module[{lc=0, buf=""},
 				      buf = ToString[n];
 				      lc = StringLength[buf];
 				      If[lc<l,
 					 buf = StringInsert[buf,
 							    FromCharacterCode[Table[Part[ToCharacterCode["0"],1],{l-lc}]],
 							    If[n>=0,1,2]]
 					];
 				      buf];
 stop;
 FFS                  end:  CPU time =     0.001 sec

!
!
!
!!! start FFS session
FFS;
 Design orbit length =   242.02495359999998     
 RFSW RADCOD RAD   FLUC INTRA  POL   COD  DAPER EMIOU CMPLO FOURI SMEAR
   F     F     F     F     F     F     F     F     F     F     F     T
 
 Get["/export/jnulsv01/home/cnaseby/sad_example/jnusad/trunk/share/jnu_opt/jnu_comp_alignment.n"];
 Get["/export/jnulsv01/home/cnaseby/sad_example/jnusad/trunk/share/jnu_opt/NuMagnetCurrent.n"];
 Get["./optics_study_common.n"];
 
 
 
 !!! koko !!!
 
 !!! (1) pre-calculation of optics
 !FFS["USE ALLDV"];
 FFS["USE ALL"];
  *** expln *** ALL is re-expanded again
 Design orbit length =   242.02495359999998     
 Print["*** M001 pre-calculation of optics ***"]
*** M001 pre-calculation of optics ***
 SetNuInParamDefault[]; ! set twiss params at NUIN
---------- SetNuInParamDefault --------
NUIN AX  -2.41877
NUIN BX  37.098
NUIN EX  .423734
NUIN EPX .0719639
NUIN DX  .0001862383176808093
NUIN DPX .00010510644722935226
NUIN AY  .178
NUIN BY  5.45
NUIN EY  0
NUIN EPY 0
NUIN DY  -.00016484360893854747
NUIN DPY -.0001424022346368715
 Map[SetNuMagParamIn,  NuMagList];
UpdateNuMagParam : name BPV1, param=ANGLE, cv==0, nv==0
UpdateNuMagParam : name BPV1, param=K0, cv==0, nv==0
UpdateNuMagParam : name BPV1, param=F1, cv==0, nv==0
UpdateNuMagParam : name BPV1, param=DX, cv==0, nv==0
UpdateNuMagParam : name BPV1, param=DY, cv==0, nv==0
UpdateNuMagParam : name BPH2, param=ANGLE, cv==0, nv==0
UpdateNuMagParam : name BPH2, param=K0, cv==0, nv==0
UpdateNuMagParam : name BPH2, param=F1, cv==0, nv==0
UpdateNuMagParam : name BPH2, param=DX, cv==0, nv==0
UpdateNuMagParam : name BPH2, param=DY, cv==0, nv==0
UpdateNuMagParam : name QPQ1, param=K1, cv==.1660473, nv==.1660473
UpdateNuMagParam : name QPQ1, param=F1, cv==0, nv==0
UpdateNuMagParam : name QPQ1, param=F2, cv==0, nv==0
UpdateNuMagParam : name QPQ1, param=DX, cv==-.000155743626, nv==-.000155743626
UpdateNuMagParam : name QPQ1, param=DY, cv==.0003995, nv==.0003995
UpdateNuMagParam : name QPQ2, param=K1, cv==-.1890764, nv==-.1890764
UpdateNuMagParam : name QPQ2, param=F1, cv==0, nv==0
UpdateNuMagParam : name QPQ2, param=F2, cv==0, nv==0
UpdateNuMagParam : name QPQ2, param=DX, cv==-.000123459866, nv==-.000123459866
UpdateNuMagParam : name QPQ2, param=DY, cv==.000392, nv==.000392
UpdateNuMagParam : name BPD1, param=ANGLE, cv==.03354700607884197, nv==.03354700607884197
UpdateNuMagParam : name BPD1, param=K0, cv==0, nv==0
UpdateNuMagParam : name BPD1, param=F1, cv==0, nv==0
UpdateNuMagParam : name BPD1, param=DX, cv==0, nv==0
UpdateNuMagParam : name BPD1, param=DY, cv==0, nv==0
UpdateNuMagParam : name BPD2, param=ANGLE, cv==.03316548691321012, nv==.03316548691321012
UpdateNuMagParam : name BPD2, param=K0, cv==0, nv==0
UpdateNuMagParam : name BPD2, param=F1, cv==0, nv==0
UpdateNuMagParam : name BPD2, param=DX, cv==0, nv==0
UpdateNuMagParam : name BPD2, param=DY, cv==0, nv==0
UpdateNuMagParam : name QPQ3, param=K1, cv==.1088881, nv==.1088881
UpdateNuMagParam : name QPQ3, param=F1, cv==0, nv==0
UpdateNuMagParam : name QPQ3, param=F2, cv==0, nv==0
UpdateNuMagParam : name QPQ3, param=DX, cv==.000330152577, nv==.000330152577
UpdateNuMagParam : name QPQ3, param=DY, cv==-.0003095, nv==-.0003095
UpdateNuMagParam : name BPV2, param=ANGLE, cv==0, nv==0
UpdateNuMagParam : name BPV2, param=K0, cv==0, nv==0
UpdateNuMagParam : name BPV2, param=F1, cv==0, nv==0
UpdateNuMagParam : name BPV2, param=DX, cv==0, nv==0
UpdateNuMagParam : name BPV2, param=DY, cv==0, nv==0
UpdateNuMagParam : name QPQ4, param=K1, cv==-.1882606, nv==-.1882606
UpdateNuMagParam : name QPQ4, param=F1, cv==0, nv==0
UpdateNuMagParam : name QPQ4, param=F2, cv==0, nv==0
UpdateNuMagParam : name QPQ4, param=DX, cv==-.000317780416, nv==-.000317780416
UpdateNuMagParam : name QPQ4, param=DY, cv==.000125, nv==.000125
UpdateNuMagParam : name BPH3, param=ANGLE, cv==0, nv==0
UpdateNuMagParam : name BPH3, param=K0, cv==0, nv==0
UpdateNuMagParam : name BPH3, param=F1, cv==0, nv==0
UpdateNuMagParam : name BPH3, param=DX, cv==0, nv==0
UpdateNuMagParam : name BPH3, param=DY, cv==0, nv==0
UpdateNuMagParam : name QPQ5, param=K1, cv==.1805399, nv==.1805399
UpdateNuMagParam : name QPQ5, param=F1, cv==0, nv==0
UpdateNuMagParam : name QPQ5, param=F2, cv==0, nv==0
UpdateNuMagParam : name QPQ5, param=DX, cv==.000123888269, nv==.000123888269
UpdateNuMagParam : name QPQ5, param=DY, cv==-.0001135, nv==-.0001135
UpdateNuMagParam : name MSDX, param=ANGLE, cv==.04888884528188256, nv==.04888884528188256
UpdateNuMagParam : name MSDX, param=K0, cv==0, nv==0
UpdateNuMagParam : name MSDX, param=K1, cv==-.3617, nv==-.3617
UpdateNuMagParam : name MSDX, param=K2, cv==0, nv==0
UpdateNuMagParam : name MSDX, param=K3, cv==0, nv==0
UpdateNuMagParam : name MSDX, param=SK0, cv==0, nv==0
UpdateNuMagParam : name MSDX, param=SK1, cv==0, nv==0
UpdateNuMagParam : name MSDX, param=SK2, cv==0, nv==0
UpdateNuMagParam : name MSDX, param=SK3, cv==0, nv==0
UpdateNuMagParam : name MSDX, param=F1, cv==0, nv==0
UpdateNuMagParam : name MSDX, param=F2, cv==0, nv==0
UpdateNuMagParam : name MSDX, param=DX, cv==0, nv==0
UpdateNuMagParam : name MSDX, param=DY, cv==0, nv==0
UpdateNuMagParam : name MSDX.1, param=ANGLE, cv==.04888884528188256, nv==.04888884528188256
UpdateNuMagParam : name MSDX.1, param=K0, cv==0, nv==0
UpdateNuMagParam : name MSDX.1, param=K1, cv==-.3617, nv==-.3617
UpdateNuMagParam : name MSDX.1, param=K2, cv==0, nv==0
UpdateNuMagParam : name MSDX.1, param=K3, cv==0, nv==0
UpdateNuMagParam : name MSDX.1, param=SK0, cv==0, nv==0
UpdateNuMagParam : name MSDX.1, param=SK1, cv==0, nv==0
UpdateNuMagParam : name MSDX.1, param=SK2, cv==0, nv==0
UpdateNuMagParam : name MSDX.1, param=SK3, cv==0, nv==0
UpdateNuMagParam : name MSDX.1, param=F1, cv==0, nv==0
UpdateNuMagParam : name MSDX.1, param=F2, cv==0, nv==0
UpdateNuMagParam : name MSDX.1, param=DX, cv==0, nv==0
UpdateNuMagParam : name MSDX.1, param=DY, cv==0, nv==0
UpdateNuMagParam : name MSFX, param=ANGLE, cv==.051681459351456266, nv==.051681459351456266
UpdateNuMagParam : name MSFX, param=K0, cv==0, nv==0
UpdateNuMagParam : name MSFX, param=K1, cv==.3617, nv==.3617
UpdateNuMagParam : name MSFX, param=K2, cv==0, nv==0
UpdateNuMagParam : name MSFX, param=K3, cv==0, nv==0
UpdateNuMagParam : name MSFX, param=SK0, cv==0, nv==0
UpdateNuMagParam : name MSFX, param=SK1, cv==0, nv==0
UpdateNuMagParam : name MSFX, param=SK2, cv==0, nv==0
UpdateNuMagParam : name MSFX, param=SK3, cv==0, nv==0
UpdateNuMagParam : name MSFX, param=F1, cv==0, nv==0
UpdateNuMagParam : name MSFX, param=F2, cv==0, nv==0
UpdateNuMagParam : name MSFX, param=DX, cv==0, nv==0
UpdateNuMagParam : name MSFX, param=DY, cv==0, nv==0
UpdateNuMagParam : name MSFX.1, param=ANGLE, cv==.051681459351456266, nv==.051681459351456266
UpdateNuMagParam : name MSFX.1, param=K0, cv==0, nv==0
UpdateNuMagParam : name MSFX.1, param=K1, cv==.3617, nv==.3617
UpdateNuMagParam : name MSFX.1, param=K2, cv==0, nv==0
UpdateNuMagParam : name MSFX.1, param=K3, cv==0, nv==0
UpdateNuMagParam : name MSFX.1, param=SK0, cv==0, nv==0
UpdateNuMagParam : name MSFX.1, param=SK1, cv==0, nv==0
UpdateNuMagParam : name MSFX.1, param=SK2, cv==0, nv==0
UpdateNuMagParam : name MSFX.1, param=SK3, cv==0, nv==0
UpdateNuMagParam : name MSFX.1, param=F1, cv==0, nv==0
UpdateNuMagParam : name MSFX.1, param=F2, cv==0, nv==0
UpdateNuMagParam : name MSFX.1, param=DX, cv==0, nv==0
UpdateNuMagParam : name MSFX.1, param=DY, cv==0, nv==0
UpdateNuMagParam : name MSDX.2, param=ANGLE, cv==.04888884528188256, nv==.04888884528188256
UpdateNuMagParam : name MSDX.2, param=K0, cv==0, nv==0
UpdateNuMagParam : name MSDX.2, param=K1, cv==-.3617, nv==-.3617
UpdateNuMagParam : name MSDX.2, param=K2, cv==0, nv==0
UpdateNuMagParam : name MSDX.2, param=K3, cv==0, nv==0
UpdateNuMagParam : name MSDX.2, param=SK0, cv==0, nv==0
UpdateNuMagParam : name MSDX.2, param=SK1, cv==0, nv==0
UpdateNuMagParam : name MSDX.2, param=SK2, cv==0, nv==0
UpdateNuMagParam : name MSDX.2, param=SK3, cv==0, nv==0
UpdateNuMagParam : name MSDX.2, param=F1, cv==0, nv==0
UpdateNuMagParam : name MSDX.2, param=F2, cv==0, nv==0
UpdateNuMagParam : name MSDX.2, param=DX, cv==0, nv==0
UpdateNuMagParam : name MSDX.2, param=DY, cv==0, nv==0
UpdateNuMagParam : name MSFX.2, param=ANGLE, cv==.051681459351456266, nv==.051681459351456266
UpdateNuMagParam : name MSFX.2, param=K0, cv==0, nv==0
UpdateNuMagParam : name MSFX.2, param=K1, cv==.3617, nv==.3617
UpdateNuMagParam : name MSFX.2, param=K2, cv==0, nv==0
UpdateNuMagParam : name MSFX.2, param=K3, cv==0, nv==0
UpdateNuMagParam : name MSFX.2, param=SK0, cv==0, nv==0
UpdateNuMagParam : name MSFX.2, param=SK1, cv==0, nv==0
UpdateNuMagParam : name MSFX.2, param=SK2, cv==0, nv==0
UpdateNuMagParam : name MSFX.2, param=SK3, cv==0, nv==0
UpdateNuMagParam : name MSFX.2, param=F1, cv==0, nv==0
UpdateNuMagParam : name MSFX.2, param=F2, cv==0, nv==0
UpdateNuMagParam : name MSFX.2, param=DX, cv==0, nv==0
UpdateNuMagParam : name MSFX.2, param=DY, cv==0, nv==0
UpdateNuMagParam : name MSDX.3, param=ANGLE, cv==.04888884528188256, nv==.04888884528188256
UpdateNuMagParam : name MSDX.3, param=K0, cv==0, nv==0
UpdateNuMagParam : name MSDX.3, param=K1, cv==-.3617, nv==-.3617
UpdateNuMagParam : name MSDX.3, param=K2, cv==0, nv==0
UpdateNuMagParam : name MSDX.3, param=K3, cv==0, nv==0
UpdateNuMagParam : name MSDX.3, param=SK0, cv==0, nv==0
UpdateNuMagParam : name MSDX.3, param=SK1, cv==0, nv==0
UpdateNuMagParam : name MSDX.3, param=SK2, cv==0, nv==0
UpdateNuMagParam : name MSDX.3, param=SK3, cv==0, nv==0
UpdateNuMagParam : name MSDX.3, param=F1, cv==0, nv==0
UpdateNuMagParam : name MSDX.3, param=F2, cv==0, nv==0
UpdateNuMagParam : name MSDX.3, param=DX, cv==0, nv==0
UpdateNuMagParam : name MSDX.3, param=DY, cv==0, nv==0
UpdateNuMagParam : name MSFX.3, param=ANGLE, cv==.051681459351456266, nv==.051681459351456266
UpdateNuMagParam : name MSFX.3, param=K0, cv==0, nv==0
UpdateNuMagParam : name MSFX.3, param=K1, cv==.3617, nv==.3617
UpdateNuMagParam : name MSFX.3, param=K2, cv==0, nv==0
UpdateNuMagParam : name MSFX.3, param=K3, cv==0, nv==0
UpdateNuMagParam : name MSFX.3, param=SK0, cv==0, nv==0
UpdateNuMagParam : name MSFX.3, param=SK1, cv==0, nv==0
UpdateNuMagParam : name MSFX.3, param=SK2, cv==0, nv==0
UpdateNuMagParam : name MSFX.3, param=SK3, cv==0, nv==0
UpdateNuMagParam : name MSFX.3, param=F1, cv==0, nv==0
UpdateNuMagParam : name MSFX.3, param=F2, cv==0, nv==0
UpdateNuMagParam : name MSFX.3, param=DX, cv==0, nv==0
UpdateNuMagParam : name MSFX.3, param=DY, cv==0, nv==0
UpdateNuMagParam : name BSND03, param=ANGLE, cv==0, nv==0
UpdateNuMagParam : name BSND03, param=K0, cv==0, nv==0
UpdateNuMagParam : name BSND03, param=F1, cv==0, nv==0
UpdateNuMagParam : name BSND03, param=DX, cv==0, nv==0
UpdateNuMagParam : name BSND03, param=DY, cv==0, nv==0
UpdateNuMagParam : name BSSD03, param=ANGLE, cv==0, nv==0
UpdateNuMagParam : name BSSD03, param=K0, cv==0, nv==0
UpdateNuMagParam : name BSSD03, param=F1, cv==0, nv==0
UpdateNuMagParam : name BSSD03, param=DX, cv==0, nv==0
UpdateNuMagParam : name BSSD03, param=DY, cv==0, nv==0
UpdateNuMagParam : name MSDX.4, param=ANGLE, cv==.04888884528188256, nv==.04888884528188256
UpdateNuMagParam : name MSDX.4, param=K0, cv==0, nv==0
UpdateNuMagParam : name MSDX.4, param=K1, cv==-.3617, nv==-.3617
UpdateNuMagParam : name MSDX.4, param=K2, cv==0, nv==0
UpdateNuMagParam : name MSDX.4, param=K3, cv==0, nv==0
UpdateNuMagParam : name MSDX.4, param=SK0, cv==0, nv==0
UpdateNuMagParam : name MSDX.4, param=SK1, cv==0, nv==0
UpdateNuMagParam : name MSDX.4, param=SK2, cv==0, nv==0
UpdateNuMagParam : name MSDX.4, param=SK3, cv==0, nv==0
UpdateNuMagParam : name MSDX.4, param=F1, cv==0, nv==0
UpdateNuMagParam : name MSDX.4, param=F2, cv==0, nv==0
UpdateNuMagParam : name MSDX.4, param=DX, cv==0, nv==0
UpdateNuMagParam : name MSDX.4, param=DY, cv==0, nv==0
UpdateNuMagParam : name MSFX.4, param=ANGLE, cv==.051681459351456266, nv==.051681459351456266
UpdateNuMagParam : name MSFX.4, param=K0, cv==0, nv==0
UpdateNuMagParam : name MSFX.4, param=K1, cv==.3617, nv==.3617
UpdateNuMagParam : name MSFX.4, param=K2, cv==0, nv==0
UpdateNuMagParam : name MSFX.4, param=K3, cv==0, nv==0
UpdateNuMagParam : name MSFX.4, param=SK0, cv==0, nv==0
UpdateNuMagParam : name MSFX.4, param=SK1, cv==0, nv==0
UpdateNuMagParam : name MSFX.4, param=SK2, cv==0, nv==0
UpdateNuMagParam : name MSFX.4, param=SK3, cv==0, nv==0
UpdateNuMagParam : name MSFX.4, param=F1, cv==0, nv==0
UpdateNuMagParam : name MSFX.4, param=F2, cv==0, nv==0
UpdateNuMagParam : name MSFX.4, param=DX, cv==0, nv==0
UpdateNuMagParam : name MSFX.4, param=DY, cv==0, nv==0
UpdateNuMagParam : name MSDX.5, param=ANGLE, cv==.04888884528188256, nv==.04888884528188256
UpdateNuMagParam : name MSDX.5, param=K0, cv==0, nv==0
UpdateNuMagParam : name MSDX.5, param=K1, cv==-.3617, nv==-.3617
UpdateNuMagParam : name MSDX.5, param=K2, cv==0, nv==0
UpdateNuMagParam : name MSDX.5, param=K3, cv==0, nv==0
UpdateNuMagParam : name MSDX.5, param=SK0, cv==0, nv==0
UpdateNuMagParam : name MSDX.5, param=SK1, cv==0, nv==0
UpdateNuMagParam : name MSDX.5, param=SK2, cv==0, nv==0
UpdateNuMagParam : name MSDX.5, param=SK3, cv==0, nv==0
UpdateNuMagParam : name MSDX.5, param=F1, cv==0, nv==0
UpdateNuMagParam : name MSDX.5, param=F2, cv==0, nv==0
UpdateNuMagParam : name MSDX.5, param=DX, cv==0, nv==0
UpdateNuMagParam : name MSDX.5, param=DY, cv==0, nv==0
UpdateNuMagParam : name MSFX.5, param=ANGLE, cv==.051681459351456266, nv==.051681459351456266
UpdateNuMagParam : name MSFX.5, param=K0, cv==0, nv==0
UpdateNuMagParam : name MSFX.5, param=K1, cv==.3617, nv==.3617
UpdateNuMagParam : name MSFX.5, param=K2, cv==0, nv==0
UpdateNuMagParam : name MSFX.5, param=K3, cv==0, nv==0
UpdateNuMagParam : name MSFX.5, param=SK0, cv==0, nv==0
UpdateNuMagParam : name MSFX.5, param=SK1, cv==0, nv==0
UpdateNuMagParam : name MSFX.5, param=SK2, cv==0, nv==0
UpdateNuMagParam : name MSFX.5, param=SK3, cv==0, nv==0
UpdateNuMagParam : name MSFX.5, param=F1, cv==0, nv==0
UpdateNuMagParam : name MSFX.5, param=F2, cv==0, nv==0
UpdateNuMagParam : name MSFX.5, param=DX, cv==0, nv==0
UpdateNuMagParam : name MSFX.5, param=DY, cv==0, nv==0
UpdateNuMagParam : name MSDX.6, param=ANGLE, cv==.04888884528188256, nv==.04888884528188256
UpdateNuMagParam : name MSDX.6, param=K0, cv==0, nv==0
UpdateNuMagParam : name MSDX.6, param=K1, cv==-.3617, nv==-.3617
UpdateNuMagParam : name MSDX.6, param=K2, cv==0, nv==0
UpdateNuMagParam : name MSDX.6, param=K3, cv==0, nv==0
UpdateNuMagParam : name MSDX.6, param=SK0, cv==0, nv==0
UpdateNuMagParam : name MSDX.6, param=SK1, cv==0, nv==0
UpdateNuMagParam : name MSDX.6, param=SK2, cv==0, nv==0
UpdateNuMagParam : name MSDX.6, param=SK3, cv==0, nv==0
UpdateNuMagParam : name MSDX.6, param=F1, cv==0, nv==0
UpdateNuMagParam : name MSDX.6, param=F2, cv==0, nv==0
UpdateNuMagParam : name MSDX.6, param=DX, cv==0, nv==0
UpdateNuMagParam : name MSDX.6, param=DY, cv==0, nv==0
UpdateNuMagParam : name MSFX.6, param=ANGLE, cv==.051681459351456266, nv==.051681459351456266
UpdateNuMagParam : name MSFX.6, param=K0, cv==0, nv==0
UpdateNuMagParam : name MSFX.6, param=K1, cv==.3617, nv==.3617
UpdateNuMagParam : name MSFX.6, param=K2, cv==0, nv==0
UpdateNuMagParam : name MSFX.6, param=K3, cv==0, nv==0
UpdateNuMagParam : name MSFX.6, param=SK0, cv==0, nv==0
UpdateNuMagParam : name MSFX.6, param=SK1, cv==0, nv==0
UpdateNuMagParam : name MSFX.6, param=SK2, cv==0, nv==0
UpdateNuMagParam : name MSFX.6, param=SK3, cv==0, nv==0
UpdateNuMagParam : name MSFX.6, param=F1, cv==0, nv==0
UpdateNuMagParam : name MSFX.6, param=F2, cv==0, nv==0
UpdateNuMagParam : name MSFX.6, param=DX, cv==0, nv==0
UpdateNuMagParam : name MSFX.6, param=DY, cv==0, nv==0
UpdateNuMagParam : name MSDX.7, param=ANGLE, cv==.04888884528188256, nv==.04888884528188256
UpdateNuMagParam : name MSDX.7, param=K0, cv==0, nv==0
UpdateNuMagParam : name MSDX.7, param=K1, cv==-.3617, nv==-.3617
UpdateNuMagParam : name MSDX.7, param=K2, cv==0, nv==0
UpdateNuMagParam : name MSDX.7, param=K3, cv==0, nv==0
UpdateNuMagParam : name MSDX.7, param=SK0, cv==0, nv==0
UpdateNuMagParam : name MSDX.7, param=SK1, cv==0, nv==0
UpdateNuMagParam : name MSDX.7, param=SK2, cv==0, nv==0
UpdateNuMagParam : name MSDX.7, param=SK3, cv==0, nv==0
UpdateNuMagParam : name MSDX.7, param=F1, cv==0, nv==0
UpdateNuMagParam : name MSDX.7, param=F2, cv==0, nv==0
UpdateNuMagParam : name MSDX.7, param=DX, cv==0, nv==0
UpdateNuMagParam : name MSDX.7, param=DY, cv==0, nv==0
UpdateNuMagParam : name MSFX.7, param=ANGLE, cv==.051681459351456266, nv==.051681459351456266
UpdateNuMagParam : name MSFX.7, param=K0, cv==0, nv==0
UpdateNuMagParam : name MSFX.7, param=K1, cv==.3617, nv==.3617
UpdateNuMagParam : name MSFX.7, param=K2, cv==0, nv==0
UpdateNuMagParam : name MSFX.7, param=K3, cv==0, nv==0
UpdateNuMagParam : name MSFX.7, param=SK0, cv==0, nv==0
UpdateNuMagParam : name MSFX.7, param=SK1, cv==0, nv==0
UpdateNuMagParam : name MSFX.7, param=SK2, cv==0, nv==0
UpdateNuMagParam : name MSFX.7, param=SK3, cv==0, nv==0
UpdateNuMagParam : name MSFX.7, param=F1, cv==0, nv==0
UpdateNuMagParam : name MSFX.7, param=F2, cv==0, nv==0
UpdateNuMagParam : name MSFX.7, param=DX, cv==0, nv==0
UpdateNuMagParam : name MSFX.7, param=DY, cv==0, nv==0
UpdateNuMagParam : name BSND07, param=ANGLE, cv==0, nv==0
UpdateNuMagParam : name BSND07, param=K0, cv==0, nv==0
UpdateNuMagParam : name BSND07, param=F1, cv==0, nv==0
UpdateNuMagParam : name BSND07, param=DX, cv==0, nv==0
UpdateNuMagParam : name BSND07, param=DY, cv==0, nv==0
UpdateNuMagParam : name BSSD07, param=ANGLE, cv==0, nv==0
UpdateNuMagParam : name BSSD07, param=K0, cv==0, nv==0
UpdateNuMagParam : name BSSD07, param=F1, cv==0, nv==0
UpdateNuMagParam : name BSSD07, param=DX, cv==0, nv==0
UpdateNuMagParam : name BSSD07, param=DY, cv==0, nv==0
UpdateNuMagParam : name MSDX.8, param=ANGLE, cv==.04888884528188256, nv==.04888884528188256
UpdateNuMagParam : name MSDX.8, param=K0, cv==0, nv==0
UpdateNuMagParam : name MSDX.8, param=K1, cv==-.3617, nv==-.3617
UpdateNuMagParam : name MSDX.8, param=K2, cv==0, nv==0
UpdateNuMagParam : name MSDX.8, param=K3, cv==0, nv==0
UpdateNuMagParam : name MSDX.8, param=SK0, cv==0, nv==0
UpdateNuMagParam : name MSDX.8, param=SK1, cv==0, nv==0
UpdateNuMagParam : name MSDX.8, param=SK2, cv==0, nv==0
UpdateNuMagParam : name MSDX.8, param=SK3, cv==0, nv==0
UpdateNuMagParam : name MSDX.8, param=F1, cv==0, nv==0
UpdateNuMagParam : name MSDX.8, param=F2, cv==0, nv==0
UpdateNuMagParam : name MSDX.8, param=DX, cv==0, nv==0
UpdateNuMagParam : name MSDX.8, param=DY, cv==0, nv==0
UpdateNuMagParam : name MSFX.8, param=ANGLE, cv==.051681459351456266, nv==.051681459351456266
UpdateNuMagParam : name MSFX.8, param=K0, cv==0, nv==0
UpdateNuMagParam : name MSFX.8, param=K1, cv==.3617, nv==.3617
UpdateNuMagParam : name MSFX.8, param=K2, cv==0, nv==0
UpdateNuMagParam : name MSFX.8, param=K3, cv==0, nv==0
UpdateNuMagParam : name MSFX.8, param=SK0, cv==0, nv==0
UpdateNuMagParam : name MSFX.8, param=SK1, cv==0, nv==0
UpdateNuMagParam : name MSFX.8, param=SK2, cv==0, nv==0
UpdateNuMagParam : name MSFX.8, param=SK3, cv==0, nv==0
UpdateNuMagParam : name MSFX.8, param=F1, cv==0, nv==0
UpdateNuMagParam : name MSFX.8, param=F2, cv==0, nv==0
UpdateNuMagParam : name MSFX.8, param=DX, cv==0, nv==0
UpdateNuMagParam : name MSFX.8, param=DY, cv==0, nv==0
UpdateNuMagParam : name BSND08, param=ANGLE, cv==0, nv==0
UpdateNuMagParam : name BSND08, param=K0, cv==0, nv==0
UpdateNuMagParam : name BSND08, param=F1, cv==0, nv==0
UpdateNuMagParam : name BSND08, param=DX, cv==0, nv==0
UpdateNuMagParam : name BSND08, param=DY, cv==0, nv==0
UpdateNuMagParam : name BSSD08, param=ANGLE, cv==0, nv==0
UpdateNuMagParam : name BSSD08, param=K0, cv==0, nv==0
UpdateNuMagParam : name BSSD08, param=F1, cv==0, nv==0
UpdateNuMagParam : name BSSD08, param=DX, cv==0, nv==0
UpdateNuMagParam : name BSSD08, param=DY, cv==0, nv==0
UpdateNuMagParam : name MSDX.9, param=ANGLE, cv==.04888884528188256, nv==.04888884528188256
UpdateNuMagParam : name MSDX.9, param=K0, cv==0, nv==0
UpdateNuMagParam : name MSDX.9, param=K1, cv==-.3617, nv==-.3617
UpdateNuMagParam : name MSDX.9, param=K2, cv==0, nv==0
UpdateNuMagParam : name MSDX.9, param=K3, cv==0, nv==0
UpdateNuMagParam : name MSDX.9, param=SK0, cv==0, nv==0
UpdateNuMagParam : name MSDX.9, param=SK1, cv==0, nv==0
UpdateNuMagParam : name MSDX.9, param=SK2, cv==0, nv==0
UpdateNuMagParam : name MSDX.9, param=SK3, cv==0, nv==0
UpdateNuMagParam : name MSDX.9, param=F1, cv==0, nv==0
UpdateNuMagParam : name MSDX.9, param=F2, cv==0, nv==0
UpdateNuMagParam : name MSDX.9, param=DX, cv==0, nv==0
UpdateNuMagParam : name MSDX.9, param=DY, cv==0, nv==0
UpdateNuMagParam : name MSFX.9, param=ANGLE, cv==.051681459351456266, nv==.051681459351456266
UpdateNuMagParam : name MSFX.9, param=K0, cv==0, nv==0
UpdateNuMagParam : name MSFX.9, param=K1, cv==.3617, nv==.3617
UpdateNuMagParam : name MSFX.9, param=K2, cv==0, nv==0
UpdateNuMagParam : name MSFX.9, param=K3, cv==0, nv==0
UpdateNuMagParam : name MSFX.9, param=SK0, cv==0, nv==0
UpdateNuMagParam : name MSFX.9, param=SK1, cv==0, nv==0
UpdateNuMagParam : name MSFX.9, param=SK2, cv==0, nv==0
UpdateNuMagParam : name MSFX.9, param=SK3, cv==0, nv==0
UpdateNuMagParam : name MSFX.9, param=F1, cv==0, nv==0
UpdateNuMagParam : name MSFX.9, param=F2, cv==0, nv==0
UpdateNuMagParam : name MSFX.9, param=DX, cv==0, nv==0
UpdateNuMagParam : name MSFX.9, param=DY, cv==0, nv==0
UpdateNuMagParam : name MSDX.10, param=ANGLE, cv==.04888884528188256, nv==.04888884528188256
UpdateNuMagParam : name MSDX.10, param=K0, cv==0, nv==0
UpdateNuMagParam : name MSDX.10, param=K1, cv==-.3617, nv==-.3617
UpdateNuMagParam : name MSDX.10, param=K2, cv==0, nv==0
UpdateNuMagParam : name MSDX.10, param=K3, cv==0, nv==0
UpdateNuMagParam : name MSDX.10, param=SK0, cv==0, nv==0
UpdateNuMagParam : name MSDX.10, param=SK1, cv==0, nv==0
UpdateNuMagParam : name MSDX.10, param=SK2, cv==0, nv==0
UpdateNuMagParam : name MSDX.10, param=SK3, cv==0, nv==0
UpdateNuMagParam : name MSDX.10, param=F1, cv==0, nv==0
UpdateNuMagParam : name MSDX.10, param=F2, cv==0, nv==0
UpdateNuMagParam : name MSDX.10, param=DX, cv==0, nv==0
UpdateNuMagParam : name MSDX.10, param=DY, cv==0, nv==0
UpdateNuMagParam : name MSFX.10, param=ANGLE, cv==.051681459351456266, nv==.051681459351456266
UpdateNuMagParam : name MSFX.10, param=K0, cv==0, nv==0
UpdateNuMagParam : name MSFX.10, param=K1, cv==.3617, nv==.3617
UpdateNuMagParam : name MSFX.10, param=K2, cv==0, nv==0
UpdateNuMagParam : name MSFX.10, param=K3, cv==0, nv==0
UpdateNuMagParam : name MSFX.10, param=SK0, cv==0, nv==0
UpdateNuMagParam : name MSFX.10, param=SK1, cv==0, nv==0
UpdateNuMagParam : name MSFX.10, param=SK2, cv==0, nv==0
UpdateNuMagParam : name MSFX.10, param=SK3, cv==0, nv==0
UpdateNuMagParam : name MSFX.10, param=F1, cv==0, nv==0
UpdateNuMagParam : name MSFX.10, param=F2, cv==0, nv==0
UpdateNuMagParam : name MSFX.10, param=DX, cv==0, nv==0
UpdateNuMagParam : name MSFX.10, param=DY, cv==0, nv==0
UpdateNuMagParam : name MSDX.11, param=ANGLE, cv==.04888884528188256, nv==.04888884528188256
UpdateNuMagParam : name MSDX.11, param=K0, cv==0, nv==0
UpdateNuMagParam : name MSDX.11, param=K1, cv==-.3617, nv==-.3617
UpdateNuMagParam : name MSDX.11, param=K2, cv==0, nv==0
UpdateNuMagParam : name MSDX.11, param=K3, cv==0, nv==0
UpdateNuMagParam : name MSDX.11, param=SK0, cv==0, nv==0
UpdateNuMagParam : name MSDX.11, param=SK1, cv==0, nv==0
UpdateNuMagParam : name MSDX.11, param=SK2, cv==0, nv==0
UpdateNuMagParam : name MSDX.11, param=SK3, cv==0, nv==0
UpdateNuMagParam : name MSDX.11, param=F1, cv==0, nv==0
UpdateNuMagParam : name MSDX.11, param=F2, cv==0, nv==0
UpdateNuMagParam : name MSDX.11, param=DX, cv==0, nv==0
UpdateNuMagParam : name MSDX.11, param=DY, cv==0, nv==0
UpdateNuMagParam : name MSFX.11, param=ANGLE, cv==.051681459351456266, nv==.051681459351456266
UpdateNuMagParam : name MSFX.11, param=K0, cv==0, nv==0
UpdateNuMagParam : name MSFX.11, param=K1, cv==.3617, nv==.3617
UpdateNuMagParam : name MSFX.11, param=K2, cv==0, nv==0
UpdateNuMagParam : name MSFX.11, param=K3, cv==0, nv==0
UpdateNuMagParam : name MSFX.11, param=SK0, cv==0, nv==0
UpdateNuMagParam : name MSFX.11, param=SK1, cv==0, nv==0
UpdateNuMagParam : name MSFX.11, param=SK2, cv==0, nv==0
UpdateNuMagParam : name MSFX.11, param=SK3, cv==0, nv==0
UpdateNuMagParam : name MSFX.11, param=F1, cv==0, nv==0
UpdateNuMagParam : name MSFX.11, param=F2, cv==0, nv==0
UpdateNuMagParam : name MSFX.11, param=DX, cv==0, nv==0
UpdateNuMagParam : name MSFX.11, param=DY, cv==0, nv==0
UpdateNuMagParam : name MSDX.12, param=ANGLE, cv==.04888884528188256, nv==.04888884528188256
UpdateNuMagParam : name MSDX.12, param=K0, cv==0, nv==0
UpdateNuMagParam : name MSDX.12, param=K1, cv==-.3617, nv==-.3617
UpdateNuMagParam : name MSDX.12, param=K2, cv==0, nv==0
UpdateNuMagParam : name MSDX.12, param=K3, cv==0, nv==0
UpdateNuMagParam : name MSDX.12, param=SK0, cv==0, nv==0
UpdateNuMagParam : name MSDX.12, param=SK1, cv==0, nv==0
UpdateNuMagParam : name MSDX.12, param=SK2, cv==0, nv==0
UpdateNuMagParam : name MSDX.12, param=SK3, cv==0, nv==0
UpdateNuMagParam : name MSDX.12, param=F1, cv==0, nv==0
UpdateNuMagParam : name MSDX.12, param=F2, cv==0, nv==0
UpdateNuMagParam : name MSDX.12, param=DX, cv==0, nv==0
UpdateNuMagParam : name MSDX.12, param=DY, cv==0, nv==0
UpdateNuMagParam : name MSFX.12, param=ANGLE, cv==.051681459351456266, nv==.051681459351456266
UpdateNuMagParam : name MSFX.12, param=K0, cv==0, nv==0
UpdateNuMagParam : name MSFX.12, param=K1, cv==.3617, nv==.3617
UpdateNuMagParam : name MSFX.12, param=K2, cv==0, nv==0
UpdateNuMagParam : name MSFX.12, param=K3, cv==0, nv==0
UpdateNuMagParam : name MSFX.12, param=SK0, cv==0, nv==0
UpdateNuMagParam : name MSFX.12, param=SK1, cv==0, nv==0
UpdateNuMagParam : name MSFX.12, param=SK2, cv==0, nv==0
UpdateNuMagParam : name MSFX.12, param=SK3, cv==0, nv==0
UpdateNuMagParam : name MSFX.12, param=F1, cv==0, nv==0
UpdateNuMagParam : name MSFX.12, param=F2, cv==0, nv==0
UpdateNuMagParam : name MSFX.12, param=DX, cv==0, nv==0
UpdateNuMagParam : name MSFX.12, param=DY, cv==0, nv==0
UpdateNuMagParam : name MSDX.13, param=ANGLE, cv==.04888884528188256, nv==.04888884528188256
UpdateNuMagParam : name MSDX.13, param=K0, cv==0, nv==0
UpdateNuMagParam : name MSDX.13, param=K1, cv==-.3617, nv==-.3617
UpdateNuMagParam : name MSDX.13, param=K2, cv==0, nv==0
UpdateNuMagParam : name MSDX.13, param=K3, cv==0, nv==0
UpdateNuMagParam : name MSDX.13, param=SK0, cv==0, nv==0
UpdateNuMagParam : name MSDX.13, param=SK1, cv==0, nv==0
UpdateNuMagParam : name MSDX.13, param=SK2, cv==0, nv==0
UpdateNuMagParam : name MSDX.13, param=SK3, cv==0, nv==0
UpdateNuMagParam : name MSDX.13, param=F1, cv==0, nv==0
UpdateNuMagParam : name MSDX.13, param=F2, cv==0, nv==0
UpdateNuMagParam : name MSDX.13, param=DX, cv==0, nv==0
UpdateNuMagParam : name MSDX.13, param=DY, cv==0, nv==0
UpdateNuMagParam : name MSFX.13, param=ANGLE, cv==.051681459351456266, nv==.051681459351456266
UpdateNuMagParam : name MSFX.13, param=K0, cv==0, nv==0
UpdateNuMagParam : name MSFX.13, param=K1, cv==.3617, nv==.3617
UpdateNuMagParam : name MSFX.13, param=K2, cv==0, nv==0
UpdateNuMagParam : name MSFX.13, param=K3, cv==0, nv==0
UpdateNuMagParam : name MSFX.13, param=SK0, cv==0, nv==0
UpdateNuMagParam : name MSFX.13, param=SK1, cv==0, nv==0
UpdateNuMagParam : name MSFX.13, param=SK2, cv==0, nv==0
UpdateNuMagParam : name MSFX.13, param=SK3, cv==0, nv==0
UpdateNuMagParam : name MSFX.13, param=F1, cv==0, nv==0
UpdateNuMagParam : name MSFX.13, param=F2, cv==0, nv==0
UpdateNuMagParam : name MSFX.13, param=DX, cv==0, nv==0
UpdateNuMagParam : name MSFX.13, param=DY, cv==0, nv==0
UpdateNuMagParam : name MSDX.14, param=ANGLE, cv==.04888884528188256, nv==.04888884528188256
UpdateNuMagParam : name MSDX.14, param=K0, cv==0, nv==0
UpdateNuMagParam : name MSDX.14, param=K1, cv==-.3617, nv==-.3617
UpdateNuMagParam : name MSDX.14, param=K2, cv==0, nv==0
UpdateNuMagParam : name MSDX.14, param=K3, cv==0, nv==0
UpdateNuMagParam : name MSDX.14, param=SK0, cv==0, nv==0
UpdateNuMagParam : name MSDX.14, param=SK1, cv==0, nv==0
UpdateNuMagParam : name MSDX.14, param=SK2, cv==0, nv==0
UpdateNuMagParam : name MSDX.14, param=SK3, cv==0, nv==0
UpdateNuMagParam : name MSDX.14, param=F1, cv==0, nv==0
UpdateNuMagParam : name MSDX.14, param=F2, cv==0, nv==0
UpdateNuMagParam : name MSDX.14, param=DX, cv==0, nv==0
UpdateNuMagParam : name MSDX.14, param=DY, cv==0, nv==0
UpdateNuMagParam : name MSFX.14, param=ANGLE, cv==.051681459351456266, nv==.051681459351456266
UpdateNuMagParam : name MSFX.14, param=K0, cv==0, nv==0
UpdateNuMagParam : name MSFX.14, param=K1, cv==.3617, nv==.3617
UpdateNuMagParam : name MSFX.14, param=K2, cv==0, nv==0
UpdateNuMagParam : name MSFX.14, param=K3, cv==0, nv==0
UpdateNuMagParam : name MSFX.14, param=SK0, cv==0, nv==0
UpdateNuMagParam : name MSFX.14, param=SK1, cv==0, nv==0
UpdateNuMagParam : name MSFX.14, param=SK2, cv==0, nv==0
UpdateNuMagParam : name MSFX.14, param=SK3, cv==0, nv==0
UpdateNuMagParam : name MSFX.14, param=F1, cv==0, nv==0
UpdateNuMagParam : name MSFX.14, param=F2, cv==0, nv==0
UpdateNuMagParam : name MSFX.14, param=DX, cv==0, nv==0
UpdateNuMagParam : name MSFX.14, param=DY, cv==0, nv==0
UpdateNuMagParam : name QFQ1, param=K1, cv==-.2153297, nv==-.2153297
UpdateNuMagParam : name QFQ1, param=F1, cv==0, nv==0
UpdateNuMagParam : name QFQ1, param=F2, cv==0, nv==0
UpdateNuMagParam : name QFQ1, param=DX, cv==-9.1380231e-05, nv==-9.1380231e-05
UpdateNuMagParam : name QFQ1, param=DY, cv==-.000676, nv==-.000676
UpdateNuMagParam : name BFV1, param=ANGLE, cv==0, nv==0
UpdateNuMagParam : name BFV1, param=K0, cv==0, nv==0
UpdateNuMagParam : name BFV1, param=F1, cv==0, nv==0
UpdateNuMagParam : name BFV1, param=DX, cv==0, nv==0
UpdateNuMagParam : name BFV1, param=DY, cv==0, nv==0
UpdateNuMagParam : name BFH1, param=ANGLE, cv==.0013288237573582267, nv==.0013288237573582267
UpdateNuMagParam : name BFH1, param=K0, cv==0, nv==0
UpdateNuMagParam : name BFH1, param=F1, cv==0, nv==0
UpdateNuMagParam : name BFH1, param=DX, cv==0, nv==0
UpdateNuMagParam : name BFH1, param=DY, cv==0, nv==0
UpdateNuMagParam : name BFV2, param=ANGLE, cv==0, nv==0
UpdateNuMagParam : name BFV2, param=K0, cv==0, nv==0
UpdateNuMagParam : name BFV2, param=F1, cv==0, nv==0
UpdateNuMagParam : name BFV2, param=DX, cv==0, nv==0
UpdateNuMagParam : name BFV2, param=DY, cv==0, nv==0
UpdateNuMagParam : name QFQ2, param=K1, cv==.1748279, nv==.1748279
UpdateNuMagParam : name QFQ2, param=F1, cv==0, nv==0
UpdateNuMagParam : name QFQ2, param=F2, cv==0, nv==0
UpdateNuMagParam : name QFQ2, param=DX, cv==6.4609412e-05, nv==6.4609412e-05
UpdateNuMagParam : name QFQ2, param=DY, cv==-.00441, nv==-.00441
UpdateNuMagParam : name QFQ3, param=K1, cv==-.1846039, nv==-.1846039
UpdateNuMagParam : name QFQ3, param=F1, cv==0, nv==0
UpdateNuMagParam : name QFQ3, param=F2, cv==0, nv==0
UpdateNuMagParam : name QFQ3, param=DX, cv==.000156809582, nv==.000156809582
UpdateNuMagParam : name QFQ3, param=DY, cv==-.005009, nv==-.005009
UpdateNuMagParam : name BFH2, param=ANGLE, cv==0, nv==0
UpdateNuMagParam : name BFH2, param=K0, cv==0, nv==0
UpdateNuMagParam : name BFH2, param=F1, cv==0, nv==0
UpdateNuMagParam : name BFH2, param=DX, cv==0, nv==0
UpdateNuMagParam : name BFH2, param=DY, cv==0, nv==0
UpdateNuMagParam : name BFVD1, param=ANGLE, cv==-.023736477827122886, nv==-.023736477827122886
UpdateNuMagParam : name BFVD1, param=K0, cv==0, nv==0
UpdateNuMagParam : name BFVD1, param=F1, cv==0, nv==0
UpdateNuMagParam : name BFVD1, param=DX, cv==0, nv==0
UpdateNuMagParam : name BFVD1, param=DY, cv==0, nv==0
UpdateNuMagParam : name QFQ4, param=K1, cv==.0395099, nv==.0395099
UpdateNuMagParam : name QFQ4, param=F1, cv==0, nv==0
UpdateNuMagParam : name QFQ4, param=F2, cv==0, nv==0
UpdateNuMagParam : name QFQ4, param=DX, cv==.000389638756, nv==.000389638756
UpdateNuMagParam : name QFQ4, param=DY, cv==-.001692, nv==-.001692
UpdateNuMagParam : name BFVD2, param=ANGLE, cv==-.03974114706791088, nv==-.03974114706791088
UpdateNuMagParam : name BFVD2, param=K0, cv==0, nv==0
UpdateNuMagParam : name BFVD2, param=F1, cv==0, nv==0
UpdateNuMagParam : name BFVD2, param=DX, cv==0, nv==0
UpdateNuMagParam : name BFVD2, param=DY, cv==0, nv==0
 
 !! 0: ideal drift length, 1: real (survey) drift length
 !SetDriftLength[0];
 !SetDriftLength[1];
 
 !! no call : use lattice file, 0: dx=dy=0, 1: based on the survey result
 !SetMagAlignment[0];
 !InitNuMagnetsAlign[];
 
 
 FFS["trpt calc"];
 CONVERGENCE=1.0e-20;
 FFS["calc"];
 FFS["save"];
 
 Print["*** CHECK -1 ***"];
*** CHECK -1 ***
 Map[PrintNuMagParamIn,  NuMagList];
PrintNuMagParam : name BPV1, param=ANGLE, cv==0, nv==0
PrintNuMagParam : name BPV1, param=K0, cv==0, nv==0
PrintNuMagParam : name BPV1, param=F1, cv==0, nv==0
PrintNuMagParam : name BPV1, param=DX, cv==0, nv==0
PrintNuMagParam : name BPV1, param=DY, cv==0, nv==0
PrintNuMagParam : name BPV1, param=CSET, cv==NuMagDataEPICS["BPV1","SET"], nv==-1
PrintNuMagParam : name BPH2, param=ANGLE, cv==0, nv==0
PrintNuMagParam : name BPH2, param=K0, cv==0, nv==0
PrintNuMagParam : name BPH2, param=F1, cv==0, nv==0
PrintNuMagParam : name BPH2, param=DX, cv==0, nv==0
PrintNuMagParam : name BPH2, param=DY, cv==0, nv==0
PrintNuMagParam : name BPH2, param=CSET, cv==NuMagDataEPICS["BPH2","SET"], nv==-1
PrintNuMagParam : name QPQ1, param=K1, cv==.1660473, nv==.1660473
PrintNuMagParam : name QPQ1, param=F1, cv==0, nv==0
PrintNuMagParam : name QPQ1, param=F2, cv==0, nv==0
PrintNuMagParam : name QPQ1, param=DX, cv==-.000155743626, nv==-.000155743626
PrintNuMagParam : name QPQ1, param=DY, cv==.0003995, nv==.0003995
PrintNuMagParam : name QPQ1, param=CSET, cv==NuMagDataEPICS["QPQ1","SET"], nv==-1
PrintNuMagParam : name QPQ2, param=K1, cv==-.1890764, nv==-.1890764
PrintNuMagParam : name QPQ2, param=F1, cv==0, nv==0
PrintNuMagParam : name QPQ2, param=F2, cv==0, nv==0
PrintNuMagParam : name QPQ2, param=DX, cv==-.000123459866, nv==-.000123459866
PrintNuMagParam : name QPQ2, param=DY, cv==.000392, nv==.000392
PrintNuMagParam : name QPQ2, param=CSET, cv==NuMagDataEPICS["QPQ2","SET"], nv==-1
PrintNuMagParam : name BPD1, param=ANGLE, cv==.03354700607884197, nv==.03354700607884197
PrintNuMagParam : name BPD1, param=K0, cv==0, nv==0
PrintNuMagParam : name BPD1, param=F1, cv==0, nv==0
PrintNuMagParam : name BPD1, param=DX, cv==0, nv==0
PrintNuMagParam : name BPD1, param=DY, cv==0, nv==0
PrintNuMagParam : name BPD1, param=CSET, cv==NuMagDataEPICS["BPD1","SET"], nv==-1
PrintNuMagParam : name BPD2, param=ANGLE, cv==.03316548691321012, nv==.03316548691321012
PrintNuMagParam : name BPD2, param=K0, cv==0, nv==0
PrintNuMagParam : name BPD2, param=F1, cv==0, nv==0
PrintNuMagParam : name BPD2, param=DX, cv==0, nv==0
PrintNuMagParam : name BPD2, param=DY, cv==0, nv==0
PrintNuMagParam : name BPD2, param=CSET, cv==NuMagDataEPICS["BPD2","SET"], nv==-1
PrintNuMagParam : name QPQ3, param=K1, cv==.1088881, nv==.1088881
PrintNuMagParam : name QPQ3, param=F1, cv==0, nv==0
PrintNuMagParam : name QPQ3, param=F2, cv==0, nv==0
PrintNuMagParam : name QPQ3, param=DX, cv==.000330152577, nv==.000330152577
PrintNuMagParam : name QPQ3, param=DY, cv==-.0003095, nv==-.0003095
PrintNuMagParam : name QPQ3, param=CSET, cv==NuMagDataEPICS["QPQ3","SET"], nv==-1
PrintNuMagParam : name BPV2, param=ANGLE, cv==0, nv==0
PrintNuMagParam : name BPV2, param=K0, cv==0, nv==0
PrintNuMagParam : name BPV2, param=F1, cv==0, nv==0
PrintNuMagParam : name BPV2, param=DX, cv==0, nv==0
PrintNuMagParam : name BPV2, param=DY, cv==0, nv==0
PrintNuMagParam : name BPV2, param=CSET, cv==NuMagDataEPICS["BPV2","SET"], nv==-1
PrintNuMagParam : name QPQ4, param=K1, cv==-.1882606, nv==-.1882606
PrintNuMagParam : name QPQ4, param=F1, cv==0, nv==0
PrintNuMagParam : name QPQ4, param=F2, cv==0, nv==0
PrintNuMagParam : name QPQ4, param=DX, cv==-.000317780416, nv==-.000317780416
PrintNuMagParam : name QPQ4, param=DY, cv==.000125, nv==.000125
PrintNuMagParam : name QPQ4, param=CSET, cv==NuMagDataEPICS["QPQ4","SET"], nv==-1
PrintNuMagParam : name BPH3, param=ANGLE, cv==0, nv==0
PrintNuMagParam : name BPH3, param=K0, cv==0, nv==0
PrintNuMagParam : name BPH3, param=F1, cv==0, nv==0
PrintNuMagParam : name BPH3, param=DX, cv==0, nv==0
PrintNuMagParam : name BPH3, param=DY, cv==0, nv==0
PrintNuMagParam : name BPH3, param=CSET, cv==NuMagDataEPICS["BPH3","SET"], nv==-1
PrintNuMagParam : name QPQ5, param=K1, cv==.1805399, nv==.1805399
PrintNuMagParam : name QPQ5, param=F1, cv==0, nv==0
PrintNuMagParam : name QPQ5, param=F2, cv==0, nv==0
PrintNuMagParam : name QPQ5, param=DX, cv==.000123888269, nv==.000123888269
PrintNuMagParam : name QPQ5, param=DY, cv==-.0001135, nv==-.0001135
PrintNuMagParam : name QPQ5, param=CSET, cv==NuMagDataEPICS["QPQ5","SET"], nv==-1
PrintNuMagParam : name MSDX, param=ANGLE, cv==.04888884528188256, nv==.04888884528188256
PrintNuMagParam : name MSDX, param=K0, cv==0, nv==0
PrintNuMagParam : name MSDX, param=K1, cv==-.3617, nv==-.3617
PrintNuMagParam : name MSDX, param=K2, cv==0, nv==0
PrintNuMagParam : name MSDX, param=K3, cv==0, nv==0
PrintNuMagParam : name MSDX, param=SK0, cv==0, nv==0
PrintNuMagParam : name MSDX, param=SK1, cv==0, nv==0
PrintNuMagParam : name MSDX, param=SK2, cv==0, nv==0
PrintNuMagParam : name MSDX, param=SK3, cv==0, nv==0
PrintNuMagParam : name MSDX, param=F1, cv==0, nv==0
PrintNuMagParam : name MSDX, param=F2, cv==0, nv==0
PrintNuMagParam : name MSDX, param=DX, cv==0, nv==0
PrintNuMagParam : name MSDX, param=DY, cv==0, nv==0
PrintNuMagParam : name MSDX.1, param=ANGLE, cv==.04888884528188256, nv==.04888884528188256
PrintNuMagParam : name MSDX.1, param=K0, cv==0, nv==0
PrintNuMagParam : name MSDX.1, param=K1, cv==-.3617, nv==-.3617
PrintNuMagParam : name MSDX.1, param=K2, cv==0, nv==0
PrintNuMagParam : name MSDX.1, param=K3, cv==0, nv==0
PrintNuMagParam : name MSDX.1, param=SK0, cv==0, nv==0
PrintNuMagParam : name MSDX.1, param=SK1, cv==0, nv==0
PrintNuMagParam : name MSDX.1, param=SK2, cv==0, nv==0
PrintNuMagParam : name MSDX.1, param=SK3, cv==0, nv==0
PrintNuMagParam : name MSDX.1, param=F1, cv==0, nv==0
PrintNuMagParam : name MSDX.1, param=F2, cv==0, nv==0
PrintNuMagParam : name MSDX.1, param=DX, cv==0, nv==0
PrintNuMagParam : name MSDX.1, param=DY, cv==0, nv==0
PrintNuMagParam : name MSDX.1, param=CSET, cv==NuMagDataEPICS["MSDX.1","SET"], nv==-1
PrintNuMagParam : name MSFX, param=ANGLE, cv==.051681459351456266, nv==.051681459351456266
PrintNuMagParam : name MSFX, param=K0, cv==0, nv==0
PrintNuMagParam : name MSFX, param=K1, cv==.3617, nv==.3617
PrintNuMagParam : name MSFX, param=K2, cv==0, nv==0
PrintNuMagParam : name MSFX, param=K3, cv==0, nv==0
PrintNuMagParam : name MSFX, param=SK0, cv==0, nv==0
PrintNuMagParam : name MSFX, param=SK1, cv==0, nv==0
PrintNuMagParam : name MSFX, param=SK2, cv==0, nv==0
PrintNuMagParam : name MSFX, param=SK3, cv==0, nv==0
PrintNuMagParam : name MSFX, param=F1, cv==0, nv==0
PrintNuMagParam : name MSFX, param=F2, cv==0, nv==0
PrintNuMagParam : name MSFX, param=DX, cv==0, nv==0
PrintNuMagParam : name MSFX, param=DY, cv==0, nv==0
PrintNuMagParam : name MSFX.1, param=ANGLE, cv==.051681459351456266, nv==.051681459351456266
PrintNuMagParam : name MSFX.1, param=K0, cv==0, nv==0
PrintNuMagParam : name MSFX.1, param=K1, cv==.3617, nv==.3617
PrintNuMagParam : name MSFX.1, param=K2, cv==0, nv==0
PrintNuMagParam : name MSFX.1, param=K3, cv==0, nv==0
PrintNuMagParam : name MSFX.1, param=SK0, cv==0, nv==0
PrintNuMagParam : name MSFX.1, param=SK1, cv==0, nv==0
PrintNuMagParam : name MSFX.1, param=SK2, cv==0, nv==0
PrintNuMagParam : name MSFX.1, param=SK3, cv==0, nv==0
PrintNuMagParam : name MSFX.1, param=F1, cv==0, nv==0
PrintNuMagParam : name MSFX.1, param=F2, cv==0, nv==0
PrintNuMagParam : name MSFX.1, param=DX, cv==0, nv==0
PrintNuMagParam : name MSFX.1, param=DY, cv==0, nv==0
PrintNuMagParam : name MSFX.1, param=CSET, cv==NuMagDataEPICS["MSFX.1","SET"], nv==-1
PrintNuMagParam : name MSDX.2, param=ANGLE, cv==.04888884528188256, nv==.04888884528188256
PrintNuMagParam : name MSDX.2, param=K0, cv==0, nv==0
PrintNuMagParam : name MSDX.2, param=K1, cv==-.3617, nv==-.3617
PrintNuMagParam : name MSDX.2, param=K2, cv==0, nv==0
PrintNuMagParam : name MSDX.2, param=K3, cv==0, nv==0
PrintNuMagParam : name MSDX.2, param=SK0, cv==0, nv==0
PrintNuMagParam : name MSDX.2, param=SK1, cv==0, nv==0
PrintNuMagParam : name MSDX.2, param=SK2, cv==0, nv==0
PrintNuMagParam : name MSDX.2, param=SK3, cv==0, nv==0
PrintNuMagParam : name MSDX.2, param=F1, cv==0, nv==0
PrintNuMagParam : name MSDX.2, param=F2, cv==0, nv==0
PrintNuMagParam : name MSDX.2, param=DX, cv==0, nv==0
PrintNuMagParam : name MSDX.2, param=DY, cv==0, nv==0
PrintNuMagParam : name MSDX.2, param=CSET, cv==NuMagDataEPICS["MSDX.2","SET"], nv==-1
PrintNuMagParam : name MSFX.2, param=ANGLE, cv==.051681459351456266, nv==.051681459351456266
PrintNuMagParam : name MSFX.2, param=K0, cv==0, nv==0
PrintNuMagParam : name MSFX.2, param=K1, cv==.3617, nv==.3617
PrintNuMagParam : name MSFX.2, param=K2, cv==0, nv==0
PrintNuMagParam : name MSFX.2, param=K3, cv==0, nv==0
PrintNuMagParam : name MSFX.2, param=SK0, cv==0, nv==0
PrintNuMagParam : name MSFX.2, param=SK1, cv==0, nv==0
PrintNuMagParam : name MSFX.2, param=SK2, cv==0, nv==0
PrintNuMagParam : name MSFX.2, param=SK3, cv==0, nv==0
PrintNuMagParam : name MSFX.2, param=F1, cv==0, nv==0
PrintNuMagParam : name MSFX.2, param=F2, cv==0, nv==0
PrintNuMagParam : name MSFX.2, param=DX, cv==0, nv==0
PrintNuMagParam : name MSFX.2, param=DY, cv==0, nv==0
PrintNuMagParam : name MSFX.2, param=CSET, cv==NuMagDataEPICS["MSFX.2","SET"], nv==-1
PrintNuMagParam : name MSDX.3, param=ANGLE, cv==.04888884528188256, nv==.04888884528188256
PrintNuMagParam : name MSDX.3, param=K0, cv==0, nv==0
PrintNuMagParam : name MSDX.3, param=K1, cv==-.3617, nv==-.3617
PrintNuMagParam : name MSDX.3, param=K2, cv==0, nv==0
PrintNuMagParam : name MSDX.3, param=K3, cv==0, nv==0
PrintNuMagParam : name MSDX.3, param=SK0, cv==0, nv==0
PrintNuMagParam : name MSDX.3, param=SK1, cv==0, nv==0
PrintNuMagParam : name MSDX.3, param=SK2, cv==0, nv==0
PrintNuMagParam : name MSDX.3, param=SK3, cv==0, nv==0
PrintNuMagParam : name MSDX.3, param=F1, cv==0, nv==0
PrintNuMagParam : name MSDX.3, param=F2, cv==0, nv==0
PrintNuMagParam : name MSDX.3, param=DX, cv==0, nv==0
PrintNuMagParam : name MSDX.3, param=DY, cv==0, nv==0
PrintNuMagParam : name MSDX.3, param=CSET, cv==NuMagDataEPICS["MSDX.3","SET"], nv==-1
PrintNuMagParam : name MSFX.3, param=ANGLE, cv==.051681459351456266, nv==.051681459351456266
PrintNuMagParam : name MSFX.3, param=K0, cv==0, nv==0
PrintNuMagParam : name MSFX.3, param=K1, cv==.3617, nv==.3617
PrintNuMagParam : name MSFX.3, param=K2, cv==0, nv==0
PrintNuMagParam : name MSFX.3, param=K3, cv==0, nv==0
PrintNuMagParam : name MSFX.3, param=SK0, cv==0, nv==0
PrintNuMagParam : name MSFX.3, param=SK1, cv==0, nv==0
PrintNuMagParam : name MSFX.3, param=SK2, cv==0, nv==0
PrintNuMagParam : name MSFX.3, param=SK3, cv==0, nv==0
PrintNuMagParam : name MSFX.3, param=F1, cv==0, nv==0
PrintNuMagParam : name MSFX.3, param=F2, cv==0, nv==0
PrintNuMagParam : name MSFX.3, param=DX, cv==0, nv==0
PrintNuMagParam : name MSFX.3, param=DY, cv==0, nv==0
PrintNuMagParam : name MSFX.3, param=CSET, cv==NuMagDataEPICS["MSFX.3","SET"], nv==-1
PrintNuMagParam : name BSND03, param=ANGLE, cv==0, nv==0
PrintNuMagParam : name BSND03, param=K0, cv==0, nv==0
PrintNuMagParam : name BSND03, param=F1, cv==0, nv==0
PrintNuMagParam : name BSND03, param=DX, cv==0, nv==0
PrintNuMagParam : name BSND03, param=DY, cv==0, nv==0
PrintNuMagParam : name BSND03, param=CSET, cv==NuMagDataEPICS["BSND03","SET"], nv==-1
PrintNuMagParam : name BSSD03, param=ANGLE, cv==0, nv==0
PrintNuMagParam : name BSSD03, param=K0, cv==0, nv==0
PrintNuMagParam : name BSSD03, param=F1, cv==0, nv==0
PrintNuMagParam : name BSSD03, param=DX, cv==0, nv==0
PrintNuMagParam : name BSSD03, param=DY, cv==0, nv==0
PrintNuMagParam : name BSSD03, param=CSET, cv==NuMagDataEPICS["BSSD03","SET"], nv==-1
PrintNuMagParam : name MSDX.4, param=ANGLE, cv==.04888884528188256, nv==.04888884528188256
PrintNuMagParam : name MSDX.4, param=K0, cv==0, nv==0
PrintNuMagParam : name MSDX.4, param=K1, cv==-.3617, nv==-.3617
PrintNuMagParam : name MSDX.4, param=K2, cv==0, nv==0
PrintNuMagParam : name MSDX.4, param=K3, cv==0, nv==0
PrintNuMagParam : name MSDX.4, param=SK0, cv==0, nv==0
PrintNuMagParam : name MSDX.4, param=SK1, cv==0, nv==0
PrintNuMagParam : name MSDX.4, param=SK2, cv==0, nv==0
PrintNuMagParam : name MSDX.4, param=SK3, cv==0, nv==0
PrintNuMagParam : name MSDX.4, param=F1, cv==0, nv==0
PrintNuMagParam : name MSDX.4, param=F2, cv==0, nv==0
PrintNuMagParam : name MSDX.4, param=DX, cv==0, nv==0
PrintNuMagParam : name MSDX.4, param=DY, cv==0, nv==0
PrintNuMagParam : name MSDX.4, param=CSET, cv==NuMagDataEPICS["MSDX.4","SET"], nv==-1
PrintNuMagParam : name MSFX.4, param=ANGLE, cv==.051681459351456266, nv==.051681459351456266
PrintNuMagParam : name MSFX.4, param=K0, cv==0, nv==0
PrintNuMagParam : name MSFX.4, param=K1, cv==.3617, nv==.3617
PrintNuMagParam : name MSFX.4, param=K2, cv==0, nv==0
PrintNuMagParam : name MSFX.4, param=K3, cv==0, nv==0
PrintNuMagParam : name MSFX.4, param=SK0, cv==0, nv==0
PrintNuMagParam : name MSFX.4, param=SK1, cv==0, nv==0
PrintNuMagParam : name MSFX.4, param=SK2, cv==0, nv==0
PrintNuMagParam : name MSFX.4, param=SK3, cv==0, nv==0
PrintNuMagParam : name MSFX.4, param=F1, cv==0, nv==0
PrintNuMagParam : name MSFX.4, param=F2, cv==0, nv==0
PrintNuMagParam : name MSFX.4, param=DX, cv==0, nv==0
PrintNuMagParam : name MSFX.4, param=DY, cv==0, nv==0
PrintNuMagParam : name MSFX.4, param=CSET, cv==NuMagDataEPICS["MSFX.4","SET"], nv==-1
PrintNuMagParam : name MSDX.5, param=ANGLE, cv==.04888884528188256, nv==.04888884528188256
PrintNuMagParam : name MSDX.5, param=K0, cv==0, nv==0
PrintNuMagParam : name MSDX.5, param=K1, cv==-.3617, nv==-.3617
PrintNuMagParam : name MSDX.5, param=K2, cv==0, nv==0
PrintNuMagParam : name MSDX.5, param=K3, cv==0, nv==0
PrintNuMagParam : name MSDX.5, param=SK0, cv==0, nv==0
PrintNuMagParam : name MSDX.5, param=SK1, cv==0, nv==0
PrintNuMagParam : name MSDX.5, param=SK2, cv==0, nv==0
PrintNuMagParam : name MSDX.5, param=SK3, cv==0, nv==0
PrintNuMagParam : name MSDX.5, param=F1, cv==0, nv==0
PrintNuMagParam : name MSDX.5, param=F2, cv==0, nv==0
PrintNuMagParam : name MSDX.5, param=DX, cv==0, nv==0
PrintNuMagParam : name MSDX.5, param=DY, cv==0, nv==0
PrintNuMagParam : name MSDX.5, param=CSET, cv==NuMagDataEPICS["MSDX.5","SET"], nv==-1
PrintNuMagParam : name MSFX.5, param=ANGLE, cv==.051681459351456266, nv==.051681459351456266
PrintNuMagParam : name MSFX.5, param=K0, cv==0, nv==0
PrintNuMagParam : name MSFX.5, param=K1, cv==.3617, nv==.3617
PrintNuMagParam : name MSFX.5, param=K2, cv==0, nv==0
PrintNuMagParam : name MSFX.5, param=K3, cv==0, nv==0
PrintNuMagParam : name MSFX.5, param=SK0, cv==0, nv==0
PrintNuMagParam : name MSFX.5, param=SK1, cv==0, nv==0
PrintNuMagParam : name MSFX.5, param=SK2, cv==0, nv==0
PrintNuMagParam : name MSFX.5, param=SK3, cv==0, nv==0
PrintNuMagParam : name MSFX.5, param=F1, cv==0, nv==0
PrintNuMagParam : name MSFX.5, param=F2, cv==0, nv==0
PrintNuMagParam : name MSFX.5, param=DX, cv==0, nv==0
PrintNuMagParam : name MSFX.5, param=DY, cv==0, nv==0
PrintNuMagParam : name MSFX.5, param=CSET, cv==NuMagDataEPICS["MSFX.5","SET"], nv==-1
PrintNuMagParam : name MSDX.6, param=ANGLE, cv==.04888884528188256, nv==.04888884528188256
PrintNuMagParam : name MSDX.6, param=K0, cv==0, nv==0
PrintNuMagParam : name MSDX.6, param=K1, cv==-.3617, nv==-.3617
PrintNuMagParam : name MSDX.6, param=K2, cv==0, nv==0
PrintNuMagParam : name MSDX.6, param=K3, cv==0, nv==0
PrintNuMagParam : name MSDX.6, param=SK0, cv==0, nv==0
PrintNuMagParam : name MSDX.6, param=SK1, cv==0, nv==0
PrintNuMagParam : name MSDX.6, param=SK2, cv==0, nv==0
PrintNuMagParam : name MSDX.6, param=SK3, cv==0, nv==0
PrintNuMagParam : name MSDX.6, param=F1, cv==0, nv==0
PrintNuMagParam : name MSDX.6, param=F2, cv==0, nv==0
PrintNuMagParam : name MSDX.6, param=DX, cv==0, nv==0
PrintNuMagParam : name MSDX.6, param=DY, cv==0, nv==0
PrintNuMagParam : name MSDX.6, param=CSET, cv==NuMagDataEPICS["MSDX.6","SET"], nv==-1
PrintNuMagParam : name MSFX.6, param=ANGLE, cv==.051681459351456266, nv==.051681459351456266
PrintNuMagParam : name MSFX.6, param=K0, cv==0, nv==0
PrintNuMagParam : name MSFX.6, param=K1, cv==.3617, nv==.3617
PrintNuMagParam : name MSFX.6, param=K2, cv==0, nv==0
PrintNuMagParam : name MSFX.6, param=K3, cv==0, nv==0
PrintNuMagParam : name MSFX.6, param=SK0, cv==0, nv==0
PrintNuMagParam : name MSFX.6, param=SK1, cv==0, nv==0
PrintNuMagParam : name MSFX.6, param=SK2, cv==0, nv==0
PrintNuMagParam : name MSFX.6, param=SK3, cv==0, nv==0
PrintNuMagParam : name MSFX.6, param=F1, cv==0, nv==0
PrintNuMagParam : name MSFX.6, param=F2, cv==0, nv==0
PrintNuMagParam : name MSFX.6, param=DX, cv==0, nv==0
PrintNuMagParam : name MSFX.6, param=DY, cv==0, nv==0
PrintNuMagParam : name MSFX.6, param=CSET, cv==NuMagDataEPICS["MSFX.6","SET"], nv==-1
PrintNuMagParam : name MSDX.7, param=ANGLE, cv==.04888884528188256, nv==.04888884528188256
PrintNuMagParam : name MSDX.7, param=K0, cv==0, nv==0
PrintNuMagParam : name MSDX.7, param=K1, cv==-.3617, nv==-.3617
PrintNuMagParam : name MSDX.7, param=K2, cv==0, nv==0
PrintNuMagParam : name MSDX.7, param=K3, cv==0, nv==0
PrintNuMagParam : name MSDX.7, param=SK0, cv==0, nv==0
PrintNuMagParam : name MSDX.7, param=SK1, cv==0, nv==0
PrintNuMagParam : name MSDX.7, param=SK2, cv==0, nv==0
PrintNuMagParam : name MSDX.7, param=SK3, cv==0, nv==0
PrintNuMagParam : name MSDX.7, param=F1, cv==0, nv==0
PrintNuMagParam : name MSDX.7, param=F2, cv==0, nv==0
PrintNuMagParam : name MSDX.7, param=DX, cv==0, nv==0
PrintNuMagParam : name MSDX.7, param=DY, cv==0, nv==0
PrintNuMagParam : name MSDX.7, param=CSET, cv==NuMagDataEPICS["MSDX.7","SET"], nv==-1
PrintNuMagParam : name MSFX.7, param=ANGLE, cv==.051681459351456266, nv==.051681459351456266
PrintNuMagParam : name MSFX.7, param=K0, cv==0, nv==0
PrintNuMagParam : name MSFX.7, param=K1, cv==.3617, nv==.3617
PrintNuMagParam : name MSFX.7, param=K2, cv==0, nv==0
PrintNuMagParam : name MSFX.7, param=K3, cv==0, nv==0
PrintNuMagParam : name MSFX.7, param=SK0, cv==0, nv==0
PrintNuMagParam : name MSFX.7, param=SK1, cv==0, nv==0
PrintNuMagParam : name MSFX.7, param=SK2, cv==0, nv==0
PrintNuMagParam : name MSFX.7, param=SK3, cv==0, nv==0
PrintNuMagParam : name MSFX.7, param=F1, cv==0, nv==0
PrintNuMagParam : name MSFX.7, param=F2, cv==0, nv==0
PrintNuMagParam : name MSFX.7, param=DX, cv==0, nv==0
PrintNuMagParam : name MSFX.7, param=DY, cv==0, nv==0
PrintNuMagParam : name MSFX.7, param=CSET, cv==NuMagDataEPICS["MSFX.7","SET"], nv==-1
PrintNuMagParam : name BSND07, param=ANGLE, cv==0, nv==0
PrintNuMagParam : name BSND07, param=K0, cv==0, nv==0
PrintNuMagParam : name BSND07, param=F1, cv==0, nv==0
PrintNuMagParam : name BSND07, param=DX, cv==0, nv==0
PrintNuMagParam : name BSND07, param=DY, cv==0, nv==0
PrintNuMagParam : name BSND07, param=CSET, cv==NuMagDataEPICS["BSND07","SET"], nv==-1
PrintNuMagParam : name BSSD07, param=ANGLE, cv==0, nv==0
PrintNuMagParam : name BSSD07, param=K0, cv==0, nv==0
PrintNuMagParam : name BSSD07, param=F1, cv==0, nv==0
PrintNuMagParam : name BSSD07, param=DX, cv==0, nv==0
PrintNuMagParam : name BSSD07, param=DY, cv==0, nv==0
PrintNuMagParam : name BSSD07, param=CSET, cv==NuMagDataEPICS["BSSD07","SET"], nv==-1
PrintNuMagParam : name MSDX.8, param=ANGLE, cv==.04888884528188256, nv==.04888884528188256
PrintNuMagParam : name MSDX.8, param=K0, cv==0, nv==0
PrintNuMagParam : name MSDX.8, param=K1, cv==-.3617, nv==-.3617
PrintNuMagParam : name MSDX.8, param=K2, cv==0, nv==0
PrintNuMagParam : name MSDX.8, param=K3, cv==0, nv==0
PrintNuMagParam : name MSDX.8, param=SK0, cv==0, nv==0
PrintNuMagParam : name MSDX.8, param=SK1, cv==0, nv==0
PrintNuMagParam : name MSDX.8, param=SK2, cv==0, nv==0
PrintNuMagParam : name MSDX.8, param=SK3, cv==0, nv==0
PrintNuMagParam : name MSDX.8, param=F1, cv==0, nv==0
PrintNuMagParam : name MSDX.8, param=F2, cv==0, nv==0
PrintNuMagParam : name MSDX.8, param=DX, cv==0, nv==0
PrintNuMagParam : name MSDX.8, param=DY, cv==0, nv==0
PrintNuMagParam : name MSDX.8, param=CSET, cv==NuMagDataEPICS["MSDX.8","SET"], nv==-1
PrintNuMagParam : name MSFX.8, param=ANGLE, cv==.051681459351456266, nv==.051681459351456266
PrintNuMagParam : name MSFX.8, param=K0, cv==0, nv==0
PrintNuMagParam : name MSFX.8, param=K1, cv==.3617, nv==.3617
PrintNuMagParam : name MSFX.8, param=K2, cv==0, nv==0
PrintNuMagParam : name MSFX.8, param=K3, cv==0, nv==0
PrintNuMagParam : name MSFX.8, param=SK0, cv==0, nv==0
PrintNuMagParam : name MSFX.8, param=SK1, cv==0, nv==0
PrintNuMagParam : name MSFX.8, param=SK2, cv==0, nv==0
PrintNuMagParam : name MSFX.8, param=SK3, cv==0, nv==0
PrintNuMagParam : name MSFX.8, param=F1, cv==0, nv==0
PrintNuMagParam : name MSFX.8, param=F2, cv==0, nv==0
PrintNuMagParam : name MSFX.8, param=DX, cv==0, nv==0
PrintNuMagParam : name MSFX.8, param=DY, cv==0, nv==0
PrintNuMagParam : name MSFX.8, param=CSET, cv==NuMagDataEPICS["MSFX.8","SET"], nv==-1
PrintNuMagParam : name BSND08, param=ANGLE, cv==0, nv==0
PrintNuMagParam : name BSND08, param=K0, cv==0, nv==0
PrintNuMagParam : name BSND08, param=F1, cv==0, nv==0
PrintNuMagParam : name BSND08, param=DX, cv==0, nv==0
PrintNuMagParam : name BSND08, param=DY, cv==0, nv==0
PrintNuMagParam : name BSND08, param=CSET, cv==NuMagDataEPICS["BSND08","SET"], nv==-1
PrintNuMagParam : name BSSD08, param=ANGLE, cv==0, nv==0
PrintNuMagParam : name BSSD08, param=K0, cv==0, nv==0
PrintNuMagParam : name BSSD08, param=F1, cv==0, nv==0
PrintNuMagParam : name BSSD08, param=DX, cv==0, nv==0
PrintNuMagParam : name BSSD08, param=DY, cv==0, nv==0
PrintNuMagParam : name BSSD08, param=CSET, cv==NuMagDataEPICS["BSSD08","SET"], nv==-1
PrintNuMagParam : name MSDX.9, param=ANGLE, cv==.04888884528188256, nv==.04888884528188256
PrintNuMagParam : name MSDX.9, param=K0, cv==0, nv==0
PrintNuMagParam : name MSDX.9, param=K1, cv==-.3617, nv==-.3617
PrintNuMagParam : name MSDX.9, param=K2, cv==0, nv==0
PrintNuMagParam : name MSDX.9, param=K3, cv==0, nv==0
PrintNuMagParam : name MSDX.9, param=SK0, cv==0, nv==0
PrintNuMagParam : name MSDX.9, param=SK1, cv==0, nv==0
PrintNuMagParam : name MSDX.9, param=SK2, cv==0, nv==0
PrintNuMagParam : name MSDX.9, param=SK3, cv==0, nv==0
PrintNuMagParam : name MSDX.9, param=F1, cv==0, nv==0
PrintNuMagParam : name MSDX.9, param=F2, cv==0, nv==0
PrintNuMagParam : name MSDX.9, param=DX, cv==0, nv==0
PrintNuMagParam : name MSDX.9, param=DY, cv==0, nv==0
PrintNuMagParam : name MSDX.9, param=CSET, cv==NuMagDataEPICS["MSDX.9","SET"], nv==-1
PrintNuMagParam : name MSFX.9, param=ANGLE, cv==.051681459351456266, nv==.051681459351456266
PrintNuMagParam : name MSFX.9, param=K0, cv==0, nv==0
PrintNuMagParam : name MSFX.9, param=K1, cv==.3617, nv==.3617
PrintNuMagParam : name MSFX.9, param=K2, cv==0, nv==0
PrintNuMagParam : name MSFX.9, param=K3, cv==0, nv==0
PrintNuMagParam : name MSFX.9, param=SK0, cv==0, nv==0
PrintNuMagParam : name MSFX.9, param=SK1, cv==0, nv==0
PrintNuMagParam : name MSFX.9, param=SK2, cv==0, nv==0
PrintNuMagParam : name MSFX.9, param=SK3, cv==0, nv==0
PrintNuMagParam : name MSFX.9, param=F1, cv==0, nv==0
PrintNuMagParam : name MSFX.9, param=F2, cv==0, nv==0
PrintNuMagParam : name MSFX.9, param=DX, cv==0, nv==0
PrintNuMagParam : name MSFX.9, param=DY, cv==0, nv==0
PrintNuMagParam : name MSFX.9, param=CSET, cv==NuMagDataEPICS["MSFX.9","SET"], nv==-1
PrintNuMagParam : name MSDX.10, param=ANGLE, cv==.04888884528188256, nv==.04888884528188256
PrintNuMagParam : name MSDX.10, param=K0, cv==0, nv==0
PrintNuMagParam : name MSDX.10, param=K1, cv==-.3617, nv==-.3617
PrintNuMagParam : name MSDX.10, param=K2, cv==0, nv==0
PrintNuMagParam : name MSDX.10, param=K3, cv==0, nv==0
PrintNuMagParam : name MSDX.10, param=SK0, cv==0, nv==0
PrintNuMagParam : name MSDX.10, param=SK1, cv==0, nv==0
PrintNuMagParam : name MSDX.10, param=SK2, cv==0, nv==0
PrintNuMagParam : name MSDX.10, param=SK3, cv==0, nv==0
PrintNuMagParam : name MSDX.10, param=F1, cv==0, nv==0
PrintNuMagParam : name MSDX.10, param=F2, cv==0, nv==0
PrintNuMagParam : name MSDX.10, param=DX, cv==0, nv==0
PrintNuMagParam : name MSDX.10, param=DY, cv==0, nv==0
PrintNuMagParam : name MSDX.10, param=CSET, cv==NuMagDataEPICS["MSDX.10","SET"], nv==-1
PrintNuMagParam : name MSFX.10, param=ANGLE, cv==.051681459351456266, nv==.051681459351456266
PrintNuMagParam : name MSFX.10, param=K0, cv==0, nv==0
PrintNuMagParam : name MSFX.10, param=K1, cv==.3617, nv==.3617
PrintNuMagParam : name MSFX.10, param=K2, cv==0, nv==0
PrintNuMagParam : name MSFX.10, param=K3, cv==0, nv==0
PrintNuMagParam : name MSFX.10, param=SK0, cv==0, nv==0
PrintNuMagParam : name MSFX.10, param=SK1, cv==0, nv==0
PrintNuMagParam : name MSFX.10, param=SK2, cv==0, nv==0
PrintNuMagParam : name MSFX.10, param=SK3, cv==0, nv==0
PrintNuMagParam : name MSFX.10, param=F1, cv==0, nv==0
PrintNuMagParam : name MSFX.10, param=F2, cv==0, nv==0
PrintNuMagParam : name MSFX.10, param=DX, cv==0, nv==0
PrintNuMagParam : name MSFX.10, param=DY, cv==0, nv==0
PrintNuMagParam : name MSFX.10, param=CSET, cv==NuMagDataEPICS["MSFX.10","SET"], nv==-1
PrintNuMagParam : name MSDX.11, param=ANGLE, cv==.04888884528188256, nv==.04888884528188256
PrintNuMagParam : name MSDX.11, param=K0, cv==0, nv==0
PrintNuMagParam : name MSDX.11, param=K1, cv==-.3617, nv==-.3617
PrintNuMagParam : name MSDX.11, param=K2, cv==0, nv==0
PrintNuMagParam : name MSDX.11, param=K3, cv==0, nv==0
PrintNuMagParam : name MSDX.11, param=SK0, cv==0, nv==0
PrintNuMagParam : name MSDX.11, param=SK1, cv==0, nv==0
PrintNuMagParam : name MSDX.11, param=SK2, cv==0, nv==0
PrintNuMagParam : name MSDX.11, param=SK3, cv==0, nv==0
PrintNuMagParam : name MSDX.11, param=F1, cv==0, nv==0
PrintNuMagParam : name MSDX.11, param=F2, cv==0, nv==0
PrintNuMagParam : name MSDX.11, param=DX, cv==0, nv==0
PrintNuMagParam : name MSDX.11, param=DY, cv==0, nv==0
PrintNuMagParam : name MSDX.11, param=CSET, cv==NuMagDataEPICS["MSDX.11","SET"], nv==-1
PrintNuMagParam : name MSFX.11, param=ANGLE, cv==.051681459351456266, nv==.051681459351456266
PrintNuMagParam : name MSFX.11, param=K0, cv==0, nv==0
PrintNuMagParam : name MSFX.11, param=K1, cv==.3617, nv==.3617
PrintNuMagParam : name MSFX.11, param=K2, cv==0, nv==0
PrintNuMagParam : name MSFX.11, param=K3, cv==0, nv==0
PrintNuMagParam : name MSFX.11, param=SK0, cv==0, nv==0
PrintNuMagParam : name MSFX.11, param=SK1, cv==0, nv==0
PrintNuMagParam : name MSFX.11, param=SK2, cv==0, nv==0
PrintNuMagParam : name MSFX.11, param=SK3, cv==0, nv==0
PrintNuMagParam : name MSFX.11, param=F1, cv==0, nv==0
PrintNuMagParam : name MSFX.11, param=F2, cv==0, nv==0
PrintNuMagParam : name MSFX.11, param=DX, cv==0, nv==0
PrintNuMagParam : name MSFX.11, param=DY, cv==0, nv==0
PrintNuMagParam : name MSFX.11, param=CSET, cv==NuMagDataEPICS["MSFX.11","SET"], nv==-1
PrintNuMagParam : name MSDX.12, param=ANGLE, cv==.04888884528188256, nv==.04888884528188256
PrintNuMagParam : name MSDX.12, param=K0, cv==0, nv==0
PrintNuMagParam : name MSDX.12, param=K1, cv==-.3617, nv==-.3617
PrintNuMagParam : name MSDX.12, param=K2, cv==0, nv==0
PrintNuMagParam : name MSDX.12, param=K3, cv==0, nv==0
PrintNuMagParam : name MSDX.12, param=SK0, cv==0, nv==0
PrintNuMagParam : name MSDX.12, param=SK1, cv==0, nv==0
PrintNuMagParam : name MSDX.12, param=SK2, cv==0, nv==0
PrintNuMagParam : name MSDX.12, param=SK3, cv==0, nv==0
PrintNuMagParam : name MSDX.12, param=F1, cv==0, nv==0
PrintNuMagParam : name MSDX.12, param=F2, cv==0, nv==0
PrintNuMagParam : name MSDX.12, param=DX, cv==0, nv==0
PrintNuMagParam : name MSDX.12, param=DY, cv==0, nv==0
PrintNuMagParam : name MSDX.12, param=CSET, cv==NuMagDataEPICS["MSDX.12","SET"], nv==-1
PrintNuMagParam : name MSFX.12, param=ANGLE, cv==.051681459351456266, nv==.051681459351456266
PrintNuMagParam : name MSFX.12, param=K0, cv==0, nv==0
PrintNuMagParam : name MSFX.12, param=K1, cv==.3617, nv==.3617
PrintNuMagParam : name MSFX.12, param=K2, cv==0, nv==0
PrintNuMagParam : name MSFX.12, param=K3, cv==0, nv==0
PrintNuMagParam : name MSFX.12, param=SK0, cv==0, nv==0
PrintNuMagParam : name MSFX.12, param=SK1, cv==0, nv==0
PrintNuMagParam : name MSFX.12, param=SK2, cv==0, nv==0
PrintNuMagParam : name MSFX.12, param=SK3, cv==0, nv==0
PrintNuMagParam : name MSFX.12, param=F1, cv==0, nv==0
PrintNuMagParam : name MSFX.12, param=F2, cv==0, nv==0
PrintNuMagParam : name MSFX.12, param=DX, cv==0, nv==0
PrintNuMagParam : name MSFX.12, param=DY, cv==0, nv==0
PrintNuMagParam : name MSFX.12, param=CSET, cv==NuMagDataEPICS["MSFX.12","SET"], nv==-1
PrintNuMagParam : name MSDX.13, param=ANGLE, cv==.04888884528188256, nv==.04888884528188256
PrintNuMagParam : name MSDX.13, param=K0, cv==0, nv==0
PrintNuMagParam : name MSDX.13, param=K1, cv==-.3617, nv==-.3617
PrintNuMagParam : name MSDX.13, param=K2, cv==0, nv==0
PrintNuMagParam : name MSDX.13, param=K3, cv==0, nv==0
PrintNuMagParam : name MSDX.13, param=SK0, cv==0, nv==0
PrintNuMagParam : name MSDX.13, param=SK1, cv==0, nv==0
PrintNuMagParam : name MSDX.13, param=SK2, cv==0, nv==0
PrintNuMagParam : name MSDX.13, param=SK3, cv==0, nv==0
PrintNuMagParam : name MSDX.13, param=F1, cv==0, nv==0
PrintNuMagParam : name MSDX.13, param=F2, cv==0, nv==0
PrintNuMagParam : name MSDX.13, param=DX, cv==0, nv==0
PrintNuMagParam : name MSDX.13, param=DY, cv==0, nv==0
PrintNuMagParam : name MSDX.13, param=CSET, cv==NuMagDataEPICS["MSDX.13","SET"], nv==-1
PrintNuMagParam : name MSFX.13, param=ANGLE, cv==.051681459351456266, nv==.051681459351456266
PrintNuMagParam : name MSFX.13, param=K0, cv==0, nv==0
PrintNuMagParam : name MSFX.13, param=K1, cv==.3617, nv==.3617
PrintNuMagParam : name MSFX.13, param=K2, cv==0, nv==0
PrintNuMagParam : name MSFX.13, param=K3, cv==0, nv==0
PrintNuMagParam : name MSFX.13, param=SK0, cv==0, nv==0
PrintNuMagParam : name MSFX.13, param=SK1, cv==0, nv==0
PrintNuMagParam : name MSFX.13, param=SK2, cv==0, nv==0
PrintNuMagParam : name MSFX.13, param=SK3, cv==0, nv==0
PrintNuMagParam : name MSFX.13, param=F1, cv==0, nv==0
PrintNuMagParam : name MSFX.13, param=F2, cv==0, nv==0
PrintNuMagParam : name MSFX.13, param=DX, cv==0, nv==0
PrintNuMagParam : name MSFX.13, param=DY, cv==0, nv==0
PrintNuMagParam : name MSFX.13, param=CSET, cv==NuMagDataEPICS["MSFX.13","SET"], nv==-1
PrintNuMagParam : name MSDX.14, param=ANGLE, cv==.04888884528188256, nv==.04888884528188256
PrintNuMagParam : name MSDX.14, param=K0, cv==0, nv==0
PrintNuMagParam : name MSDX.14, param=K1, cv==-.3617, nv==-.3617
PrintNuMagParam : name MSDX.14, param=K2, cv==0, nv==0
PrintNuMagParam : name MSDX.14, param=K3, cv==0, nv==0
PrintNuMagParam : name MSDX.14, param=SK0, cv==0, nv==0
PrintNuMagParam : name MSDX.14, param=SK1, cv==0, nv==0
PrintNuMagParam : name MSDX.14, param=SK2, cv==0, nv==0
PrintNuMagParam : name MSDX.14, param=SK3, cv==0, nv==0
PrintNuMagParam : name MSDX.14, param=F1, cv==0, nv==0
PrintNuMagParam : name MSDX.14, param=F2, cv==0, nv==0
PrintNuMagParam : name MSDX.14, param=DX, cv==0, nv==0
PrintNuMagParam : name MSDX.14, param=DY, cv==0, nv==0
PrintNuMagParam : name MSDX.14, param=CSET, cv==NuMagDataEPICS["MSDX.14","SET"], nv==-1
PrintNuMagParam : name MSFX.14, param=ANGLE, cv==.051681459351456266, nv==.051681459351456266
PrintNuMagParam : name MSFX.14, param=K0, cv==0, nv==0
PrintNuMagParam : name MSFX.14, param=K1, cv==.3617, nv==.3617
PrintNuMagParam : name MSFX.14, param=K2, cv==0, nv==0
PrintNuMagParam : name MSFX.14, param=K3, cv==0, nv==0
PrintNuMagParam : name MSFX.14, param=SK0, cv==0, nv==0
PrintNuMagParam : name MSFX.14, param=SK1, cv==0, nv==0
PrintNuMagParam : name MSFX.14, param=SK2, cv==0, nv==0
PrintNuMagParam : name MSFX.14, param=SK3, cv==0, nv==0
PrintNuMagParam : name MSFX.14, param=F1, cv==0, nv==0
PrintNuMagParam : name MSFX.14, param=F2, cv==0, nv==0
PrintNuMagParam : name MSFX.14, param=DX, cv==0, nv==0
PrintNuMagParam : name MSFX.14, param=DY, cv==0, nv==0
PrintNuMagParam : name MSFX.14, param=CSET, cv==NuMagDataEPICS["MSFX.14","SET"], nv==-1
PrintNuMagParam : name QFQ1, param=K1, cv==-.2153297, nv==-.2153297
PrintNuMagParam : name QFQ1, param=F1, cv==0, nv==0
PrintNuMagParam : name QFQ1, param=F2, cv==0, nv==0
PrintNuMagParam : name QFQ1, param=DX, cv==-9.1380231e-05, nv==-9.1380231e-05
PrintNuMagParam : name QFQ1, param=DY, cv==-.000676, nv==-.000676
PrintNuMagParam : name QFQ1, param=CSET, cv==NuMagDataEPICS["QFQ1","SET"], nv==-1
PrintNuMagParam : name BFV1, param=ANGLE, cv==0, nv==0
PrintNuMagParam : name BFV1, param=K0, cv==0, nv==0
PrintNuMagParam : name BFV1, param=F1, cv==0, nv==0
PrintNuMagParam : name BFV1, param=DX, cv==0, nv==0
PrintNuMagParam : name BFV1, param=DY, cv==0, nv==0
PrintNuMagParam : name BFV1, param=CSET, cv==NuMagDataEPICS["BFV1","SET"], nv==-1
PrintNuMagParam : name BFH1, param=ANGLE, cv==.0013288237573582267, nv==.0013288237573582267
PrintNuMagParam : name BFH1, param=K0, cv==0, nv==0
PrintNuMagParam : name BFH1, param=F1, cv==0, nv==0
PrintNuMagParam : name BFH1, param=DX, cv==0, nv==0
PrintNuMagParam : name BFH1, param=DY, cv==0, nv==0
PrintNuMagParam : name BFH1, param=CSET, cv==NuMagDataEPICS["BFH1","SET"], nv==-1
PrintNuMagParam : name BFV2, param=ANGLE, cv==0, nv==0
PrintNuMagParam : name BFV2, param=K0, cv==0, nv==0
PrintNuMagParam : name BFV2, param=F1, cv==0, nv==0
PrintNuMagParam : name BFV2, param=DX, cv==0, nv==0
PrintNuMagParam : name BFV2, param=DY, cv==0, nv==0
PrintNuMagParam : name BFV2, param=CSET, cv==NuMagDataEPICS["BFV2","SET"], nv==-1
PrintNuMagParam : name QFQ2, param=K1, cv==.1748279, nv==.1748279
PrintNuMagParam : name QFQ2, param=F1, cv==0, nv==0
PrintNuMagParam : name QFQ2, param=F2, cv==0, nv==0
PrintNuMagParam : name QFQ2, param=DX, cv==6.4609412e-05, nv==6.4609412e-05
PrintNuMagParam : name QFQ2, param=DY, cv==-.00441, nv==-.00441
PrintNuMagParam : name QFQ2, param=CSET, cv==NuMagDataEPICS["QFQ2","SET"], nv==-1
PrintNuMagParam : name QFQ3, param=K1, cv==-.1846039, nv==-.1846039
PrintNuMagParam : name QFQ3, param=F1, cv==0, nv==0
PrintNuMagParam : name QFQ3, param=F2, cv==0, nv==0
PrintNuMagParam : name QFQ3, param=DX, cv==.000156809582, nv==.000156809582
PrintNuMagParam : name QFQ3, param=DY, cv==-.005009, nv==-.005009
PrintNuMagParam : name QFQ3, param=CSET, cv==NuMagDataEPICS["QFQ3","SET"], nv==-1
PrintNuMagParam : name BFH2, param=ANGLE, cv==0, nv==0
PrintNuMagParam : name BFH2, param=K0, cv==0, nv==0
PrintNuMagParam : name BFH2, param=F1, cv==0, nv==0
PrintNuMagParam : name BFH2, param=DX, cv==0, nv==0
PrintNuMagParam : name BFH2, param=DY, cv==0, nv==0
PrintNuMagParam : name BFH2, param=CSET, cv==NuMagDataEPICS["BFH2","SET"], nv==-1
PrintNuMagParam : name BFVD1, param=ANGLE, cv==-.023736477827122886, nv==-.023736477827122886
PrintNuMagParam : name BFVD1, param=K0, cv==0, nv==0
PrintNuMagParam : name BFVD1, param=F1, cv==0, nv==0
PrintNuMagParam : name BFVD1, param=DX, cv==0, nv==0
PrintNuMagParam : name BFVD1, param=DY, cv==0, nv==0
PrintNuMagParam : name BFVD1, param=CSET, cv==NuMagDataEPICS["BFVD1","SET"], nv==-1
PrintNuMagParam : name QFQ4, param=K1, cv==.0395099, nv==.0395099
PrintNuMagParam : name QFQ4, param=F1, cv==0, nv==0
PrintNuMagParam : name QFQ4, param=F2, cv==0, nv==0
PrintNuMagParam : name QFQ4, param=DX, cv==.000389638756, nv==.000389638756
PrintNuMagParam : name QFQ4, param=DY, cv==-.001692, nv==-.001692
PrintNuMagParam : name QFQ4, param=CSET, cv==NuMagDataEPICS["QFQ4","SET"], nv==-1
PrintNuMagParam : name BFVD2, param=ANGLE, cv==-.03974114706791088, nv==-.03974114706791088
PrintNuMagParam : name BFVD2, param=K0, cv==0, nv==0
PrintNuMagParam : name BFVD2, param=F1, cv==0, nv==0
PrintNuMagParam : name BFVD2, param=DX, cv==0, nv==0
PrintNuMagParam : name BFVD2, param=DY, cv==0, nv==0
PrintNuMagParam : name BFVD2, param=CSET, cv==NuMagDataEPICS["BFVD2","SET"], nv==-1
 
 Print["**** Twiss params after the pre-calculation ****"];
**** Twiss params after the pre-calculation ****
 Print[NuTopMarkName//" AX  "//Twiss["AX", NuTopMarkName]];
NUIN AX  -2.41877
 Print[NuTopMarkName//" BX  "//Twiss["BX", NuTopMarkName]];
NUIN BX  37.098
 Print[NuTopMarkName//" EX  "//Twiss["EX", NuTopMarkName]];
NUIN EX  .423734
 Print[NuTopMarkName//" EPX "//Twiss["EPX", NuTopMarkName]];
NUIN EPX .0719639
 Print[NuTopMarkName//" DX  "//Twiss["DX", NuTopMarkName]];
NUIN DX  .0001862383176808093
 Print[NuTopMarkName//" DPX "//Twiss["DPX", NuTopMarkName]];
NUIN DPX .00010510644722935226
 Print[NuTopMarkName//" AY  "//Twiss["AY", NuTopMarkName]];
NUIN AY  .178
 Print[NuTopMarkName//" BY  "//Twiss["BY", NuTopMarkName]];
NUIN BY  5.45
 Print[NuTopMarkName//" EY  "//Twiss["EY", NuTopMarkName]];
NUIN EY  0
 Print[NuTopMarkName//" EPY "//Twiss["EPY", NuTopMarkName]];
NUIN EPY 0
 Print[NuTopMarkName//" DY  "//Twiss["DY", NuTopMarkName]];
NUIN DY  -.00016484360893854747
 Print[NuTopMarkName//" DPY "//Twiss["DPY", NuTopMarkName]];
NUIN DPY -.0001424022346368715
 Print["Emix = "//ToString[emix]];
Emix = 2.5e-07
 Print["Emiy = "//ToString[emiy]];
Emiy = 2.5e-07
 Print["DP   = "//ToString[DP]];
DP   = .0002
 Print["DP0  = "//ToString[DP0]];
DP0  = 0
 
 
 
 
 !!! (2) read mon data and mag data
 mrrunnum=1;
 mrshotnum=1;
 dirname="/export/jnulsv01/home/cnaseby/sad_example/mondata/mrrun"//iToStringFillZero[mrrunnum, 6];
 
 !! read SSEM data
 fname = dirname // "/ssem_sad_mrshot" // iToStringFillZero[mrshotnum,9] // ".n";
 Get[fname];
 !! read ESM data
 fname = dirname // "/esm_sad_mrshot" // iToStringFillZero[mrshotnum,9] // ".n";
 Get[fname];
 !! read CT data
 fname = dirname // "/ct_sad_mrshot" // iToStringFillZero[mrshotnum,9] // ".n";
 Get[fname];
 !! read OTR data
 fname = dirname // "/otr_sad_mrshot" // iToStringFillZero[mrshotnum,9] // ".n";
 Get[fname];
 
 MonCTDataEPICS   = MonCTDataOffline;
 MonESMDataEPICS  = MonESMDataOffline;
 MonSSEMDataEPICS = MonSSEMDataOffline;
 MonOTRDataEPICS  = MonOTRDataOffline;
 
 !! Magnet Data
 InitMagDataEPICS /@ NuMagNameList;
 InitMagDataOffline /@ NuMagNameList;
 
 Print["getting magnet data of MR run# = "//mrrunnum//", shot# = "//mrshotnum];
getting magnet data of MR run# = 1, shot# = 1
 dirname = "/export/jnulsv01/home/cnaseby/sad_example/magdata/mrrun"//iToStringFillZero[mrrunnum, 6];
 fname = dirname // "/magnet_sad_mrshot" // iToStringFillZero[mrshotnum,9] // ".n";
 Get[fname];
 
 CopyMagDataOffline2EPICS /@ NuMagNameList;
 
 !!!!!
 !FFS["USE ALLDV"];
 FFS["USE ALL"];
  *** expln *** ALL is re-expanded again
 Design orbit length =   242.02495359999998     
 SetEmitXYSSEMNUIN[];
=== GetParamatNUINSSEM ===
DP=.0002
nemix1=.2891481689497619 nemix2=.1798948415306896 nemiy1=.2931783456591572 nemiy2=.2294632896681501
s1=1.6983678 s2=8.3039699 NuOriginFx-s=59.18
Emittance(X) = 2.3452150524022574e-07
Emittance(Y) = 2.6132081766365366e-07
Set Emittance from SSEM01 and SSEM02
 SetOrbitXYSSEMNUIN[];
=== GetParamatNUINSSEM ===
DP=.0002
nemix1=.2891481689497619 nemix2=.1798948415306896 nemiy1=.2931783456591572 nemiy2=.2294632896681501
s1=1.6983678 s2=8.3039699 NuOriginFx-s=59.18
Set Orbit Fix parameter @ NUIN from SSEM01 and SSEM02
{-.0005213342709778265,3.187370307999629e-05,-.00023251528354226788,7.806570728806085e-05,.23452150524022575,.26132081766365367}
 UpdateEmiX[]; ! jnu_constant.n
Emittance(X) = 2.3452150524022574e-07
 UpdateEmiY[]; ! jnu_constant.n
Emittance(Y) = 2.6132081766365366e-07
 
 
 
 !! calculation again, after set Emittance and DX,DY,DPX,DPY at NUIN
 !FFS["USE ALL"];
 Print["*** M002 NuCalcOptics (2nd) ***"];
*** M002 NuCalcOptics (2nd) ***
 SetNuInParamDefault[]; ! set twiss params at NUIN (update DX,DY,DPX,DPY)
---------- SetNuInParamDefault --------
NUIN AX  -2.41877
NUIN BX  37.098
NUIN EX  .423734
NUIN EPX .0719639
NUIN DX  -.0005213342709778265
NUIN DPX 3.187370307999629e-05
NUIN AY  .178
NUIN BY  5.45
NUIN EY  0
NUIN EPY 0
NUIN DY  -.00023251528354226788
NUIN DPY 7.806570728806085e-05
 FFS["NUIN EMITX "//emix];
 FFS["NUIN EMITY "//emiy];
 
 !! start calculation
 FFS["trpt calc"];
 CONVERGENCE=1.0e-20;
 FFS["calc"];
 FFS["save"];
 
 Print["*** CHECK 0 ***"];
*** CHECK 0 ***
 Map[PrintNuMagParamIn,  NuMagList];
PrintNuMagParam : name BPV1, param=ANGLE, cv==0, nv==0
PrintNuMagParam : name BPV1, param=K0, cv==0, nv==0
PrintNuMagParam : name BPV1, param=F1, cv==0, nv==0
PrintNuMagParam : name BPV1, param=DX, cv==0, nv==0
PrintNuMagParam : name BPV1, param=DY, cv==0, nv==0
PrintNuMagParam : name BPV1, param=CSET, cv==0, nv==-1
PrintNuMagParam : name BPH2, param=ANGLE, cv==0, nv==0
PrintNuMagParam : name BPH2, param=K0, cv==0, nv==0
PrintNuMagParam : name BPH2, param=F1, cv==0, nv==0
PrintNuMagParam : name BPH2, param=DX, cv==0, nv==0
PrintNuMagParam : name BPH2, param=DY, cv==0, nv==0
PrintNuMagParam : name BPH2, param=CSET, cv==-15, nv==-1
PrintNuMagParam : name QPQ1, param=K1, cv==.1660473, nv==.1660473
PrintNuMagParam : name QPQ1, param=F1, cv==0, nv==0
PrintNuMagParam : name QPQ1, param=F2, cv==0, nv==0
PrintNuMagParam : name QPQ1, param=DX, cv==-.000155743626, nv==-.000155743626
PrintNuMagParam : name QPQ1, param=DY, cv==.0003995, nv==.0003995
PrintNuMagParam : name QPQ1, param=CSET, cv==520, nv==-1
PrintNuMagParam : name QPQ2, param=K1, cv==-.1890764, nv==-.1890764
PrintNuMagParam : name QPQ2, param=F1, cv==0, nv==0
PrintNuMagParam : name QPQ2, param=F2, cv==0, nv==0
PrintNuMagParam : name QPQ2, param=DX, cv==-.000123459866, nv==-.000123459866
PrintNuMagParam : name QPQ2, param=DY, cv==.000392, nv==.000392
PrintNuMagParam : name QPQ2, param=CSET, cv==485, nv==-1
PrintNuMagParam : name BPD1, param=ANGLE, cv==.03354700607884197, nv==.03354700607884197
PrintNuMagParam : name BPD1, param=K0, cv==0, nv==0
PrintNuMagParam : name BPD1, param=F1, cv==0, nv==0
PrintNuMagParam : name BPD1, param=DX, cv==0, nv==0
PrintNuMagParam : name BPD1, param=DY, cv==0, nv==0
PrintNuMagParam : name BPD1, param=CSET, cv==1140, nv==-1
PrintNuMagParam : name BPD2, param=ANGLE, cv==.03316548691321012, nv==.03316548691321012
PrintNuMagParam : name BPD2, param=K0, cv==0, nv==0
PrintNuMagParam : name BPD2, param=F1, cv==0, nv==0
PrintNuMagParam : name BPD2, param=DX, cv==0, nv==0
PrintNuMagParam : name BPD2, param=DY, cv==0, nv==0
PrintNuMagParam : name BPD2, param=CSET, cv==1191, nv==-1
PrintNuMagParam : name QPQ3, param=K1, cv==.1088881, nv==.1088881
PrintNuMagParam : name QPQ3, param=F1, cv==0, nv==0
PrintNuMagParam : name QPQ3, param=F2, cv==0, nv==0
PrintNuMagParam : name QPQ3, param=DX, cv==.000330152577, nv==.000330152577
PrintNuMagParam : name QPQ3, param=DY, cv==-.0003095, nv==-.0003095
PrintNuMagParam : name QPQ3, param=CSET, cv==408, nv==-1
PrintNuMagParam : name BPV2, param=ANGLE, cv==0, nv==0
PrintNuMagParam : name BPV2, param=K0, cv==0, nv==0
PrintNuMagParam : name BPV2, param=F1, cv==0, nv==0
PrintNuMagParam : name BPV2, param=DX, cv==0, nv==0
PrintNuMagParam : name BPV2, param=DY, cv==0, nv==0
PrintNuMagParam : name BPV2, param=CSET, cv==15, nv==-1
PrintNuMagParam : name QPQ4, param=K1, cv==-.1882606, nv==-.1882606
PrintNuMagParam : name QPQ4, param=F1, cv==0, nv==0
PrintNuMagParam : name QPQ4, param=F2, cv==0, nv==0
PrintNuMagParam : name QPQ4, param=DX, cv==-.000317780416, nv==-.000317780416
PrintNuMagParam : name QPQ4, param=DY, cv==.000125, nv==.000125
PrintNuMagParam : name QPQ4, param=CSET, cv==354, nv==-1
PrintNuMagParam : name BPH3, param=ANGLE, cv==0, nv==0
PrintNuMagParam : name BPH3, param=K0, cv==0, nv==0
PrintNuMagParam : name BPH3, param=F1, cv==0, nv==0
PrintNuMagParam : name BPH3, param=DX, cv==0, nv==0
PrintNuMagParam : name BPH3, param=DY, cv==0, nv==0
PrintNuMagParam : name BPH3, param=CSET, cv==-13, nv==-1
PrintNuMagParam : name QPQ5, param=K1, cv==.1805399, nv==.1805399
PrintNuMagParam : name QPQ5, param=F1, cv==0, nv==0
PrintNuMagParam : name QPQ5, param=F2, cv==0, nv==0
PrintNuMagParam : name QPQ5, param=DX, cv==.000123888269, nv==.000123888269
PrintNuMagParam : name QPQ5, param=DY, cv==-.0001135, nv==-.0001135
PrintNuMagParam : name QPQ5, param=CSET, cv==423, nv==-1
PrintNuMagParam : name MSDX, param=ANGLE, cv==.04888884528188256, nv==.04888884528188256
PrintNuMagParam : name MSDX, param=K0, cv==0, nv==0
PrintNuMagParam : name MSDX, param=K1, cv==-.3617, nv==-.3617
PrintNuMagParam : name MSDX, param=K2, cv==0, nv==0
PrintNuMagParam : name MSDX, param=K3, cv==0, nv==0
PrintNuMagParam : name MSDX, param=SK0, cv==0, nv==0
PrintNuMagParam : name MSDX, param=SK1, cv==0, nv==0
PrintNuMagParam : name MSDX, param=SK2, cv==0, nv==0
PrintNuMagParam : name MSDX, param=SK3, cv==0, nv==0
PrintNuMagParam : name MSDX, param=F1, cv==0, nv==0
PrintNuMagParam : name MSDX, param=F2, cv==0, nv==0
PrintNuMagParam : name MSDX, param=DX, cv==0, nv==0
PrintNuMagParam : name MSDX, param=DY, cv==0, nv==0
PrintNuMagParam : name MSDX.1, param=ANGLE, cv==.04888884528188256, nv==.04888884528188256
PrintNuMagParam : name MSDX.1, param=K0, cv==0, nv==0
PrintNuMagParam : name MSDX.1, param=K1, cv==-.3617, nv==-.3617
PrintNuMagParam : name MSDX.1, param=K2, cv==0, nv==0
PrintNuMagParam : name MSDX.1, param=K3, cv==0, nv==0
PrintNuMagParam : name MSDX.1, param=SK0, cv==0, nv==0
PrintNuMagParam : name MSDX.1, param=SK1, cv==0, nv==0
PrintNuMagParam : name MSDX.1, param=SK2, cv==0, nv==0
PrintNuMagParam : name MSDX.1, param=SK3, cv==0, nv==0
PrintNuMagParam : name MSDX.1, param=F1, cv==0, nv==0
PrintNuMagParam : name MSDX.1, param=F2, cv==0, nv==0
PrintNuMagParam : name MSDX.1, param=DX, cv==0, nv==0
PrintNuMagParam : name MSDX.1, param=DY, cv==0, nv==0
PrintNuMagParam : name MSDX.1, param=CSET, cv==4356, nv==-1
PrintNuMagParam : name MSFX, param=ANGLE, cv==.051681459351456266, nv==.051681459351456266
PrintNuMagParam : name MSFX, param=K0, cv==0, nv==0
PrintNuMagParam : name MSFX, param=K1, cv==.3617, nv==.3617
PrintNuMagParam : name MSFX, param=K2, cv==0, nv==0
PrintNuMagParam : name MSFX, param=K3, cv==0, nv==0
PrintNuMagParam : name MSFX, param=SK0, cv==0, nv==0
PrintNuMagParam : name MSFX, param=SK1, cv==0, nv==0
PrintNuMagParam : name MSFX, param=SK2, cv==0, nv==0
PrintNuMagParam : name MSFX, param=SK3, cv==0, nv==0
PrintNuMagParam : name MSFX, param=F1, cv==0, nv==0
PrintNuMagParam : name MSFX, param=F2, cv==0, nv==0
PrintNuMagParam : name MSFX, param=DX, cv==0, nv==0
PrintNuMagParam : name MSFX, param=DY, cv==0, nv==0
PrintNuMagParam : name MSFX.1, param=ANGLE, cv==.051681459351456266, nv==.051681459351456266
PrintNuMagParam : name MSFX.1, param=K0, cv==0, nv==0
PrintNuMagParam : name MSFX.1, param=K1, cv==.3617, nv==.3617
PrintNuMagParam : name MSFX.1, param=K2, cv==0, nv==0
PrintNuMagParam : name MSFX.1, param=K3, cv==0, nv==0
PrintNuMagParam : name MSFX.1, param=SK0, cv==0, nv==0
PrintNuMagParam : name MSFX.1, param=SK1, cv==0, nv==0
PrintNuMagParam : name MSFX.1, param=SK2, cv==0, nv==0
PrintNuMagParam : name MSFX.1, param=SK3, cv==0, nv==0
PrintNuMagParam : name MSFX.1, param=F1, cv==0, nv==0
PrintNuMagParam : name MSFX.1, param=F2, cv==0, nv==0
PrintNuMagParam : name MSFX.1, param=DX, cv==0, nv==0
PrintNuMagParam : name MSFX.1, param=DY, cv==0, nv==0
PrintNuMagParam : name MSFX.1, param=CSET, cv==4356, nv==-1
PrintNuMagParam : name MSDX.2, param=ANGLE, cv==.04888884528188256, nv==.04888884528188256
PrintNuMagParam : name MSDX.2, param=K0, cv==0, nv==0
PrintNuMagParam : name MSDX.2, param=K1, cv==-.3617, nv==-.3617
PrintNuMagParam : name MSDX.2, param=K2, cv==0, nv==0
PrintNuMagParam : name MSDX.2, param=K3, cv==0, nv==0
PrintNuMagParam : name MSDX.2, param=SK0, cv==0, nv==0
PrintNuMagParam : name MSDX.2, param=SK1, cv==0, nv==0
PrintNuMagParam : name MSDX.2, param=SK2, cv==0, nv==0
PrintNuMagParam : name MSDX.2, param=SK3, cv==0, nv==0
PrintNuMagParam : name MSDX.2, param=F1, cv==0, nv==0
PrintNuMagParam : name MSDX.2, param=F2, cv==0, nv==0
PrintNuMagParam : name MSDX.2, param=DX, cv==0, nv==0
PrintNuMagParam : name MSDX.2, param=DY, cv==0, nv==0
PrintNuMagParam : name MSDX.2, param=CSET, cv==4356, nv==-1
PrintNuMagParam : name MSFX.2, param=ANGLE, cv==.051681459351456266, nv==.051681459351456266
PrintNuMagParam : name MSFX.2, param=K0, cv==0, nv==0
PrintNuMagParam : name MSFX.2, param=K1, cv==.3617, nv==.3617
PrintNuMagParam : name MSFX.2, param=K2, cv==0, nv==0
PrintNuMagParam : name MSFX.2, param=K3, cv==0, nv==0
PrintNuMagParam : name MSFX.2, param=SK0, cv==0, nv==0
PrintNuMagParam : name MSFX.2, param=SK1, cv==0, nv==0
PrintNuMagParam : name MSFX.2, param=SK2, cv==0, nv==0
PrintNuMagParam : name MSFX.2, param=SK3, cv==0, nv==0
PrintNuMagParam : name MSFX.2, param=F1, cv==0, nv==0
PrintNuMagParam : name MSFX.2, param=F2, cv==0, nv==0
PrintNuMagParam : name MSFX.2, param=DX, cv==0, nv==0
PrintNuMagParam : name MSFX.2, param=DY, cv==0, nv==0
PrintNuMagParam : name MSFX.2, param=CSET, cv==4356, nv==-1
PrintNuMagParam : name MSDX.3, param=ANGLE, cv==.04888884528188256, nv==.04888884528188256
PrintNuMagParam : name MSDX.3, param=K0, cv==0, nv==0
PrintNuMagParam : name MSDX.3, param=K1, cv==-.3617, nv==-.3617
PrintNuMagParam : name MSDX.3, param=K2, cv==0, nv==0
PrintNuMagParam : name MSDX.3, param=K3, cv==0, nv==0
PrintNuMagParam : name MSDX.3, param=SK0, cv==0, nv==0
PrintNuMagParam : name MSDX.3, param=SK1, cv==0, nv==0
PrintNuMagParam : name MSDX.3, param=SK2, cv==0, nv==0
PrintNuMagParam : name MSDX.3, param=SK3, cv==0, nv==0
PrintNuMagParam : name MSDX.3, param=F1, cv==0, nv==0
PrintNuMagParam : name MSDX.3, param=F2, cv==0, nv==0
PrintNuMagParam : name MSDX.3, param=DX, cv==0, nv==0
PrintNuMagParam : name MSDX.3, param=DY, cv==0, nv==0
PrintNuMagParam : name MSDX.3, param=CSET, cv==4356, nv==-1
PrintNuMagParam : name MSFX.3, param=ANGLE, cv==.051681459351456266, nv==.051681459351456266
PrintNuMagParam : name MSFX.3, param=K0, cv==0, nv==0
PrintNuMagParam : name MSFX.3, param=K1, cv==.3617, nv==.3617
PrintNuMagParam : name MSFX.3, param=K2, cv==0, nv==0
PrintNuMagParam : name MSFX.3, param=K3, cv==0, nv==0
PrintNuMagParam : name MSFX.3, param=SK0, cv==0, nv==0
PrintNuMagParam : name MSFX.3, param=SK1, cv==0, nv==0
PrintNuMagParam : name MSFX.3, param=SK2, cv==0, nv==0
PrintNuMagParam : name MSFX.3, param=SK3, cv==0, nv==0
PrintNuMagParam : name MSFX.3, param=F1, cv==0, nv==0
PrintNuMagParam : name MSFX.3, param=F2, cv==0, nv==0
PrintNuMagParam : name MSFX.3, param=DX, cv==0, nv==0
PrintNuMagParam : name MSFX.3, param=DY, cv==0, nv==0
PrintNuMagParam : name MSFX.3, param=CSET, cv==4356, nv==-1
PrintNuMagParam : name BSND03, param=ANGLE, cv==0, nv==0
PrintNuMagParam : name BSND03, param=K0, cv==0, nv==0
PrintNuMagParam : name BSND03, param=F1, cv==0, nv==0
PrintNuMagParam : name BSND03, param=DX, cv==0, nv==0
PrintNuMagParam : name BSND03, param=DY, cv==0, nv==0
PrintNuMagParam : name BSND03, param=CSET, cv==0, nv==-1
PrintNuMagParam : name BSSD03, param=ANGLE, cv==0, nv==0
PrintNuMagParam : name BSSD03, param=K0, cv==0, nv==0
PrintNuMagParam : name BSSD03, param=F1, cv==0, nv==0
PrintNuMagParam : name BSSD03, param=DX, cv==0, nv==0
PrintNuMagParam : name BSSD03, param=DY, cv==0, nv==0
PrintNuMagParam : name BSSD03, param=CSET, cv==0, nv==-1
PrintNuMagParam : name MSDX.4, param=ANGLE, cv==.04888884528188256, nv==.04888884528188256
PrintNuMagParam : name MSDX.4, param=K0, cv==0, nv==0
PrintNuMagParam : name MSDX.4, param=K1, cv==-.3617, nv==-.3617
PrintNuMagParam : name MSDX.4, param=K2, cv==0, nv==0
PrintNuMagParam : name MSDX.4, param=K3, cv==0, nv==0
PrintNuMagParam : name MSDX.4, param=SK0, cv==0, nv==0
PrintNuMagParam : name MSDX.4, param=SK1, cv==0, nv==0
PrintNuMagParam : name MSDX.4, param=SK2, cv==0, nv==0
PrintNuMagParam : name MSDX.4, param=SK3, cv==0, nv==0
PrintNuMagParam : name MSDX.4, param=F1, cv==0, nv==0
PrintNuMagParam : name MSDX.4, param=F2, cv==0, nv==0
PrintNuMagParam : name MSDX.4, param=DX, cv==0, nv==0
PrintNuMagParam : name MSDX.4, param=DY, cv==0, nv==0
PrintNuMagParam : name MSDX.4, param=CSET, cv==4356, nv==-1
PrintNuMagParam : name MSFX.4, param=ANGLE, cv==.051681459351456266, nv==.051681459351456266
PrintNuMagParam : name MSFX.4, param=K0, cv==0, nv==0
PrintNuMagParam : name MSFX.4, param=K1, cv==.3617, nv==.3617
PrintNuMagParam : name MSFX.4, param=K2, cv==0, nv==0
PrintNuMagParam : name MSFX.4, param=K3, cv==0, nv==0
PrintNuMagParam : name MSFX.4, param=SK0, cv==0, nv==0
PrintNuMagParam : name MSFX.4, param=SK1, cv==0, nv==0
PrintNuMagParam : name MSFX.4, param=SK2, cv==0, nv==0
PrintNuMagParam : name MSFX.4, param=SK3, cv==0, nv==0
PrintNuMagParam : name MSFX.4, param=F1, cv==0, nv==0
PrintNuMagParam : name MSFX.4, param=F2, cv==0, nv==0
PrintNuMagParam : name MSFX.4, param=DX, cv==0, nv==0
PrintNuMagParam : name MSFX.4, param=DY, cv==0, nv==0
PrintNuMagParam : name MSFX.4, param=CSET, cv==4356, nv==-1
PrintNuMagParam : name MSDX.5, param=ANGLE, cv==.04888884528188256, nv==.04888884528188256
PrintNuMagParam : name MSDX.5, param=K0, cv==0, nv==0
PrintNuMagParam : name MSDX.5, param=K1, cv==-.3617, nv==-.3617
PrintNuMagParam : name MSDX.5, param=K2, cv==0, nv==0
PrintNuMagParam : name MSDX.5, param=K3, cv==0, nv==0
PrintNuMagParam : name MSDX.5, param=SK0, cv==0, nv==0
PrintNuMagParam : name MSDX.5, param=SK1, cv==0, nv==0
PrintNuMagParam : name MSDX.5, param=SK2, cv==0, nv==0
PrintNuMagParam : name MSDX.5, param=SK3, cv==0, nv==0
PrintNuMagParam : name MSDX.5, param=F1, cv==0, nv==0
PrintNuMagParam : name MSDX.5, param=F2, cv==0, nv==0
PrintNuMagParam : name MSDX.5, param=DX, cv==0, nv==0
PrintNuMagParam : name MSDX.5, param=DY, cv==0, nv==0
PrintNuMagParam : name MSDX.5, param=CSET, cv==4356, nv==-1
PrintNuMagParam : name MSFX.5, param=ANGLE, cv==.051681459351456266, nv==.051681459351456266
PrintNuMagParam : name MSFX.5, param=K0, cv==0, nv==0
PrintNuMagParam : name MSFX.5, param=K1, cv==.3617, nv==.3617
PrintNuMagParam : name MSFX.5, param=K2, cv==0, nv==0
PrintNuMagParam : name MSFX.5, param=K3, cv==0, nv==0
PrintNuMagParam : name MSFX.5, param=SK0, cv==0, nv==0
PrintNuMagParam : name MSFX.5, param=SK1, cv==0, nv==0
PrintNuMagParam : name MSFX.5, param=SK2, cv==0, nv==0
PrintNuMagParam : name MSFX.5, param=SK3, cv==0, nv==0
PrintNuMagParam : name MSFX.5, param=F1, cv==0, nv==0
PrintNuMagParam : name MSFX.5, param=F2, cv==0, nv==0
PrintNuMagParam : name MSFX.5, param=DX, cv==0, nv==0
PrintNuMagParam : name MSFX.5, param=DY, cv==0, nv==0
PrintNuMagParam : name MSFX.5, param=CSET, cv==4356, nv==-1
PrintNuMagParam : name MSDX.6, param=ANGLE, cv==.04888884528188256, nv==.04888884528188256
PrintNuMagParam : name MSDX.6, param=K0, cv==0, nv==0
PrintNuMagParam : name MSDX.6, param=K1, cv==-.3617, nv==-.3617
PrintNuMagParam : name MSDX.6, param=K2, cv==0, nv==0
PrintNuMagParam : name MSDX.6, param=K3, cv==0, nv==0
PrintNuMagParam : name MSDX.6, param=SK0, cv==0, nv==0
PrintNuMagParam : name MSDX.6, param=SK1, cv==0, nv==0
PrintNuMagParam : name MSDX.6, param=SK2, cv==0, nv==0
PrintNuMagParam : name MSDX.6, param=SK3, cv==0, nv==0
PrintNuMagParam : name MSDX.6, param=F1, cv==0, nv==0
PrintNuMagParam : name MSDX.6, param=F2, cv==0, nv==0
PrintNuMagParam : name MSDX.6, param=DX, cv==0, nv==0
PrintNuMagParam : name MSDX.6, param=DY, cv==0, nv==0
PrintNuMagParam : name MSDX.6, param=CSET, cv==4356, nv==-1
PrintNuMagParam : name MSFX.6, param=ANGLE, cv==.051681459351456266, nv==.051681459351456266
PrintNuMagParam : name MSFX.6, param=K0, cv==0, nv==0
PrintNuMagParam : name MSFX.6, param=K1, cv==.3617, nv==.3617
PrintNuMagParam : name MSFX.6, param=K2, cv==0, nv==0
PrintNuMagParam : name MSFX.6, param=K3, cv==0, nv==0
PrintNuMagParam : name MSFX.6, param=SK0, cv==0, nv==0
PrintNuMagParam : name MSFX.6, param=SK1, cv==0, nv==0
PrintNuMagParam : name MSFX.6, param=SK2, cv==0, nv==0
PrintNuMagParam : name MSFX.6, param=SK3, cv==0, nv==0
PrintNuMagParam : name MSFX.6, param=F1, cv==0, nv==0
PrintNuMagParam : name MSFX.6, param=F2, cv==0, nv==0
PrintNuMagParam : name MSFX.6, param=DX, cv==0, nv==0
PrintNuMagParam : name MSFX.6, param=DY, cv==0, nv==0
PrintNuMagParam : name MSFX.6, param=CSET, cv==4356, nv==-1
PrintNuMagParam : name MSDX.7, param=ANGLE, cv==.04888884528188256, nv==.04888884528188256
PrintNuMagParam : name MSDX.7, param=K0, cv==0, nv==0
PrintNuMagParam : name MSDX.7, param=K1, cv==-.3617, nv==-.3617
PrintNuMagParam : name MSDX.7, param=K2, cv==0, nv==0
PrintNuMagParam : name MSDX.7, param=K3, cv==0, nv==0
PrintNuMagParam : name MSDX.7, param=SK0, cv==0, nv==0
PrintNuMagParam : name MSDX.7, param=SK1, cv==0, nv==0
PrintNuMagParam : name MSDX.7, param=SK2, cv==0, nv==0
PrintNuMagParam : name MSDX.7, param=SK3, cv==0, nv==0
PrintNuMagParam : name MSDX.7, param=F1, cv==0, nv==0
PrintNuMagParam : name MSDX.7, param=F2, cv==0, nv==0
PrintNuMagParam : name MSDX.7, param=DX, cv==0, nv==0
PrintNuMagParam : name MSDX.7, param=DY, cv==0, nv==0
PrintNuMagParam : name MSDX.7, param=CSET, cv==4356, nv==-1
PrintNuMagParam : name MSFX.7, param=ANGLE, cv==.051681459351456266, nv==.051681459351456266
PrintNuMagParam : name MSFX.7, param=K0, cv==0, nv==0
PrintNuMagParam : name MSFX.7, param=K1, cv==.3617, nv==.3617
PrintNuMagParam : name MSFX.7, param=K2, cv==0, nv==0
PrintNuMagParam : name MSFX.7, param=K3, cv==0, nv==0
PrintNuMagParam : name MSFX.7, param=SK0, cv==0, nv==0
PrintNuMagParam : name MSFX.7, param=SK1, cv==0, nv==0
PrintNuMagParam : name MSFX.7, param=SK2, cv==0, nv==0
PrintNuMagParam : name MSFX.7, param=SK3, cv==0, nv==0
PrintNuMagParam : name MSFX.7, param=F1, cv==0, nv==0
PrintNuMagParam : name MSFX.7, param=F2, cv==0, nv==0
PrintNuMagParam : name MSFX.7, param=DX, cv==0, nv==0
PrintNuMagParam : name MSFX.7, param=DY, cv==0, nv==0
PrintNuMagParam : name MSFX.7, param=CSET, cv==4356, nv==-1
PrintNuMagParam : name BSND07, param=ANGLE, cv==0, nv==0
PrintNuMagParam : name BSND07, param=K0, cv==0, nv==0
PrintNuMagParam : name BSND07, param=F1, cv==0, nv==0
PrintNuMagParam : name BSND07, param=DX, cv==0, nv==0
PrintNuMagParam : name BSND07, param=DY, cv==0, nv==0
PrintNuMagParam : name BSND07, param=CSET, cv==0, nv==-1
PrintNuMagParam : name BSSD07, param=ANGLE, cv==0, nv==0
PrintNuMagParam : name BSSD07, param=K0, cv==0, nv==0
PrintNuMagParam : name BSSD07, param=F1, cv==0, nv==0
PrintNuMagParam : name BSSD07, param=DX, cv==0, nv==0
PrintNuMagParam : name BSSD07, param=DY, cv==0, nv==0
PrintNuMagParam : name BSSD07, param=CSET, cv==0, nv==-1
PrintNuMagParam : name MSDX.8, param=ANGLE, cv==.04888884528188256, nv==.04888884528188256
PrintNuMagParam : name MSDX.8, param=K0, cv==0, nv==0
PrintNuMagParam : name MSDX.8, param=K1, cv==-.3617, nv==-.3617
PrintNuMagParam : name MSDX.8, param=K2, cv==0, nv==0
PrintNuMagParam : name MSDX.8, param=K3, cv==0, nv==0
PrintNuMagParam : name MSDX.8, param=SK0, cv==0, nv==0
PrintNuMagParam : name MSDX.8, param=SK1, cv==0, nv==0
PrintNuMagParam : name MSDX.8, param=SK2, cv==0, nv==0
PrintNuMagParam : name MSDX.8, param=SK3, cv==0, nv==0
PrintNuMagParam : name MSDX.8, param=F1, cv==0, nv==0
PrintNuMagParam : name MSDX.8, param=F2, cv==0, nv==0
PrintNuMagParam : name MSDX.8, param=DX, cv==0, nv==0
PrintNuMagParam : name MSDX.8, param=DY, cv==0, nv==0
PrintNuMagParam : name MSDX.8, param=CSET, cv==4356, nv==-1
PrintNuMagParam : name MSFX.8, param=ANGLE, cv==.051681459351456266, nv==.051681459351456266
PrintNuMagParam : name MSFX.8, param=K0, cv==0, nv==0
PrintNuMagParam : name MSFX.8, param=K1, cv==.3617, nv==.3617
PrintNuMagParam : name MSFX.8, param=K2, cv==0, nv==0
PrintNuMagParam : name MSFX.8, param=K3, cv==0, nv==0
PrintNuMagParam : name MSFX.8, param=SK0, cv==0, nv==0
PrintNuMagParam : name MSFX.8, param=SK1, cv==0, nv==0
PrintNuMagParam : name MSFX.8, param=SK2, cv==0, nv==0
PrintNuMagParam : name MSFX.8, param=SK3, cv==0, nv==0
PrintNuMagParam : name MSFX.8, param=F1, cv==0, nv==0
PrintNuMagParam : name MSFX.8, param=F2, cv==0, nv==0
PrintNuMagParam : name MSFX.8, param=DX, cv==0, nv==0
PrintNuMagParam : name MSFX.8, param=DY, cv==0, nv==0
PrintNuMagParam : name MSFX.8, param=CSET, cv==4356, nv==-1
PrintNuMagParam : name BSND08, param=ANGLE, cv==0, nv==0
PrintNuMagParam : name BSND08, param=K0, cv==0, nv==0
PrintNuMagParam : name BSND08, param=F1, cv==0, nv==0
PrintNuMagParam : name BSND08, param=DX, cv==0, nv==0
PrintNuMagParam : name BSND08, param=DY, cv==0, nv==0
PrintNuMagParam : name BSND08, param=CSET, cv==0, nv==-1
PrintNuMagParam : name BSSD08, param=ANGLE, cv==0, nv==0
PrintNuMagParam : name BSSD08, param=K0, cv==0, nv==0
PrintNuMagParam : name BSSD08, param=F1, cv==0, nv==0
PrintNuMagParam : name BSSD08, param=DX, cv==0, nv==0
PrintNuMagParam : name BSSD08, param=DY, cv==0, nv==0
PrintNuMagParam : name BSSD08, param=CSET, cv==0, nv==-1
PrintNuMagParam : name MSDX.9, param=ANGLE, cv==.04888884528188256, nv==.04888884528188256
PrintNuMagParam : name MSDX.9, param=K0, cv==0, nv==0
PrintNuMagParam : name MSDX.9, param=K1, cv==-.3617, nv==-.3617
PrintNuMagParam : name MSDX.9, param=K2, cv==0, nv==0
PrintNuMagParam : name MSDX.9, param=K3, cv==0, nv==0
PrintNuMagParam : name MSDX.9, param=SK0, cv==0, nv==0
PrintNuMagParam : name MSDX.9, param=SK1, cv==0, nv==0
PrintNuMagParam : name MSDX.9, param=SK2, cv==0, nv==0
PrintNuMagParam : name MSDX.9, param=SK3, cv==0, nv==0
PrintNuMagParam : name MSDX.9, param=F1, cv==0, nv==0
PrintNuMagParam : name MSDX.9, param=F2, cv==0, nv==0
PrintNuMagParam : name MSDX.9, param=DX, cv==0, nv==0
PrintNuMagParam : name MSDX.9, param=DY, cv==0, nv==0
PrintNuMagParam : name MSDX.9, param=CSET, cv==4356, nv==-1
PrintNuMagParam : name MSFX.9, param=ANGLE, cv==.051681459351456266, nv==.051681459351456266
PrintNuMagParam : name MSFX.9, param=K0, cv==0, nv==0
PrintNuMagParam : name MSFX.9, param=K1, cv==.3617, nv==.3617
PrintNuMagParam : name MSFX.9, param=K2, cv==0, nv==0
PrintNuMagParam : name MSFX.9, param=K3, cv==0, nv==0
PrintNuMagParam : name MSFX.9, param=SK0, cv==0, nv==0
PrintNuMagParam : name MSFX.9, param=SK1, cv==0, nv==0
PrintNuMagParam : name MSFX.9, param=SK2, cv==0, nv==0
PrintNuMagParam : name MSFX.9, param=SK3, cv==0, nv==0
PrintNuMagParam : name MSFX.9, param=F1, cv==0, nv==0
PrintNuMagParam : name MSFX.9, param=F2, cv==0, nv==0
PrintNuMagParam : name MSFX.9, param=DX, cv==0, nv==0
PrintNuMagParam : name MSFX.9, param=DY, cv==0, nv==0
PrintNuMagParam : name MSFX.9, param=CSET, cv==4356, nv==-1
PrintNuMagParam : name MSDX.10, param=ANGLE, cv==.04888884528188256, nv==.04888884528188256
PrintNuMagParam : name MSDX.10, param=K0, cv==0, nv==0
PrintNuMagParam : name MSDX.10, param=K1, cv==-.3617, nv==-.3617
PrintNuMagParam : name MSDX.10, param=K2, cv==0, nv==0
PrintNuMagParam : name MSDX.10, param=K3, cv==0, nv==0
PrintNuMagParam : name MSDX.10, param=SK0, cv==0, nv==0
PrintNuMagParam : name MSDX.10, param=SK1, cv==0, nv==0
PrintNuMagParam : name MSDX.10, param=SK2, cv==0, nv==0
PrintNuMagParam : name MSDX.10, param=SK3, cv==0, nv==0
PrintNuMagParam : name MSDX.10, param=F1, cv==0, nv==0
PrintNuMagParam : name MSDX.10, param=F2, cv==0, nv==0
PrintNuMagParam : name MSDX.10, param=DX, cv==0, nv==0
PrintNuMagParam : name MSDX.10, param=DY, cv==0, nv==0
PrintNuMagParam : name MSDX.10, param=CSET, cv==4356, nv==-1
PrintNuMagParam : name MSFX.10, param=ANGLE, cv==.051681459351456266, nv==.051681459351456266
PrintNuMagParam : name MSFX.10, param=K0, cv==0, nv==0
PrintNuMagParam : name MSFX.10, param=K1, cv==.3617, nv==.3617
PrintNuMagParam : name MSFX.10, param=K2, cv==0, nv==0
PrintNuMagParam : name MSFX.10, param=K3, cv==0, nv==0
PrintNuMagParam : name MSFX.10, param=SK0, cv==0, nv==0
PrintNuMagParam : name MSFX.10, param=SK1, cv==0, nv==0
PrintNuMagParam : name MSFX.10, param=SK2, cv==0, nv==0
PrintNuMagParam : name MSFX.10, param=SK3, cv==0, nv==0
PrintNuMagParam : name MSFX.10, param=F1, cv==0, nv==0
PrintNuMagParam : name MSFX.10, param=F2, cv==0, nv==0
PrintNuMagParam : name MSFX.10, param=DX, cv==0, nv==0
PrintNuMagParam : name MSFX.10, param=DY, cv==0, nv==0
PrintNuMagParam : name MSFX.10, param=CSET, cv==4356, nv==-1
PrintNuMagParam : name MSDX.11, param=ANGLE, cv==.04888884528188256, nv==.04888884528188256
PrintNuMagParam : name MSDX.11, param=K0, cv==0, nv==0
PrintNuMagParam : name MSDX.11, param=K1, cv==-.3617, nv==-.3617
PrintNuMagParam : name MSDX.11, param=K2, cv==0, nv==0
PrintNuMagParam : name MSDX.11, param=K3, cv==0, nv==0
PrintNuMagParam : name MSDX.11, param=SK0, cv==0, nv==0
PrintNuMagParam : name MSDX.11, param=SK1, cv==0, nv==0
PrintNuMagParam : name MSDX.11, param=SK2, cv==0, nv==0
PrintNuMagParam : name MSDX.11, param=SK3, cv==0, nv==0
PrintNuMagParam : name MSDX.11, param=F1, cv==0, nv==0
PrintNuMagParam : name MSDX.11, param=F2, cv==0, nv==0
PrintNuMagParam : name MSDX.11, param=DX, cv==0, nv==0
PrintNuMagParam : name MSDX.11, param=DY, cv==0, nv==0
PrintNuMagParam : name MSDX.11, param=CSET, cv==4356, nv==-1
PrintNuMagParam : name MSFX.11, param=ANGLE, cv==.051681459351456266, nv==.051681459351456266
PrintNuMagParam : name MSFX.11, param=K0, cv==0, nv==0
PrintNuMagParam : name MSFX.11, param=K1, cv==.3617, nv==.3617
PrintNuMagParam : name MSFX.11, param=K2, cv==0, nv==0
PrintNuMagParam : name MSFX.11, param=K3, cv==0, nv==0
PrintNuMagParam : name MSFX.11, param=SK0, cv==0, nv==0
PrintNuMagParam : name MSFX.11, param=SK1, cv==0, nv==0
PrintNuMagParam : name MSFX.11, param=SK2, cv==0, nv==0
PrintNuMagParam : name MSFX.11, param=SK3, cv==0, nv==0
PrintNuMagParam : name MSFX.11, param=F1, cv==0, nv==0
PrintNuMagParam : name MSFX.11, param=F2, cv==0, nv==0
PrintNuMagParam : name MSFX.11, param=DX, cv==0, nv==0
PrintNuMagParam : name MSFX.11, param=DY, cv==0, nv==0
PrintNuMagParam : name MSFX.11, param=CSET, cv==4356, nv==-1
PrintNuMagParam : name MSDX.12, param=ANGLE, cv==.04888884528188256, nv==.04888884528188256
PrintNuMagParam : name MSDX.12, param=K0, cv==0, nv==0
PrintNuMagParam : name MSDX.12, param=K1, cv==-.3617, nv==-.3617
PrintNuMagParam : name MSDX.12, param=K2, cv==0, nv==0
PrintNuMagParam : name MSDX.12, param=K3, cv==0, nv==0
PrintNuMagParam : name MSDX.12, param=SK0, cv==0, nv==0
PrintNuMagParam : name MSDX.12, param=SK1, cv==0, nv==0
PrintNuMagParam : name MSDX.12, param=SK2, cv==0, nv==0
PrintNuMagParam : name MSDX.12, param=SK3, cv==0, nv==0
PrintNuMagParam : name MSDX.12, param=F1, cv==0, nv==0
PrintNuMagParam : name MSDX.12, param=F2, cv==0, nv==0
PrintNuMagParam : name MSDX.12, param=DX, cv==0, nv==0
PrintNuMagParam : name MSDX.12, param=DY, cv==0, nv==0
PrintNuMagParam : name MSDX.12, param=CSET, cv==4356, nv==-1
PrintNuMagParam : name MSFX.12, param=ANGLE, cv==.051681459351456266, nv==.051681459351456266
PrintNuMagParam : name MSFX.12, param=K0, cv==0, nv==0
PrintNuMagParam : name MSFX.12, param=K1, cv==.3617, nv==.3617
PrintNuMagParam : name MSFX.12, param=K2, cv==0, nv==0
PrintNuMagParam : name MSFX.12, param=K3, cv==0, nv==0
PrintNuMagParam : name MSFX.12, param=SK0, cv==0, nv==0
PrintNuMagParam : name MSFX.12, param=SK1, cv==0, nv==0
PrintNuMagParam : name MSFX.12, param=SK2, cv==0, nv==0
PrintNuMagParam : name MSFX.12, param=SK3, cv==0, nv==0
PrintNuMagParam : name MSFX.12, param=F1, cv==0, nv==0
PrintNuMagParam : name MSFX.12, param=F2, cv==0, nv==0
PrintNuMagParam : name MSFX.12, param=DX, cv==0, nv==0
PrintNuMagParam : name MSFX.12, param=DY, cv==0, nv==0
PrintNuMagParam : name MSFX.12, param=CSET, cv==4356, nv==-1
PrintNuMagParam : name MSDX.13, param=ANGLE, cv==.04888884528188256, nv==.04888884528188256
PrintNuMagParam : name MSDX.13, param=K0, cv==0, nv==0
PrintNuMagParam : name MSDX.13, param=K1, cv==-.3617, nv==-.3617
PrintNuMagParam : name MSDX.13, param=K2, cv==0, nv==0
PrintNuMagParam : name MSDX.13, param=K3, cv==0, nv==0
PrintNuMagParam : name MSDX.13, param=SK0, cv==0, nv==0
PrintNuMagParam : name MSDX.13, param=SK1, cv==0, nv==0
PrintNuMagParam : name MSDX.13, param=SK2, cv==0, nv==0
PrintNuMagParam : name MSDX.13, param=SK3, cv==0, nv==0
PrintNuMagParam : name MSDX.13, param=F1, cv==0, nv==0
PrintNuMagParam : name MSDX.13, param=F2, cv==0, nv==0
PrintNuMagParam : name MSDX.13, param=DX, cv==0, nv==0
PrintNuMagParam : name MSDX.13, param=DY, cv==0, nv==0
PrintNuMagParam : name MSDX.13, param=CSET, cv==4356, nv==-1
PrintNuMagParam : name MSFX.13, param=ANGLE, cv==.051681459351456266, nv==.051681459351456266
PrintNuMagParam : name MSFX.13, param=K0, cv==0, nv==0
PrintNuMagParam : name MSFX.13, param=K1, cv==.3617, nv==.3617
PrintNuMagParam : name MSFX.13, param=K2, cv==0, nv==0
PrintNuMagParam : name MSFX.13, param=K3, cv==0, nv==0
PrintNuMagParam : name MSFX.13, param=SK0, cv==0, nv==0
PrintNuMagParam : name MSFX.13, param=SK1, cv==0, nv==0
PrintNuMagParam : name MSFX.13, param=SK2, cv==0, nv==0
PrintNuMagParam : name MSFX.13, param=SK3, cv==0, nv==0
PrintNuMagParam : name MSFX.13, param=F1, cv==0, nv==0
PrintNuMagParam : name MSFX.13, param=F2, cv==0, nv==0
PrintNuMagParam : name MSFX.13, param=DX, cv==0, nv==0
PrintNuMagParam : name MSFX.13, param=DY, cv==0, nv==0
PrintNuMagParam : name MSFX.13, param=CSET, cv==4356, nv==-1
PrintNuMagParam : name MSDX.14, param=ANGLE, cv==.04888884528188256, nv==.04888884528188256
PrintNuMagParam : name MSDX.14, param=K0, cv==0, nv==0
PrintNuMagParam : name MSDX.14, param=K1, cv==-.3617, nv==-.3617
PrintNuMagParam : name MSDX.14, param=K2, cv==0, nv==0
PrintNuMagParam : name MSDX.14, param=K3, cv==0, nv==0
PrintNuMagParam : name MSDX.14, param=SK0, cv==0, nv==0
PrintNuMagParam : name MSDX.14, param=SK1, cv==0, nv==0
PrintNuMagParam : name MSDX.14, param=SK2, cv==0, nv==0
PrintNuMagParam : name MSDX.14, param=SK3, cv==0, nv==0
PrintNuMagParam : name MSDX.14, param=F1, cv==0, nv==0
PrintNuMagParam : name MSDX.14, param=F2, cv==0, nv==0
PrintNuMagParam : name MSDX.14, param=DX, cv==0, nv==0
PrintNuMagParam : name MSDX.14, param=DY, cv==0, nv==0
PrintNuMagParam : name MSDX.14, param=CSET, cv==4356, nv==-1
PrintNuMagParam : name MSFX.14, param=ANGLE, cv==.051681459351456266, nv==.051681459351456266
PrintNuMagParam : name MSFX.14, param=K0, cv==0, nv==0
PrintNuMagParam : name MSFX.14, param=K1, cv==.3617, nv==.3617
PrintNuMagParam : name MSFX.14, param=K2, cv==0, nv==0
PrintNuMagParam : name MSFX.14, param=K3, cv==0, nv==0
PrintNuMagParam : name MSFX.14, param=SK0, cv==0, nv==0
PrintNuMagParam : name MSFX.14, param=SK1, cv==0, nv==0
PrintNuMagParam : name MSFX.14, param=SK2, cv==0, nv==0
PrintNuMagParam : name MSFX.14, param=SK3, cv==0, nv==0
PrintNuMagParam : name MSFX.14, param=F1, cv==0, nv==0
PrintNuMagParam : name MSFX.14, param=F2, cv==0, nv==0
PrintNuMagParam : name MSFX.14, param=DX, cv==0, nv==0
PrintNuMagParam : name MSFX.14, param=DY, cv==0, nv==0
PrintNuMagParam : name MSFX.14, param=CSET, cv==4356, nv==-1
PrintNuMagParam : name QFQ1, param=K1, cv==-.2153297, nv==-.2153297
PrintNuMagParam : name QFQ1, param=F1, cv==0, nv==0
PrintNuMagParam : name QFQ1, param=F2, cv==0, nv==0
PrintNuMagParam : name QFQ1, param=DX, cv==-9.1380231e-05, nv==-9.1380231e-05
PrintNuMagParam : name QFQ1, param=DY, cv==-.000676, nv==-.000676
PrintNuMagParam : name QFQ1, param=CSET, cv==343.2, nv==-1
PrintNuMagParam : name BFV1, param=ANGLE, cv==0, nv==0
PrintNuMagParam : name BFV1, param=K0, cv==0, nv==0
PrintNuMagParam : name BFV1, param=F1, cv==0, nv==0
PrintNuMagParam : name BFV1, param=DX, cv==0, nv==0
PrintNuMagParam : name BFV1, param=DY, cv==0, nv==0
PrintNuMagParam : name BFV1, param=CSET, cv==-54.2, nv==-1
PrintNuMagParam : name BFH1, param=ANGLE, cv==.0013288237573582267, nv==.0013288237573582267
PrintNuMagParam : name BFH1, param=K0, cv==0, nv==0
PrintNuMagParam : name BFH1, param=F1, cv==0, nv==0
PrintNuMagParam : name BFH1, param=DX, cv==0, nv==0
PrintNuMagParam : name BFH1, param=DY, cv==0, nv==0
PrintNuMagParam : name BFH1, param=CSET, cv==-123.7, nv==-1
PrintNuMagParam : name BFV2, param=ANGLE, cv==0, nv==0
PrintNuMagParam : name BFV2, param=K0, cv==0, nv==0
PrintNuMagParam : name BFV2, param=F1, cv==0, nv==0
PrintNuMagParam : name BFV2, param=DX, cv==0, nv==0
PrintNuMagParam : name BFV2, param=DY, cv==0, nv==0
PrintNuMagParam : name BFV2, param=CSET, cv==49.5, nv==-1
PrintNuMagParam : name QFQ2, param=K1, cv==.1748279, nv==.1748279
PrintNuMagParam : name QFQ2, param=F1, cv==0, nv==0
PrintNuMagParam : name QFQ2, param=F2, cv==0, nv==0
PrintNuMagParam : name QFQ2, param=DX, cv==6.4609412e-05, nv==6.4609412e-05
PrintNuMagParam : name QFQ2, param=DY, cv==-.00441, nv==-.00441
PrintNuMagParam : name QFQ2, param=CSET, cv==326.7, nv==-1
PrintNuMagParam : name QFQ3, param=K1, cv==-.1846039, nv==-.1846039
PrintNuMagParam : name QFQ3, param=F1, cv==0, nv==0
PrintNuMagParam : name QFQ3, param=F2, cv==0, nv==0
PrintNuMagParam : name QFQ3, param=DX, cv==.000156809582, nv==.000156809582
PrintNuMagParam : name QFQ3, param=DY, cv==-.005009, nv==-.005009
PrintNuMagParam : name QFQ3, param=CSET, cv==271.4, nv==-1
PrintNuMagParam : name BFH2, param=ANGLE, cv==0, nv==0
PrintNuMagParam : name BFH2, param=K0, cv==0, nv==0
PrintNuMagParam : name BFH2, param=F1, cv==0, nv==0
PrintNuMagParam : name BFH2, param=DX, cv==0, nv==0
PrintNuMagParam : name BFH2, param=DY, cv==0, nv==0
PrintNuMagParam : name BFH2, param=CSET, cv==.8, nv==-1
PrintNuMagParam : name BFVD1, param=ANGLE, cv==-.023736477827122886, nv==-.023736477827122886
PrintNuMagParam : name BFVD1, param=K0, cv==0, nv==0
PrintNuMagParam : name BFVD1, param=F1, cv==0, nv==0
PrintNuMagParam : name BFVD1, param=DX, cv==0, nv==0
PrintNuMagParam : name BFVD1, param=DY, cv==0, nv==0
PrintNuMagParam : name BFVD1, param=CSET, cv==1159.5, nv==-1
PrintNuMagParam : name QFQ4, param=K1, cv==.0395099, nv==.0395099
PrintNuMagParam : name QFQ4, param=F1, cv==0, nv==0
PrintNuMagParam : name QFQ4, param=F2, cv==0, nv==0
PrintNuMagParam : name QFQ4, param=DX, cv==.000389638756, nv==.000389638756
PrintNuMagParam : name QFQ4, param=DY, cv==-.001692, nv==-.001692
PrintNuMagParam : name QFQ4, param=CSET, cv==209.7, nv==-1
PrintNuMagParam : name BFVD2, param=ANGLE, cv==-.03974114706791088, nv==-.03974114706791088
PrintNuMagParam : name BFVD2, param=K0, cv==0, nv==0
PrintNuMagParam : name BFVD2, param=F1, cv==0, nv==0
PrintNuMagParam : name BFVD2, param=DX, cv==0, nv==0
PrintNuMagParam : name BFVD2, param=DY, cv==0, nv==0
PrintNuMagParam : name BFVD2, param=CSET, cv==1538.9, nv==-1
 
 Print["**** Twiss params at after 2nd calculation ****"];
**** Twiss params at after 2nd calculation ****
 Print[NuTopMarkName//" AX  "//Twiss["AX", NuTopMarkName]];
NUIN AX  -2.41877
 Print[NuTopMarkName//" BX  "//Twiss["BX", NuTopMarkName]];
NUIN BX  37.098
 Print[NuTopMarkName//" EX  "//Twiss["EX", NuTopMarkName]];
NUIN EX  .423734
 Print[NuTopMarkName//" EPX "//Twiss["EPX", NuTopMarkName]];
NUIN EPX .0719639
 Print[NuTopMarkName//" DX  "//Twiss["DX", NuTopMarkName]];
NUIN DX  -.0005213342709778265
 Print[NuTopMarkName//" DPX "//Twiss["DPX", NuTopMarkName]];
NUIN DPX 3.187370307999629e-05
 Print[NuTopMarkName//" AY  "//Twiss["AY", NuTopMarkName]];
NUIN AY  .178
 Print[NuTopMarkName//" BY  "//Twiss["BY", NuTopMarkName]];
NUIN BY  5.45
 Print[NuTopMarkName//" EY  "//Twiss["EY", NuTopMarkName]];
NUIN EY  0
 Print[NuTopMarkName//" EPY "//Twiss["EPY", NuTopMarkName]];
NUIN EPY 0
 Print[NuTopMarkName//" DY  "//Twiss["DY", NuTopMarkName]];
NUIN DY  -.00023251528354226788
 Print[NuTopMarkName//" DPY "//Twiss["DPY", NuTopMarkName]];
NUIN DPY 7.806570728806085e-05
 Print["Emix = "//ToString[emix]];
Emix = 2.3452150524022574e-07
 Print["Emiy = "//ToString[emiy]];
Emiy = 2.6132081766365366e-07
 Print["DP   = "//ToString[DP]];
DP   = .0002
 Print["DP0  = "//ToString[DP0]];
DP0  = 0
 
 Print[SetElement["NUIN"]];
{"NUIN","MARK",
 {("AX"->-2.41877),("BX"->37.098),("PSIX"->0),("AY"->.178),("BY"->5.45),("PSIY"->0),("EX"->.423734),("EPX"->.0719639),("EY"->0),
  ("EPY"->0),("R1"->0),("R2"->0),("R3"->0),("R4"->0),("DX"->-.0005213342709778265),("DPX"->3.187370307999629e-05),
  ("DY"->-.00023251528354226788),("DPY"->7.806570728806085e-05),("DZ"->0),("DDP"->0),("DP"->.0002),("AZ"->0),("OFFSET"->0),
  ("SIGZ"->0),("GEO"->0),("JDX"->0),("JDPX"->0),("JDY"->0),("JDPY"->0),("JDZ"->0),("JDPZ"->0),("EMITX"->1e-12),("EMITY"->1e-12),
  ("COUPLE"->0)}}
 Print[SetElement["TARGET"]];
{"TARGET","MARK",
 {("AX"->-1.1546660782103202),("BX"->54.25619976924556),("PSIX"->27.6249898359848),("AY"->.9256467778689921),("BY"->
   17.990501553268306),
  ("PSIY"->30.048035604154133),("EX"->1.3131341446140243),("EPX"->-.02926078795254182),("EY"->.661834233369375),
  ("EPY"->.06531218617151802),("R1"->2.074441422892825e-06),("R2"->-6.700874556336161e-05),("R3"->4.2366199790402647e-07),
  ("R4"->-2.050228524314898e-05),("DX"->.00364985029670541),("DPX"->9.407185924127611e-05),("DY"->-.01056225291631162),
  ("DPY"->-.0006276790161957957),("DZ"->.0002800976988658333),("DDP"->0),("DP"->.0002),("AZ"->0),("OFFSET"->0),("SIGZ"->0),
  ("GEO"->0),("JDX"->0),("JDPX"->0),("JDY"->0),("JDPY"->0),("JDZ"->0),("JDPZ"->0),("EMITX"->1e-12),("EMITY"->1e-12),("COUPLE"->0)}}
 
 
 
 
 !!!!!!!
 ssMagK0List = {"PV1","PH2","PD1","PD2","PV2","PH3","SDX","SFX","SND03","SSD03","SND07","SSD07","SND08","SSD08","FV1",
 	     "FH1","FV2","FH2","FVD1","FVD2"};
 
 Do[If[NuMagDataEPICS["B"//ssMagK0List[[i]],"SET"]<>0.0,
    FitMagK0Flag[ssMagK0List[[i]]]=1,
    FitMagK0Flag[ssMagK0List[[i]]]=0], {i,Length[ssMagK0List]}];
 
 !FitMagK0Flag["PV1"]=1;  !! necessary ??
 FitMagK0Flag["SDX"]=0;
 FitMagK0Flag["SFX"]=0;
 
 Do[Print["B"//ssMagK0List[[i]]//" = "//NuMagDataEPICS["B"//ssMagK0List[[i]],"SET"]], {i,Length[ssMagK0List]}];
BPV1 = 0
BPH2 = -15
BPD1 = 1140
BPD2 = 1191
BPV2 = 15
BPH3 = -13
BSDX = NuMagDataEPICS["BSDX","SET"]
BSFX = NuMagDataEPICS["BSFX","SET"]
BSND03 = 0
BSSD03 = 0
BSND07 = 0
BSSD07 = 0
BSND08 = 0
BSSD08 = 0
BFV1 = -54.2
BFH1 = -123.7
BFV2 = 49.5
BFH2 = .8
BFVD1 = 1159.5
BFVD2 = 1538.9
 Scan[Function[{m}, Print["FitMagK0Flag["//m//"]="//ToString[FitMagK0Flag[m]]]], ssMagK0List];
FitMagK0Flag[PV1]=0
FitMagK0Flag[PH2]=1
FitMagK0Flag[PD1]=1
FitMagK0Flag[PD2]=1
FitMagK0Flag[PV2]=1
FitMagK0Flag[PH3]=1
FitMagK0Flag[SDX]=0
FitMagK0Flag[SFX]=0
FitMagK0Flag[SND03]=0
FitMagK0Flag[SSD03]=0
FitMagK0Flag[SND07]=0
FitMagK0Flag[SSD07]=0
FitMagK0Flag[SND08]=0
FitMagK0Flag[SSD08]=0
FitMagK0Flag[FV1]=1
FitMagK0Flag[FH1]=1
FitMagK0Flag[FV2]=1
FitMagK0Flag[FH2]=1
FitMagK0Flag[FVD1]=1
FitMagK0Flag[FVD2]=1
 
 
 !
 FitMagK1Flag["PQ1"]=1;
 FitMagK1Flag["PQ2"]=1;
 FitMagK1Flag["PQ3"]=1;
 FitMagK1Flag["PQ4"]=1;
 FitMagK1Flag["PQ5"]=1;
 FitMagK1Flag["SDX"]=1;
 FitMagK1Flag["SFX"]=1;
 FitMagK1Flag["FQ1"]=1;
 FitMagK1Flag["FQ2"]=1;
 FitMagK1Flag["FQ3"]=1;
 FitMagK1Flag["FQ4"]=1;
 
 
 
 !!! OrbitFit w/ SSEM,OTR
 Print["*** M003 Orbit fit with SSEM,OTR ***"];
*** M003 Orbit fit with SSEM,OTR ***
 FFS["USE ALL"];
  *** expln *** ALL is re-expanded again
 Design orbit length =   242.02495359999998     
 FFS["trpt calc"];
 FFS["calc"];
 FFS["save"];
 
 Print["*** Twiss params at beggining of Orbit fit ***"];
*** Twiss params at beggining of Orbit fit ***
 Print[NuTopMarkName//" AX  "//Twiss["AX", NuTopMarkName]];
NUIN AX  -2.41877
 Print[NuTopMarkName//" BX  "//Twiss["BX", NuTopMarkName]];
NUIN BX  37.098
 Print[NuTopMarkName//" EX  "//Twiss["EX", NuTopMarkName]];
NUIN EX  .423734
 Print[NuTopMarkName//" EPX "//Twiss["EPX", NuTopMarkName]];
NUIN EPX .0719639
 Print[NuTopMarkName//" DX  "//Twiss["DX", NuTopMarkName]];
NUIN DX  -.0005213342709778265
 Print[NuTopMarkName//" DPX "//Twiss["DPX", NuTopMarkName]];
NUIN DPX 3.187370307999629e-05
 Print[NuTopMarkName//" AY  "//Twiss["AY", NuTopMarkName]];
NUIN AY  .178
 Print[NuTopMarkName//" BY  "//Twiss["BY", NuTopMarkName]];
NUIN BY  5.45
 Print[NuTopMarkName//" EY  "//Twiss["EY", NuTopMarkName]];
NUIN EY  0
 Print[NuTopMarkName//" EPY "//Twiss["EPY", NuTopMarkName]];
NUIN EPY 0
 Print[NuTopMarkName//" DY  "//Twiss["DY", NuTopMarkName]];
NUIN DY  -.00023251528354226788
 Print[NuTopMarkName//" DPY "//Twiss["DPY", NuTopMarkName]];
NUIN DPY 7.806570728806085e-05
 Print["Emix = "//ToString[emix]];
Emix = 2.3452150524022574e-07
 Print["Emiy = "//ToString[emiy]];
Emiy = 2.6132081766365366e-07
 Print["DP   = "//ToString[DP]];
DP   = .0002
 Print["DP0  = "//ToString[DP0]];
DP0  = 0
 
 
 CONVERGENCE=1e-20;
 
 
 
 !! set SSEM data to constraint
 SetSSEMFitDxy["SSEM01",1];
fit SSEM01 DX -.000467201
fit SSEM01 DY -9.9931e-05
 SetSSEMFitDxy["SSEM02",2];
fit SSEM02 DX -.000256656
fit SSEM02 DY .00041574
 SetSSEMFitDxy["SSEM03",3];
fit SSEM03 DX .000334713
fit SSEM03 DY .0008547820000000001
 SetSSEMFitDxy["SSEM04",4];
fit SSEM04 DX .000487795
fit SSEM04 DY .000957871
 SetSSEMFitDxy["SSEM05",5];
fit SSEM05 DX .000653404
fit SSEM05 DY .0008539400000000001
 SetSSEMFitDxy["SSEM06",6];
fit SSEM06 DX .000762805
fit SSEM06 DY .00045755400000000004
 SetSSEMFitDxy["SSEM07",7];
fit SSEM07 DX .000577211
fit SSEM07 DY .0007420600000000001
 SetSSEMFitDxy["SSEM08",8];
fit SSEM08 DX .0012925660000000002
fit SSEM08 DY .001577855
 SetSSEMFitDxy["SSEM09",9];
fit SSEM09 DX .001741672
fit SSEM09 DY .001766155
 !SetSSEMFitDxy["SSEM10",10];
 !SetSSEMFitDxy["SSEM11",11];
 !SetSSEMFitDxy["SSEM12",12];
 !SetSSEMFitDxy["SSEM13",13];
 !SetSSEMFitDxy["SSEM14",14];
 !SetSSEMFitDxy["SSEM15",15];
 !SetSSEMFitDxy["SSEM16",16];
 !SetSSEMFitDxy["SSEM17",17];
 !SetSSEMFitDxy["SSEM18",18];
 !SetSSEMFitDxy["SSEM19",19];
 
 
 otrx=Part[MonOTRDataEPICS, 1]*1e-3 + NuAlignParam["OTR", "DX"];
 otry=Part[MonOTRDataEPICS, 2]*1e-3 + NuAlignParam["OTR", "DY"];
 FFS["fit OTR DX " // ToString[otrx] ];  Print["fit OTR DX " // ToString[otrx] ];
fit OTR DX 0
 FFS["fit OTR DY " // ToString[otry] ];  Print["fit OTR DY " // ToString[otry] ];
fit OTR DY -.00557
 
 
 If[FitMagK0Flag["PV1"]<>0,   FFS["free BPV1 K0"]];
 If[FitMagK0Flag["PH2"]<>0,   FFS["free BPH2 K0"]];
 If[FitMagK0Flag["PD1"]<>0,   FFS["free BPD1 K0"]];
 If[FitMagK0Flag["PD2"]<>0,   FFS["free BPD2 K0"]];
 If[FitMagK0Flag["PV2"]<>0,   FFS["free BPV2 K0"]];
 If[FitMagK0Flag["PH3"]<>0,   FFS["free BPH3 K0"]];
 If[FitMagK0Flag["SDX"]<>0,   FFS["free MSDX K0"];FFS["fix MSDX K1"]];
 If[FitMagK0Flag["SFX"]<>0,   FFS["free MSFX K0"];FFS["fix MSFX K1"]];
 If[FitMagK0Flag["SND03"]<>0, FFS["free BSND03 K0"]];
 If[FitMagK0Flag["SSD03"]<>0, FFS["free BSSD03 K0"]];
 If[FitMagK0Flag["SND07"]<>0, FFS["free BSND07 K0"]];
 If[FitMagK0Flag["SSD07"]<>0, FFS["free BSSD07 K0"]];
 If[FitMagK0Flag["SND08"]<>0, FFS["free BSND08 K0"]];
 If[FitMagK0Flag["SSD08"]<>0, FFS["free BSSD08 K0"]];
 If[FitMagK0Flag["FV1"]<>0,   FFS["free BFV1 K0"]];
 If[FitMagK0Flag["FH1"]<>0,   FFS["free BFH1 K0"]];
 If[FitMagK0Flag["FV2"]<>0,   FFS["free BFV2 K0"]];
 If[FitMagK0Flag["FH2"]<>0,   FFS["free BFH2 K0"]];
 If[FitMagK0Flag["FVD1"]<>0,  FFS["free BFVD1 K0"]];
 If[FitMagK0Flag["FVD2"]<>0,  FFS["free BFVD2 K0"]];
 
 Print[FFS["show"]];
{{"SSEM01","","DX",-.000467201,1,1},{"SSEM01","","DY",-9.9931e-05,1,1},{"SSEM02","","DX",-.000256656,1,1},
 {"SSEM02","","DY",.00041574,1,1},{"SSEM03","","DX",.000334713,1,1},{"SSEM03","","DY",.0008547820000000001,1,1},
 {"SSEM04","","DX",.000487795,1,1},{"SSEM04","","DY",.000957871,1,1},{"SSEM05","","DX",.000653404,1,1},
 {"SSEM05","","DY",.0008539400000000001,1,1},{"SSEM06","","DX",.000762805,1,1},{"SSEM06","","DY",.00045755400000000004,1,1},
 {"SSEM07","","DX",.000577211,1,1},{"SSEM07","","DY",.0007420600000000001,1,1},{"SSEM08","","DX",.0012925660000000002,1,1},
 {"SSEM08","","DY",.001577855,1,1},{"SSEM09","","DX",.001741672,1,1},{"SSEM09","","DY",.001766155,1,1},{"OTR","","DX",0,1,1},
 {"OTR","","DY",-.00557,1,1}}
 FFS["go"];
 FFS["save"];
 !Print["BPV1 K0    ="//LINE["K0","BPV1"]];
 !Print["BPV1 ANGLE ="//LINE["ANGLE","BPV1"]];
 
 
 !! result
 Print["*** RESULT 1 ***"];
*** RESULT 1 ***
 Map[PrintNuMagParamIn,  NuMagList];
PrintNuMagParam : name BPV1, param=ANGLE, cv==0, nv==0
PrintNuMagParam : name BPV1, param=K0, cv==0, nv==0
PrintNuMagParam : name BPV1, param=F1, cv==0, nv==0
PrintNuMagParam : name BPV1, param=DX, cv==0, nv==0
PrintNuMagParam : name BPV1, param=DY, cv==0, nv==0
PrintNuMagParam : name BPV1, param=CSET, cv==0, nv==-1
PrintNuMagParam : name BPH2, param=ANGLE, cv==0, nv==0
PrintNuMagParam : name BPH2, param=K0, cv==-2.6727915947909638e-05, nv==0
PrintNuMagParam : name BPH2, param=F1, cv==0, nv==0
PrintNuMagParam : name BPH2, param=DX, cv==0, nv==0
PrintNuMagParam : name BPH2, param=DY, cv==0, nv==0
PrintNuMagParam : name BPH2, param=CSET, cv==-15, nv==-1
PrintNuMagParam : name QPQ1, param=K1, cv==.1660473, nv==.1660473
PrintNuMagParam : name QPQ1, param=F1, cv==0, nv==0
PrintNuMagParam : name QPQ1, param=F2, cv==0, nv==0
PrintNuMagParam : name QPQ1, param=DX, cv==-.000155743626, nv==-.000155743626
PrintNuMagParam : name QPQ1, param=DY, cv==.0003995, nv==.0003995
PrintNuMagParam : name QPQ1, param=CSET, cv==520, nv==-1
PrintNuMagParam : name QPQ2, param=K1, cv==-.1890764, nv==-.1890764
PrintNuMagParam : name QPQ2, param=F1, cv==0, nv==0
PrintNuMagParam : name QPQ2, param=F2, cv==0, nv==0
PrintNuMagParam : name QPQ2, param=DX, cv==-.000123459866, nv==-.000123459866
PrintNuMagParam : name QPQ2, param=DY, cv==.000392, nv==.000392
PrintNuMagParam : name QPQ2, param=CSET, cv==485, nv==-1
PrintNuMagParam : name BPD1, param=ANGLE, cv==.03354700607884197, nv==.03354700607884197
PrintNuMagParam : name BPD1, param=K0, cv==.0001421478260948307, nv==0
PrintNuMagParam : name BPD1, param=F1, cv==0, nv==0
PrintNuMagParam : name BPD1, param=DX, cv==0, nv==0
PrintNuMagParam : name BPD1, param=DY, cv==0, nv==0
PrintNuMagParam : name BPD1, param=CSET, cv==1140, nv==-1
PrintNuMagParam : name BPD2, param=ANGLE, cv==.03316548691321012, nv==.03316548691321012
PrintNuMagParam : name BPD2, param=K0, cv==-7.405847210761684e-05, nv==0
PrintNuMagParam : name BPD2, param=F1, cv==0, nv==0
PrintNuMagParam : name BPD2, param=DX, cv==0, nv==0
PrintNuMagParam : name BPD2, param=DY, cv==0, nv==0
PrintNuMagParam : name BPD2, param=CSET, cv==1191, nv==-1
PrintNuMagParam : name QPQ3, param=K1, cv==.1088881, nv==.1088881
PrintNuMagParam : name QPQ3, param=F1, cv==0, nv==0
PrintNuMagParam : name QPQ3, param=F2, cv==0, nv==0
PrintNuMagParam : name QPQ3, param=DX, cv==.000330152577, nv==.000330152577
PrintNuMagParam : name QPQ3, param=DY, cv==-.0003095, nv==-.0003095
PrintNuMagParam : name QPQ3, param=CSET, cv==408, nv==-1
PrintNuMagParam : name BPV2, param=ANGLE, cv==0, nv==0
PrintNuMagParam : name BPV2, param=K0, cv==.00012160988841752276, nv==0
PrintNuMagParam : name BPV2, param=F1, cv==0, nv==0
PrintNuMagParam : name BPV2, param=DX, cv==0, nv==0
PrintNuMagParam : name BPV2, param=DY, cv==0, nv==0
PrintNuMagParam : name BPV2, param=CSET, cv==15, nv==-1
PrintNuMagParam : name QPQ4, param=K1, cv==-.1882606, nv==-.1882606
PrintNuMagParam : name QPQ4, param=F1, cv==0, nv==0
PrintNuMagParam : name QPQ4, param=F2, cv==0, nv==0
PrintNuMagParam : name QPQ4, param=DX, cv==-.000317780416, nv==-.000317780416
PrintNuMagParam : name QPQ4, param=DY, cv==.000125, nv==.000125
PrintNuMagParam : name QPQ4, param=CSET, cv==354, nv==-1
PrintNuMagParam : name BPH3, param=ANGLE, cv==0, nv==0
PrintNuMagParam : name BPH3, param=K0, cv==-1.2688543157045478e-05, nv==0
PrintNuMagParam : name BPH3, param=F1, cv==0, nv==0
PrintNuMagParam : name BPH3, param=DX, cv==0, nv==0
PrintNuMagParam : name BPH3, param=DY, cv==0, nv==0
PrintNuMagParam : name BPH3, param=CSET, cv==-13, nv==-1
PrintNuMagParam : name QPQ5, param=K1, cv==.1805399, nv==.1805399
PrintNuMagParam : name QPQ5, param=F1, cv==0, nv==0
PrintNuMagParam : name QPQ5, param=F2, cv==0, nv==0
PrintNuMagParam : name QPQ5, param=DX, cv==.000123888269, nv==.000123888269
PrintNuMagParam : name QPQ5, param=DY, cv==-.0001135, nv==-.0001135
PrintNuMagParam : name QPQ5, param=CSET, cv==423, nv==-1
PrintNuMagParam : name MSDX, param=ANGLE, cv==.04888884528188256, nv==.04888884528188256
PrintNuMagParam : name MSDX, param=K0, cv==0, nv==0
PrintNuMagParam : name MSDX, param=K1, cv==-.3617, nv==-.3617
PrintNuMagParam : name MSDX, param=K2, cv==0, nv==0
PrintNuMagParam : name MSDX, param=K3, cv==0, nv==0
PrintNuMagParam : name MSDX, param=SK0, cv==0, nv==0
PrintNuMagParam : name MSDX, param=SK1, cv==0, nv==0
PrintNuMagParam : name MSDX, param=SK2, cv==0, nv==0
PrintNuMagParam : name MSDX, param=SK3, cv==0, nv==0
PrintNuMagParam : name MSDX, param=F1, cv==0, nv==0
PrintNuMagParam : name MSDX, param=F2, cv==0, nv==0
PrintNuMagParam : name MSDX, param=DX, cv==0, nv==0
PrintNuMagParam : name MSDX, param=DY, cv==0, nv==0
PrintNuMagParam : name MSDX.1, param=ANGLE, cv==.04888884528188256, nv==.04888884528188256
PrintNuMagParam : name MSDX.1, param=K0, cv==0, nv==0
PrintNuMagParam : name MSDX.1, param=K1, cv==-.3617, nv==-.3617
PrintNuMagParam : name MSDX.1, param=K2, cv==0, nv==0
PrintNuMagParam : name MSDX.1, param=K3, cv==0, nv==0
PrintNuMagParam : name MSDX.1, param=SK0, cv==0, nv==0
PrintNuMagParam : name MSDX.1, param=SK1, cv==0, nv==0
PrintNuMagParam : name MSDX.1, param=SK2, cv==0, nv==0
PrintNuMagParam : name MSDX.1, param=SK3, cv==0, nv==0
PrintNuMagParam : name MSDX.1, param=F1, cv==0, nv==0
PrintNuMagParam : name MSDX.1, param=F2, cv==0, nv==0
PrintNuMagParam : name MSDX.1, param=DX, cv==0, nv==0
PrintNuMagParam : name MSDX.1, param=DY, cv==0, nv==0
PrintNuMagParam : name MSDX.1, param=CSET, cv==4356, nv==-1
PrintNuMagParam : name MSFX, param=ANGLE, cv==.051681459351456266, nv==.051681459351456266
PrintNuMagParam : name MSFX, param=K0, cv==0, nv==0
PrintNuMagParam : name MSFX, param=K1, cv==.3617, nv==.3617
PrintNuMagParam : name MSFX, param=K2, cv==0, nv==0
PrintNuMagParam : name MSFX, param=K3, cv==0, nv==0
PrintNuMagParam : name MSFX, param=SK0, cv==0, nv==0
PrintNuMagParam : name MSFX, param=SK1, cv==0, nv==0
PrintNuMagParam : name MSFX, param=SK2, cv==0, nv==0
PrintNuMagParam : name MSFX, param=SK3, cv==0, nv==0
PrintNuMagParam : name MSFX, param=F1, cv==0, nv==0
PrintNuMagParam : name MSFX, param=F2, cv==0, nv==0
PrintNuMagParam : name MSFX, param=DX, cv==0, nv==0
PrintNuMagParam : name MSFX, param=DY, cv==0, nv==0
PrintNuMagParam : name MSFX.1, param=ANGLE, cv==.051681459351456266, nv==.051681459351456266
PrintNuMagParam : name MSFX.1, param=K0, cv==0, nv==0
PrintNuMagParam : name MSFX.1, param=K1, cv==.3617, nv==.3617
PrintNuMagParam : name MSFX.1, param=K2, cv==0, nv==0
PrintNuMagParam : name MSFX.1, param=K3, cv==0, nv==0
PrintNuMagParam : name MSFX.1, param=SK0, cv==0, nv==0
PrintNuMagParam : name MSFX.1, param=SK1, cv==0, nv==0
PrintNuMagParam : name MSFX.1, param=SK2, cv==0, nv==0
PrintNuMagParam : name MSFX.1, param=SK3, cv==0, nv==0
PrintNuMagParam : name MSFX.1, param=F1, cv==0, nv==0
PrintNuMagParam : name MSFX.1, param=F2, cv==0, nv==0
PrintNuMagParam : name MSFX.1, param=DX, cv==0, nv==0
PrintNuMagParam : name MSFX.1, param=DY, cv==0, nv==0
PrintNuMagParam : name MSFX.1, param=CSET, cv==4356, nv==-1
PrintNuMagParam : name MSDX.2, param=ANGLE, cv==.04888884528188256, nv==.04888884528188256
PrintNuMagParam : name MSDX.2, param=K0, cv==0, nv==0
PrintNuMagParam : name MSDX.2, param=K1, cv==-.3617, nv==-.3617
PrintNuMagParam : name MSDX.2, param=K2, cv==0, nv==0
PrintNuMagParam : name MSDX.2, param=K3, cv==0, nv==0
PrintNuMagParam : name MSDX.2, param=SK0, cv==0, nv==0
PrintNuMagParam : name MSDX.2, param=SK1, cv==0, nv==0
PrintNuMagParam : name MSDX.2, param=SK2, cv==0, nv==0
PrintNuMagParam : name MSDX.2, param=SK3, cv==0, nv==0
PrintNuMagParam : name MSDX.2, param=F1, cv==0, nv==0
PrintNuMagParam : name MSDX.2, param=F2, cv==0, nv==0
PrintNuMagParam : name MSDX.2, param=DX, cv==0, nv==0
PrintNuMagParam : name MSDX.2, param=DY, cv==0, nv==0
PrintNuMagParam : name MSDX.2, param=CSET, cv==4356, nv==-1
PrintNuMagParam : name MSFX.2, param=ANGLE, cv==.051681459351456266, nv==.051681459351456266
PrintNuMagParam : name MSFX.2, param=K0, cv==0, nv==0
PrintNuMagParam : name MSFX.2, param=K1, cv==.3617, nv==.3617
PrintNuMagParam : name MSFX.2, param=K2, cv==0, nv==0
PrintNuMagParam : name MSFX.2, param=K3, cv==0, nv==0
PrintNuMagParam : name MSFX.2, param=SK0, cv==0, nv==0
PrintNuMagParam : name MSFX.2, param=SK1, cv==0, nv==0
PrintNuMagParam : name MSFX.2, param=SK2, cv==0, nv==0
PrintNuMagParam : name MSFX.2, param=SK3, cv==0, nv==0
PrintNuMagParam : name MSFX.2, param=F1, cv==0, nv==0
PrintNuMagParam : name MSFX.2, param=F2, cv==0, nv==0
PrintNuMagParam : name MSFX.2, param=DX, cv==0, nv==0
PrintNuMagParam : name MSFX.2, param=DY, cv==0, nv==0
PrintNuMagParam : name MSFX.2, param=CSET, cv==4356, nv==-1
PrintNuMagParam : name MSDX.3, param=ANGLE, cv==.04888884528188256, nv==.04888884528188256
PrintNuMagParam : name MSDX.3, param=K0, cv==0, nv==0
PrintNuMagParam : name MSDX.3, param=K1, cv==-.3617, nv==-.3617
PrintNuMagParam : name MSDX.3, param=K2, cv==0, nv==0
PrintNuMagParam : name MSDX.3, param=K3, cv==0, nv==0
PrintNuMagParam : name MSDX.3, param=SK0, cv==0, nv==0
PrintNuMagParam : name MSDX.3, param=SK1, cv==0, nv==0
PrintNuMagParam : name MSDX.3, param=SK2, cv==0, nv==0
PrintNuMagParam : name MSDX.3, param=SK3, cv==0, nv==0
PrintNuMagParam : name MSDX.3, param=F1, cv==0, nv==0
PrintNuMagParam : name MSDX.3, param=F2, cv==0, nv==0
PrintNuMagParam : name MSDX.3, param=DX, cv==0, nv==0
PrintNuMagParam : name MSDX.3, param=DY, cv==0, nv==0
PrintNuMagParam : name MSDX.3, param=CSET, cv==4356, nv==-1
PrintNuMagParam : name MSFX.3, param=ANGLE, cv==.051681459351456266, nv==.051681459351456266
PrintNuMagParam : name MSFX.3, param=K0, cv==0, nv==0
PrintNuMagParam : name MSFX.3, param=K1, cv==.3617, nv==.3617
PrintNuMagParam : name MSFX.3, param=K2, cv==0, nv==0
PrintNuMagParam : name MSFX.3, param=K3, cv==0, nv==0
PrintNuMagParam : name MSFX.3, param=SK0, cv==0, nv==0
PrintNuMagParam : name MSFX.3, param=SK1, cv==0, nv==0
PrintNuMagParam : name MSFX.3, param=SK2, cv==0, nv==0
PrintNuMagParam : name MSFX.3, param=SK3, cv==0, nv==0
PrintNuMagParam : name MSFX.3, param=F1, cv==0, nv==0
PrintNuMagParam : name MSFX.3, param=F2, cv==0, nv==0
PrintNuMagParam : name MSFX.3, param=DX, cv==0, nv==0
PrintNuMagParam : name MSFX.3, param=DY, cv==0, nv==0
PrintNuMagParam : name MSFX.3, param=CSET, cv==4356, nv==-1
PrintNuMagParam : name BSND03, param=ANGLE, cv==0, nv==0
PrintNuMagParam : name BSND03, param=K0, cv==0, nv==0
PrintNuMagParam : name BSND03, param=F1, cv==0, nv==0
PrintNuMagParam : name BSND03, param=DX, cv==0, nv==0
PrintNuMagParam : name BSND03, param=DY, cv==0, nv==0
PrintNuMagParam : name BSND03, param=CSET, cv==0, nv==-1
PrintNuMagParam : name BSSD03, param=ANGLE, cv==0, nv==0
PrintNuMagParam : name BSSD03, param=K0, cv==0, nv==0
PrintNuMagParam : name BSSD03, param=F1, cv==0, nv==0
PrintNuMagParam : name BSSD03, param=DX, cv==0, nv==0
PrintNuMagParam : name BSSD03, param=DY, cv==0, nv==0
PrintNuMagParam : name BSSD03, param=CSET, cv==0, nv==-1
PrintNuMagParam : name MSDX.4, param=ANGLE, cv==.04888884528188256, nv==.04888884528188256
PrintNuMagParam : name MSDX.4, param=K0, cv==0, nv==0
PrintNuMagParam : name MSDX.4, param=K1, cv==-.3617, nv==-.3617
PrintNuMagParam : name MSDX.4, param=K2, cv==0, nv==0
PrintNuMagParam : name MSDX.4, param=K3, cv==0, nv==0
PrintNuMagParam : name MSDX.4, param=SK0, cv==0, nv==0
PrintNuMagParam : name MSDX.4, param=SK1, cv==0, nv==0
PrintNuMagParam : name MSDX.4, param=SK2, cv==0, nv==0
PrintNuMagParam : name MSDX.4, param=SK3, cv==0, nv==0
PrintNuMagParam : name MSDX.4, param=F1, cv==0, nv==0
PrintNuMagParam : name MSDX.4, param=F2, cv==0, nv==0
PrintNuMagParam : name MSDX.4, param=DX, cv==0, nv==0
PrintNuMagParam : name MSDX.4, param=DY, cv==0, nv==0
PrintNuMagParam : name MSDX.4, param=CSET, cv==4356, nv==-1
PrintNuMagParam : name MSFX.4, param=ANGLE, cv==.051681459351456266, nv==.051681459351456266
PrintNuMagParam : name MSFX.4, param=K0, cv==0, nv==0
PrintNuMagParam : name MSFX.4, param=K1, cv==.3617, nv==.3617
PrintNuMagParam : name MSFX.4, param=K2, cv==0, nv==0
PrintNuMagParam : name MSFX.4, param=K3, cv==0, nv==0
PrintNuMagParam : name MSFX.4, param=SK0, cv==0, nv==0
PrintNuMagParam : name MSFX.4, param=SK1, cv==0, nv==0
PrintNuMagParam : name MSFX.4, param=SK2, cv==0, nv==0
PrintNuMagParam : name MSFX.4, param=SK3, cv==0, nv==0
PrintNuMagParam : name MSFX.4, param=F1, cv==0, nv==0
PrintNuMagParam : name MSFX.4, param=F2, cv==0, nv==0
PrintNuMagParam : name MSFX.4, param=DX, cv==0, nv==0
PrintNuMagParam : name MSFX.4, param=DY, cv==0, nv==0
PrintNuMagParam : name MSFX.4, param=CSET, cv==4356, nv==-1
PrintNuMagParam : name MSDX.5, param=ANGLE, cv==.04888884528188256, nv==.04888884528188256
PrintNuMagParam : name MSDX.5, param=K0, cv==0, nv==0
PrintNuMagParam : name MSDX.5, param=K1, cv==-.3617, nv==-.3617
PrintNuMagParam : name MSDX.5, param=K2, cv==0, nv==0
PrintNuMagParam : name MSDX.5, param=K3, cv==0, nv==0
PrintNuMagParam : name MSDX.5, param=SK0, cv==0, nv==0
PrintNuMagParam : name MSDX.5, param=SK1, cv==0, nv==0
PrintNuMagParam : name MSDX.5, param=SK2, cv==0, nv==0
PrintNuMagParam : name MSDX.5, param=SK3, cv==0, nv==0
PrintNuMagParam : name MSDX.5, param=F1, cv==0, nv==0
PrintNuMagParam : name MSDX.5, param=F2, cv==0, nv==0
PrintNuMagParam : name MSDX.5, param=DX, cv==0, nv==0
PrintNuMagParam : name MSDX.5, param=DY, cv==0, nv==0
PrintNuMagParam : name MSDX.5, param=CSET, cv==4356, nv==-1
PrintNuMagParam : name MSFX.5, param=ANGLE, cv==.051681459351456266, nv==.051681459351456266
PrintNuMagParam : name MSFX.5, param=K0, cv==0, nv==0
PrintNuMagParam : name MSFX.5, param=K1, cv==.3617, nv==.3617
PrintNuMagParam : name MSFX.5, param=K2, cv==0, nv==0
PrintNuMagParam : name MSFX.5, param=K3, cv==0, nv==0
PrintNuMagParam : name MSFX.5, param=SK0, cv==0, nv==0
PrintNuMagParam : name MSFX.5, param=SK1, cv==0, nv==0
PrintNuMagParam : name MSFX.5, param=SK2, cv==0, nv==0
PrintNuMagParam : name MSFX.5, param=SK3, cv==0, nv==0
PrintNuMagParam : name MSFX.5, param=F1, cv==0, nv==0
PrintNuMagParam : name MSFX.5, param=F2, cv==0, nv==0
PrintNuMagParam : name MSFX.5, param=DX, cv==0, nv==0
PrintNuMagParam : name MSFX.5, param=DY, cv==0, nv==0
PrintNuMagParam : name MSFX.5, param=CSET, cv==4356, nv==-1
PrintNuMagParam : name MSDX.6, param=ANGLE, cv==.04888884528188256, nv==.04888884528188256
PrintNuMagParam : name MSDX.6, param=K0, cv==0, nv==0
PrintNuMagParam : name MSDX.6, param=K1, cv==-.3617, nv==-.3617
PrintNuMagParam : name MSDX.6, param=K2, cv==0, nv==0
PrintNuMagParam : name MSDX.6, param=K3, cv==0, nv==0
PrintNuMagParam : name MSDX.6, param=SK0, cv==0, nv==0
PrintNuMagParam : name MSDX.6, param=SK1, cv==0, nv==0
PrintNuMagParam : name MSDX.6, param=SK2, cv==0, nv==0
PrintNuMagParam : name MSDX.6, param=SK3, cv==0, nv==0
PrintNuMagParam : name MSDX.6, param=F1, cv==0, nv==0
PrintNuMagParam : name MSDX.6, param=F2, cv==0, nv==0
PrintNuMagParam : name MSDX.6, param=DX, cv==0, nv==0
PrintNuMagParam : name MSDX.6, param=DY, cv==0, nv==0
PrintNuMagParam : name MSDX.6, param=CSET, cv==4356, nv==-1
PrintNuMagParam : name MSFX.6, param=ANGLE, cv==.051681459351456266, nv==.051681459351456266
PrintNuMagParam : name MSFX.6, param=K0, cv==0, nv==0
PrintNuMagParam : name MSFX.6, param=K1, cv==.3617, nv==.3617
PrintNuMagParam : name MSFX.6, param=K2, cv==0, nv==0
PrintNuMagParam : name MSFX.6, param=K3, cv==0, nv==0
PrintNuMagParam : name MSFX.6, param=SK0, cv==0, nv==0
PrintNuMagParam : name MSFX.6, param=SK1, cv==0, nv==0
PrintNuMagParam : name MSFX.6, param=SK2, cv==0, nv==0
PrintNuMagParam : name MSFX.6, param=SK3, cv==0, nv==0
PrintNuMagParam : name MSFX.6, param=F1, cv==0, nv==0
PrintNuMagParam : name MSFX.6, param=F2, cv==0, nv==0
PrintNuMagParam : name MSFX.6, param=DX, cv==0, nv==0
PrintNuMagParam : name MSFX.6, param=DY, cv==0, nv==0
PrintNuMagParam : name MSFX.6, param=CSET, cv==4356, nv==-1
PrintNuMagParam : name MSDX.7, param=ANGLE, cv==.04888884528188256, nv==.04888884528188256
PrintNuMagParam : name MSDX.7, param=K0, cv==0, nv==0
PrintNuMagParam : name MSDX.7, param=K1, cv==-.3617, nv==-.3617
PrintNuMagParam : name MSDX.7, param=K2, cv==0, nv==0
PrintNuMagParam : name MSDX.7, param=K3, cv==0, nv==0
PrintNuMagParam : name MSDX.7, param=SK0, cv==0, nv==0
PrintNuMagParam : name MSDX.7, param=SK1, cv==0, nv==0
PrintNuMagParam : name MSDX.7, param=SK2, cv==0, nv==0
PrintNuMagParam : name MSDX.7, param=SK3, cv==0, nv==0
PrintNuMagParam : name MSDX.7, param=F1, cv==0, nv==0
PrintNuMagParam : name MSDX.7, param=F2, cv==0, nv==0
PrintNuMagParam : name MSDX.7, param=DX, cv==0, nv==0
PrintNuMagParam : name MSDX.7, param=DY, cv==0, nv==0
PrintNuMagParam : name MSDX.7, param=CSET, cv==4356, nv==-1
PrintNuMagParam : name MSFX.7, param=ANGLE, cv==.051681459351456266, nv==.051681459351456266
PrintNuMagParam : name MSFX.7, param=K0, cv==0, nv==0
PrintNuMagParam : name MSFX.7, param=K1, cv==.3617, nv==.3617
PrintNuMagParam : name MSFX.7, param=K2, cv==0, nv==0
PrintNuMagParam : name MSFX.7, param=K3, cv==0, nv==0
PrintNuMagParam : name MSFX.7, param=SK0, cv==0, nv==0
PrintNuMagParam : name MSFX.7, param=SK1, cv==0, nv==0
PrintNuMagParam : name MSFX.7, param=SK2, cv==0, nv==0
PrintNuMagParam : name MSFX.7, param=SK3, cv==0, nv==0
PrintNuMagParam : name MSFX.7, param=F1, cv==0, nv==0
PrintNuMagParam : name MSFX.7, param=F2, cv==0, nv==0
PrintNuMagParam : name MSFX.7, param=DX, cv==0, nv==0
PrintNuMagParam : name MSFX.7, param=DY, cv==0, nv==0
PrintNuMagParam : name MSFX.7, param=CSET, cv==4356, nv==-1
PrintNuMagParam : name BSND07, param=ANGLE, cv==0, nv==0
PrintNuMagParam : name BSND07, param=K0, cv==0, nv==0
PrintNuMagParam : name BSND07, param=F1, cv==0, nv==0
PrintNuMagParam : name BSND07, param=DX, cv==0, nv==0
PrintNuMagParam : name BSND07, param=DY, cv==0, nv==0
PrintNuMagParam : name BSND07, param=CSET, cv==0, nv==-1
PrintNuMagParam : name BSSD07, param=ANGLE, cv==0, nv==0
PrintNuMagParam : name BSSD07, param=K0, cv==0, nv==0
PrintNuMagParam : name BSSD07, param=F1, cv==0, nv==0
PrintNuMagParam : name BSSD07, param=DX, cv==0, nv==0
PrintNuMagParam : name BSSD07, param=DY, cv==0, nv==0
PrintNuMagParam : name BSSD07, param=CSET, cv==0, nv==-1
PrintNuMagParam : name MSDX.8, param=ANGLE, cv==.04888884528188256, nv==.04888884528188256
PrintNuMagParam : name MSDX.8, param=K0, cv==0, nv==0
PrintNuMagParam : name MSDX.8, param=K1, cv==-.3617, nv==-.3617
PrintNuMagParam : name MSDX.8, param=K2, cv==0, nv==0
PrintNuMagParam : name MSDX.8, param=K3, cv==0, nv==0
PrintNuMagParam : name MSDX.8, param=SK0, cv==0, nv==0
PrintNuMagParam : name MSDX.8, param=SK1, cv==0, nv==0
PrintNuMagParam : name MSDX.8, param=SK2, cv==0, nv==0
PrintNuMagParam : name MSDX.8, param=SK3, cv==0, nv==0
PrintNuMagParam : name MSDX.8, param=F1, cv==0, nv==0
PrintNuMagParam : name MSDX.8, param=F2, cv==0, nv==0
PrintNuMagParam : name MSDX.8, param=DX, cv==0, nv==0
PrintNuMagParam : name MSDX.8, param=DY, cv==0, nv==0
PrintNuMagParam : name MSDX.8, param=CSET, cv==4356, nv==-1
PrintNuMagParam : name MSFX.8, param=ANGLE, cv==.051681459351456266, nv==.051681459351456266
PrintNuMagParam : name MSFX.8, param=K0, cv==0, nv==0
PrintNuMagParam : name MSFX.8, param=K1, cv==.3617, nv==.3617
PrintNuMagParam : name MSFX.8, param=K2, cv==0, nv==0
PrintNuMagParam : name MSFX.8, param=K3, cv==0, nv==0
PrintNuMagParam : name MSFX.8, param=SK0, cv==0, nv==0
PrintNuMagParam : name MSFX.8, param=SK1, cv==0, nv==0
PrintNuMagParam : name MSFX.8, param=SK2, cv==0, nv==0
PrintNuMagParam : name MSFX.8, param=SK3, cv==0, nv==0
PrintNuMagParam : name MSFX.8, param=F1, cv==0, nv==0
PrintNuMagParam : name MSFX.8, param=F2, cv==0, nv==0
PrintNuMagParam : name MSFX.8, param=DX, cv==0, nv==0
PrintNuMagParam : name MSFX.8, param=DY, cv==0, nv==0
PrintNuMagParam : name MSFX.8, param=CSET, cv==4356, nv==-1
PrintNuMagParam : name BSND08, param=ANGLE, cv==0, nv==0
PrintNuMagParam : name BSND08, param=K0, cv==0, nv==0
PrintNuMagParam : name BSND08, param=F1, cv==0, nv==0
PrintNuMagParam : name BSND08, param=DX, cv==0, nv==0
PrintNuMagParam : name BSND08, param=DY, cv==0, nv==0
PrintNuMagParam : name BSND08, param=CSET, cv==0, nv==-1
PrintNuMagParam : name BSSD08, param=ANGLE, cv==0, nv==0
PrintNuMagParam : name BSSD08, param=K0, cv==0, nv==0
PrintNuMagParam : name BSSD08, param=F1, cv==0, nv==0
PrintNuMagParam : name BSSD08, param=DX, cv==0, nv==0
PrintNuMagParam : name BSSD08, param=DY, cv==0, nv==0
PrintNuMagParam : name BSSD08, param=CSET, cv==0, nv==-1
PrintNuMagParam : name MSDX.9, param=ANGLE, cv==.04888884528188256, nv==.04888884528188256
PrintNuMagParam : name MSDX.9, param=K0, cv==0, nv==0
PrintNuMagParam : name MSDX.9, param=K1, cv==-.3617, nv==-.3617
PrintNuMagParam : name MSDX.9, param=K2, cv==0, nv==0
PrintNuMagParam : name MSDX.9, param=K3, cv==0, nv==0
PrintNuMagParam : name MSDX.9, param=SK0, cv==0, nv==0
PrintNuMagParam : name MSDX.9, param=SK1, cv==0, nv==0
PrintNuMagParam : name MSDX.9, param=SK2, cv==0, nv==0
PrintNuMagParam : name MSDX.9, param=SK3, cv==0, nv==0
PrintNuMagParam : name MSDX.9, param=F1, cv==0, nv==0
PrintNuMagParam : name MSDX.9, param=F2, cv==0, nv==0
PrintNuMagParam : name MSDX.9, param=DX, cv==0, nv==0
PrintNuMagParam : name MSDX.9, param=DY, cv==0, nv==0
PrintNuMagParam : name MSDX.9, param=CSET, cv==4356, nv==-1
PrintNuMagParam : name MSFX.9, param=ANGLE, cv==.051681459351456266, nv==.051681459351456266
PrintNuMagParam : name MSFX.9, param=K0, cv==0, nv==0
PrintNuMagParam : name MSFX.9, param=K1, cv==.3617, nv==.3617
PrintNuMagParam : name MSFX.9, param=K2, cv==0, nv==0
PrintNuMagParam : name MSFX.9, param=K3, cv==0, nv==0
PrintNuMagParam : name MSFX.9, param=SK0, cv==0, nv==0
PrintNuMagParam : name MSFX.9, param=SK1, cv==0, nv==0
PrintNuMagParam : name MSFX.9, param=SK2, cv==0, nv==0
PrintNuMagParam : name MSFX.9, param=SK3, cv==0, nv==0
PrintNuMagParam : name MSFX.9, param=F1, cv==0, nv==0
PrintNuMagParam : name MSFX.9, param=F2, cv==0, nv==0
PrintNuMagParam : name MSFX.9, param=DX, cv==0, nv==0
PrintNuMagParam : name MSFX.9, param=DY, cv==0, nv==0
PrintNuMagParam : name MSFX.9, param=CSET, cv==4356, nv==-1
PrintNuMagParam : name MSDX.10, param=ANGLE, cv==.04888884528188256, nv==.04888884528188256
PrintNuMagParam : name MSDX.10, param=K0, cv==0, nv==0
PrintNuMagParam : name MSDX.10, param=K1, cv==-.3617, nv==-.3617
PrintNuMagParam : name MSDX.10, param=K2, cv==0, nv==0
PrintNuMagParam : name MSDX.10, param=K3, cv==0, nv==0
PrintNuMagParam : name MSDX.10, param=SK0, cv==0, nv==0
PrintNuMagParam : name MSDX.10, param=SK1, cv==0, nv==0
PrintNuMagParam : name MSDX.10, param=SK2, cv==0, nv==0
PrintNuMagParam : name MSDX.10, param=SK3, cv==0, nv==0
PrintNuMagParam : name MSDX.10, param=F1, cv==0, nv==0
PrintNuMagParam : name MSDX.10, param=F2, cv==0, nv==0
PrintNuMagParam : name MSDX.10, param=DX, cv==0, nv==0
PrintNuMagParam : name MSDX.10, param=DY, cv==0, nv==0
PrintNuMagParam : name MSDX.10, param=CSET, cv==4356, nv==-1
PrintNuMagParam : name MSFX.10, param=ANGLE, cv==.051681459351456266, nv==.051681459351456266
PrintNuMagParam : name MSFX.10, param=K0, cv==0, nv==0
PrintNuMagParam : name MSFX.10, param=K1, cv==.3617, nv==.3617
PrintNuMagParam : name MSFX.10, param=K2, cv==0, nv==0
PrintNuMagParam : name MSFX.10, param=K3, cv==0, nv==0
PrintNuMagParam : name MSFX.10, param=SK0, cv==0, nv==0
PrintNuMagParam : name MSFX.10, param=SK1, cv==0, nv==0
PrintNuMagParam : name MSFX.10, param=SK2, cv==0, nv==0
PrintNuMagParam : name MSFX.10, param=SK3, cv==0, nv==0
PrintNuMagParam : name MSFX.10, param=F1, cv==0, nv==0
PrintNuMagParam : name MSFX.10, param=F2, cv==0, nv==0
PrintNuMagParam : name MSFX.10, param=DX, cv==0, nv==0
PrintNuMagParam : name MSFX.10, param=DY, cv==0, nv==0
PrintNuMagParam : name MSFX.10, param=CSET, cv==4356, nv==-1
PrintNuMagParam : name MSDX.11, param=ANGLE, cv==.04888884528188256, nv==.04888884528188256
PrintNuMagParam : name MSDX.11, param=K0, cv==0, nv==0
PrintNuMagParam : name MSDX.11, param=K1, cv==-.3617, nv==-.3617
PrintNuMagParam : name MSDX.11, param=K2, cv==0, nv==0
PrintNuMagParam : name MSDX.11, param=K3, cv==0, nv==0
PrintNuMagParam : name MSDX.11, param=SK0, cv==0, nv==0
PrintNuMagParam : name MSDX.11, param=SK1, cv==0, nv==0
PrintNuMagParam : name MSDX.11, param=SK2, cv==0, nv==0
PrintNuMagParam : name MSDX.11, param=SK3, cv==0, nv==0
PrintNuMagParam : name MSDX.11, param=F1, cv==0, nv==0
PrintNuMagParam : name MSDX.11, param=F2, cv==0, nv==0
PrintNuMagParam : name MSDX.11, param=DX, cv==0, nv==0
PrintNuMagParam : name MSDX.11, param=DY, cv==0, nv==0
PrintNuMagParam : name MSDX.11, param=CSET, cv==4356, nv==-1
PrintNuMagParam : name MSFX.11, param=ANGLE, cv==.051681459351456266, nv==.051681459351456266
PrintNuMagParam : name MSFX.11, param=K0, cv==0, nv==0
PrintNuMagParam : name MSFX.11, param=K1, cv==.3617, nv==.3617
PrintNuMagParam : name MSFX.11, param=K2, cv==0, nv==0
PrintNuMagParam : name MSFX.11, param=K3, cv==0, nv==0
PrintNuMagParam : name MSFX.11, param=SK0, cv==0, nv==0
PrintNuMagParam : name MSFX.11, param=SK1, cv==0, nv==0
PrintNuMagParam : name MSFX.11, param=SK2, cv==0, nv==0
PrintNuMagParam : name MSFX.11, param=SK3, cv==0, nv==0
PrintNuMagParam : name MSFX.11, param=F1, cv==0, nv==0
PrintNuMagParam : name MSFX.11, param=F2, cv==0, nv==0
PrintNuMagParam : name MSFX.11, param=DX, cv==0, nv==0
PrintNuMagParam : name MSFX.11, param=DY, cv==0, nv==0
PrintNuMagParam : name MSFX.11, param=CSET, cv==4356, nv==-1
PrintNuMagParam : name MSDX.12, param=ANGLE, cv==.04888884528188256, nv==.04888884528188256
PrintNuMagParam : name MSDX.12, param=K0, cv==0, nv==0
PrintNuMagParam : name MSDX.12, param=K1, cv==-.3617, nv==-.3617
PrintNuMagParam : name MSDX.12, param=K2, cv==0, nv==0
PrintNuMagParam : name MSDX.12, param=K3, cv==0, nv==0
PrintNuMagParam : name MSDX.12, param=SK0, cv==0, nv==0
PrintNuMagParam : name MSDX.12, param=SK1, cv==0, nv==0
PrintNuMagParam : name MSDX.12, param=SK2, cv==0, nv==0
PrintNuMagParam : name MSDX.12, param=SK3, cv==0, nv==0
PrintNuMagParam : name MSDX.12, param=F1, cv==0, nv==0
PrintNuMagParam : name MSDX.12, param=F2, cv==0, nv==0
PrintNuMagParam : name MSDX.12, param=DX, cv==0, nv==0
PrintNuMagParam : name MSDX.12, param=DY, cv==0, nv==0
PrintNuMagParam : name MSDX.12, param=CSET, cv==4356, nv==-1
PrintNuMagParam : name MSFX.12, param=ANGLE, cv==.051681459351456266, nv==.051681459351456266
PrintNuMagParam : name MSFX.12, param=K0, cv==0, nv==0
PrintNuMagParam : name MSFX.12, param=K1, cv==.3617, nv==.3617
PrintNuMagParam : name MSFX.12, param=K2, cv==0, nv==0
PrintNuMagParam : name MSFX.12, param=K3, cv==0, nv==0
PrintNuMagParam : name MSFX.12, param=SK0, cv==0, nv==0
PrintNuMagParam : name MSFX.12, param=SK1, cv==0, nv==0
PrintNuMagParam : name MSFX.12, param=SK2, cv==0, nv==0
PrintNuMagParam : name MSFX.12, param=SK3, cv==0, nv==0
PrintNuMagParam : name MSFX.12, param=F1, cv==0, nv==0
PrintNuMagParam : name MSFX.12, param=F2, cv==0, nv==0
PrintNuMagParam : name MSFX.12, param=DX, cv==0, nv==0
PrintNuMagParam : name MSFX.12, param=DY, cv==0, nv==0
PrintNuMagParam : name MSFX.12, param=CSET, cv==4356, nv==-1
PrintNuMagParam : name MSDX.13, param=ANGLE, cv==.04888884528188256, nv==.04888884528188256
PrintNuMagParam : name MSDX.13, param=K0, cv==0, nv==0
PrintNuMagParam : name MSDX.13, param=K1, cv==-.3617, nv==-.3617
PrintNuMagParam : name MSDX.13, param=K2, cv==0, nv==0
PrintNuMagParam : name MSDX.13, param=K3, cv==0, nv==0
PrintNuMagParam : name MSDX.13, param=SK0, cv==0, nv==0
PrintNuMagParam : name MSDX.13, param=SK1, cv==0, nv==0
PrintNuMagParam : name MSDX.13, param=SK2, cv==0, nv==0
PrintNuMagParam : name MSDX.13, param=SK3, cv==0, nv==0
PrintNuMagParam : name MSDX.13, param=F1, cv==0, nv==0
PrintNuMagParam : name MSDX.13, param=F2, cv==0, nv==0
PrintNuMagParam : name MSDX.13, param=DX, cv==0, nv==0
PrintNuMagParam : name MSDX.13, param=DY, cv==0, nv==0
PrintNuMagParam : name MSDX.13, param=CSET, cv==4356, nv==-1
PrintNuMagParam : name MSFX.13, param=ANGLE, cv==.051681459351456266, nv==.051681459351456266
PrintNuMagParam : name MSFX.13, param=K0, cv==0, nv==0
PrintNuMagParam : name MSFX.13, param=K1, cv==.3617, nv==.3617
PrintNuMagParam : name MSFX.13, param=K2, cv==0, nv==0
PrintNuMagParam : name MSFX.13, param=K3, cv==0, nv==0
PrintNuMagParam : name MSFX.13, param=SK0, cv==0, nv==0
PrintNuMagParam : name MSFX.13, param=SK1, cv==0, nv==0
PrintNuMagParam : name MSFX.13, param=SK2, cv==0, nv==0
PrintNuMagParam : name MSFX.13, param=SK3, cv==0, nv==0
PrintNuMagParam : name MSFX.13, param=F1, cv==0, nv==0
PrintNuMagParam : name MSFX.13, param=F2, cv==0, nv==0
PrintNuMagParam : name MSFX.13, param=DX, cv==0, nv==0
PrintNuMagParam : name MSFX.13, param=DY, cv==0, nv==0
PrintNuMagParam : name MSFX.13, param=CSET, cv==4356, nv==-1
PrintNuMagParam : name MSDX.14, param=ANGLE, cv==.04888884528188256, nv==.04888884528188256
PrintNuMagParam : name MSDX.14, param=K0, cv==0, nv==0
PrintNuMagParam : name MSDX.14, param=K1, cv==-.3617, nv==-.3617
PrintNuMagParam : name MSDX.14, param=K2, cv==0, nv==0
PrintNuMagParam : name MSDX.14, param=K3, cv==0, nv==0
PrintNuMagParam : name MSDX.14, param=SK0, cv==0, nv==0
PrintNuMagParam : name MSDX.14, param=SK1, cv==0, nv==0
PrintNuMagParam : name MSDX.14, param=SK2, cv==0, nv==0
PrintNuMagParam : name MSDX.14, param=SK3, cv==0, nv==0
PrintNuMagParam : name MSDX.14, param=F1, cv==0, nv==0
PrintNuMagParam : name MSDX.14, param=F2, cv==0, nv==0
PrintNuMagParam : name MSDX.14, param=DX, cv==0, nv==0
PrintNuMagParam : name MSDX.14, param=DY, cv==0, nv==0
PrintNuMagParam : name MSDX.14, param=CSET, cv==4356, nv==-1
PrintNuMagParam : name MSFX.14, param=ANGLE, cv==.051681459351456266, nv==.051681459351456266
PrintNuMagParam : name MSFX.14, param=K0, cv==0, nv==0
PrintNuMagParam : name MSFX.14, param=K1, cv==.3617, nv==.3617
PrintNuMagParam : name MSFX.14, param=K2, cv==0, nv==0
PrintNuMagParam : name MSFX.14, param=K3, cv==0, nv==0
PrintNuMagParam : name MSFX.14, param=SK0, cv==0, nv==0
PrintNuMagParam : name MSFX.14, param=SK1, cv==0, nv==0
PrintNuMagParam : name MSFX.14, param=SK2, cv==0, nv==0
PrintNuMagParam : name MSFX.14, param=SK3, cv==0, nv==0
PrintNuMagParam : name MSFX.14, param=F1, cv==0, nv==0
PrintNuMagParam : name MSFX.14, param=F2, cv==0, nv==0
PrintNuMagParam : name MSFX.14, param=DX, cv==0, nv==0
PrintNuMagParam : name MSFX.14, param=DY, cv==0, nv==0
PrintNuMagParam : name MSFX.14, param=CSET, cv==4356, nv==-1
PrintNuMagParam : name QFQ1, param=K1, cv==-.2153297, nv==-.2153297
PrintNuMagParam : name QFQ1, param=F1, cv==0, nv==0
PrintNuMagParam : name QFQ1, param=F2, cv==0, nv==0
PrintNuMagParam : name QFQ1, param=DX, cv==-9.1380231e-05, nv==-9.1380231e-05
PrintNuMagParam : name QFQ1, param=DY, cv==-.000676, nv==-.000676
PrintNuMagParam : name QFQ1, param=CSET, cv==343.2, nv==-1
PrintNuMagParam : name BFV1, param=ANGLE, cv==0, nv==0
PrintNuMagParam : name BFV1, param=K0, cv==5.039987644033264e-05, nv==0
PrintNuMagParam : name BFV1, param=F1, cv==0, nv==0
PrintNuMagParam : name BFV1, param=DX, cv==0, nv==0
PrintNuMagParam : name BFV1, param=DY, cv==0, nv==0
PrintNuMagParam : name BFV1, param=CSET, cv==-54.2, nv==-1
PrintNuMagParam : name BFH1, param=ANGLE, cv==.0013288237573582267, nv==.0013288237573582267
PrintNuMagParam : name BFH1, param=K0, cv==.00010580780151174815, nv==0
PrintNuMagParam : name BFH1, param=F1, cv==0, nv==0
PrintNuMagParam : name BFH1, param=DX, cv==0, nv==0
PrintNuMagParam : name BFH1, param=DY, cv==0, nv==0
PrintNuMagParam : name BFH1, param=CSET, cv==-123.7, nv==-1
PrintNuMagParam : name BFV2, param=ANGLE, cv==0, nv==0
PrintNuMagParam : name BFV2, param=K0, cv==6.271424654836022e-05, nv==0
PrintNuMagParam : name BFV2, param=F1, cv==0, nv==0
PrintNuMagParam : name BFV2, param=DX, cv==0, nv==0
PrintNuMagParam : name BFV2, param=DY, cv==0, nv==0
PrintNuMagParam : name BFV2, param=CSET, cv==49.5, nv==-1
PrintNuMagParam : name QFQ2, param=K1, cv==.1748279, nv==.1748279
PrintNuMagParam : name QFQ2, param=F1, cv==0, nv==0
PrintNuMagParam : name QFQ2, param=F2, cv==0, nv==0
PrintNuMagParam : name QFQ2, param=DX, cv==6.4609412e-05, nv==6.4609412e-05
PrintNuMagParam : name QFQ2, param=DY, cv==-.00441, nv==-.00441
PrintNuMagParam : name QFQ2, param=CSET, cv==326.7, nv==-1
PrintNuMagParam : name QFQ3, param=K1, cv==-.1846039, nv==-.1846039
PrintNuMagParam : name QFQ3, param=F1, cv==0, nv==0
PrintNuMagParam : name QFQ3, param=F2, cv==0, nv==0
PrintNuMagParam : name QFQ3, param=DX, cv==.000156809582, nv==.000156809582
PrintNuMagParam : name QFQ3, param=DY, cv==-.005009, nv==-.005009
PrintNuMagParam : name QFQ3, param=CSET, cv==271.4, nv==-1
PrintNuMagParam : name BFH2, param=ANGLE, cv==0, nv==0
PrintNuMagParam : name BFH2, param=K0, cv==7.82966805186944e-05, nv==0
PrintNuMagParam : name BFH2, param=F1, cv==0, nv==0
PrintNuMagParam : name BFH2, param=DX, cv==0, nv==0
PrintNuMagParam : name BFH2, param=DY, cv==0, nv==0
PrintNuMagParam : name BFH2, param=CSET, cv==.8, nv==-1
PrintNuMagParam : name BFVD1, param=ANGLE, cv==-.023736477827122886, nv==-.023736477827122886
PrintNuMagParam : name BFVD1, param=K0, cv==8.580333877169168e-05, nv==0
PrintNuMagParam : name BFVD1, param=F1, cv==0, nv==0
PrintNuMagParam : name BFVD1, param=DX, cv==0, nv==0
PrintNuMagParam : name BFVD1, param=DY, cv==0, nv==0
PrintNuMagParam : name BFVD1, param=CSET, cv==1159.5, nv==-1
PrintNuMagParam : name QFQ4, param=K1, cv==.0395099, nv==.0395099
PrintNuMagParam : name QFQ4, param=F1, cv==0, nv==0
PrintNuMagParam : name QFQ4, param=F2, cv==0, nv==0
PrintNuMagParam : name QFQ4, param=DX, cv==.000389638756, nv==.000389638756
PrintNuMagParam : name QFQ4, param=DY, cv==-.001692, nv==-.001692
PrintNuMagParam : name QFQ4, param=CSET, cv==209.7, nv==-1
PrintNuMagParam : name BFVD2, param=ANGLE, cv==-.03974114706791088, nv==-.03974114706791088
PrintNuMagParam : name BFVD2, param=K0, cv==4.0686969369187e-05, nv==0
PrintNuMagParam : name BFVD2, param=F1, cv==0, nv==0
PrintNuMagParam : name BFVD2, param=DX, cv==0, nv==0
PrintNuMagParam : name BFVD2, param=DY, cv==0, nv==0
PrintNuMagParam : name BFVD2, param=CSET, cv==1538.9, nv==-1
 Map[StoreNuMagParamIn,  NuMagList]; ! store results into NuMagParamIn
 
 Print[SetElement["NUIN"]];
{"NUIN","MARK",
 {("AX"->-2.41877),("BX"->37.098),("PSIX"->0),("AY"->.178),("BY"->5.45),("PSIY"->0),("EX"->.423734),("EPX"->.0719639),("EY"->0),
  ("EPY"->0),("R1"->0),("R2"->0),("R3"->0),("R4"->0),("DX"->-.0005213342709778265),("DPX"->3.187370307999629e-05),
  ("DY"->-.00023251528354226788),("DPY"->7.806570728806085e-05),("DZ"->0),("DDP"->0),("DP"->.0002),("AZ"->0),("OFFSET"->0),
  ("SIGZ"->0),("GEO"->0),("JDX"->0),("JDPX"->0),("JDY"->0),("JDPY"->0),("JDZ"->0),("JDPZ"->0),("EMITX"->1e-12),("EMITY"->1e-12),
  ("COUPLE"->0)}}
 Print[SetElement["TARGET"]];
{"TARGET","MARK",
 {("AX"->-1.154726715450097),("BX"->54.26242746559141),("PSIX"->27.625014903089546),("AY"->.9255559063175832),("BY"->
   17.983744305501965),
  ("PSIY"->30.04814116195167),("EX"->1.3134880602345727),("EPX"->-.0301016552417369),("EY"->.7186850145513402),
  ("EPY"->.07203735564652126),("R1"->-5.010973395451176e-05),("R2"->.00039959986013155896),("R3"->-1.967241810271417e-06),
  ("R4"->.0001725782021194253),("DX"->-1.9599046321614952e-06),("DPX"->-2.5474475972248908e-06),("DY"->-.006028567600611284),
  ("DPY"->-.0005960376405767664),("DZ"->-5.496799898380055e-05),("DDP"->0),("DP"->.0002),("AZ"->0),("OFFSET"->0),("SIGZ"->0),
  ("GEO"->0),("JDX"->0),("JDPX"->0),("JDY"->0),("JDPY"->0),("JDZ"->0),("JDPZ"->0),("EMITX"->1e-12),("EMITY"->1e-12),("COUPLE"->0)}}
 
 
 
 
 !!! Optics fit w/ SSEM,OTR
 Print["*** M004 Optics fit with SSEM,OTR ***"];
*** M004 Optics fit with SSEM,OTR ***
 FFS["USE ALL"];
  *** expln *** ALL is re-expanded again
 Design orbit length =   242.02495359999998     
 FFS["trpt calc"];
 FFS["calc"];
 FFS["save"];
 
 
 
 Print["*** Twiss params at beggining of Optics fit ***"];
*** Twiss params at beggining of Optics fit ***
 Print[NuTopMarkName//" AX  "//Twiss["AX", NuTopMarkName]];
NUIN AX  -2.41877
 Print[NuTopMarkName//" BX  "//Twiss["BX", NuTopMarkName]];
NUIN BX  37.098
 Print[NuTopMarkName//" EX  "//Twiss["EX", NuTopMarkName]];
NUIN EX  .423734
 Print[NuTopMarkName//" EPX "//Twiss["EPX", NuTopMarkName]];
NUIN EPX .0719639
 Print[NuTopMarkName//" DX  "//Twiss["DX", NuTopMarkName]];
NUIN DX  -.0005213342709778265
 Print[NuTopMarkName//" DPX "//Twiss["DPX", NuTopMarkName]];
NUIN DPX 3.187370307999629e-05
 Print[NuTopMarkName//" AY  "//Twiss["AY", NuTopMarkName]];
NUIN AY  .178
 Print[NuTopMarkName//" BY  "//Twiss["BY", NuTopMarkName]];
NUIN BY  5.45
 Print[NuTopMarkName//" EY  "//Twiss["EY", NuTopMarkName]];
NUIN EY  0
 Print[NuTopMarkName//" EPY "//Twiss["EPY", NuTopMarkName]];
NUIN EPY 0
 Print[NuTopMarkName//" DY  "//Twiss["DY", NuTopMarkName]];
NUIN DY  -.00023251528354226788
 Print[NuTopMarkName//" DPY "//Twiss["DPY", NuTopMarkName]];
NUIN DPY 7.806570728806085e-05
 Print["Emix = "//ToString[emix]];
Emix = 2.3452150524022574e-07
 Print["Emiy = "//ToString[emiy]];
Emiy = 2.6132081766365366e-07
 Print["DP   = "//ToString[DP]];
DP   = .0002
 Print["DP0  = "//ToString[DP0]];
DP0  = 0
 
 
 CONVERGENCE=1e-20;
 FFS["NUIN EMITX "//emix];
 FFS["NUIN EMITY "//emiy];
 
 
 lname = {            "SSEM01",
           "SSEM02",
           "SSEM03",
           "SSEM04",
           "SSEM05",
           "SSEM06",
           "SSEM07",
           "SSEM08",
           "SSEM09",
  };
 vwx = {          Part[Part[Part[MonSSEMDataEPICS,1],2],3],
         Part[Part[Part[MonSSEMDataEPICS,2],2],3],
         Part[Part[Part[MonSSEMDataEPICS,3],2],3],
         Part[Part[Part[MonSSEMDataEPICS,4],2],3],
         Part[Part[Part[MonSSEMDataEPICS,5],2],3],
         Part[Part[Part[MonSSEMDataEPICS,6],2],3],
         Part[Part[Part[MonSSEMDataEPICS,7],2],3],
         Part[Part[Part[MonSSEMDataEPICS,8],2],3],
         Part[Part[Part[MonSSEMDataEPICS,9],2],3],
  };
 vwy = {          Part[Part[Part[MonSSEMDataEPICS,1],2],4],
         Part[Part[Part[MonSSEMDataEPICS,2],2],4],
         Part[Part[Part[MonSSEMDataEPICS,3],2],4],
         Part[Part[Part[MonSSEMDataEPICS,4],2],4],
         Part[Part[Part[MonSSEMDataEPICS,5],2],4],
         Part[Part[Part[MonSSEMDataEPICS,6],2],4],
         Part[Part[Part[MonSSEMDataEPICS,7],2],4],
         Part[Part[Part[MonSSEMDataEPICS,8],2],4],
         Part[Part[Part[MonSSEMDataEPICS,9],2],4],
  };
 
 
 
 Print[lname];
{"SSEM01","SSEM02","SSEM03","SSEM04","SSEM05","SSEM06","SSEM07","SSEM08","SSEM09",}
 Print[vwx];
{3.750096,4.227882,2.349172,3.587252,3.597154,3.851644,2.676888,2.917772,3.748881,}
 Print[vwy];
{1.257285,1.889018,3.359945,1.973635,1.258837,1.247828,2.032505,2.05128,1.53539,}
 
 Print["***** BeamSizX in WidthFit *****"];
***** BeamSizX in WidthFit *****
 Print[MapThread[BeamSizX,{lname,vwx}]];
???General::wrongtype:  Argument must be name of component in Twiss["BX",]
???General::wrongtype:  Argument must be name of component in Twiss["EX",]
{-.36189089687514553,.5706058482317626,.14914473674823592,-1.176726600107048,-1.05133999004271,-1.1872009783175757,
 -1.0503691391583052,-1.119158372945088,-.9774947522648461,
 ((-)+(1000 (Sqrt[(2.3452150524022574e-07 Twiss["BX",])]+(.0002 Abs[Twiss["EX",]]))))}
 Print["***** BeamSizY in WidthFit *****"];
***** BeamSizY in WidthFit *****
 Print[MapThread[BeamSizY,{lname,vwy}]];
???General::wrongtype:  Argument must be name of component in Twiss["BY",]
???General::wrongtype:  Argument must be name of component in Twiss["EY",]
{-.07029301475117045,.12674765935898957,1.3745652440752791,.3709881295607167,.04090076771580198,-.30619268597553495,
 .3178721666622284,.4926460238045607,.2911176802680293,
 ((-)+(1000 (Sqrt[(2.6132081766365366e-07 Twiss["BY",])]+(.0002 Abs[Twiss["EY",]]))))}
 FitFunction:= Join[MapThread[BeamSizX,{lname,vwx}], MapThread[BeamSizY,{lname,vwy}]];
 
 !!
 If[FitMagK1Flag["PQ1"]<>0, FFS["free QPQ1 K1"];Print["free QPQ1 K1"]];
free QPQ1 K1
 If[FitMagK1Flag["PQ2"]<>0, FFS["free QPQ2 K1"];Print["free QPQ2 K1"]];
free QPQ2 K1
 If[FitMagK1Flag["PQ3"]<>0, FFS["free QPQ3 K1"];Print["free QPQ3 K1"]];
free QPQ3 K1
 If[FitMagK1Flag["PQ4"]<>0, FFS["free QPQ4 K1"];Print["free QPQ4 K1"]];
free QPQ4 K1
 If[FitMagK1Flag["PQ5"]<>0, FFS["free QPQ5 K1"];Print["free QPQ5 K1"]];
free QPQ5 K1
 
 If[FitMagK1Flag["SDX"]<>0||FitMagK1Flag["SFX"]<>0,
    FFS["COUPLE MSFX MSDX -1.0"];  FFS["free MSDX K1"];
    Print["COUPLE MSFX MSDX -1.0"];Print["free MSDX K1"]];
COUPLE MSFX MSDX -1.0
free MSDX K1
 
 
 If[FitMagK1Flag["FQ1"]<>0, FFS["free QFQ1 K1"];Print["free QFQ1 K1"]];
free QFQ1 K1
 If[FitMagK1Flag["FQ2"]<>0, FFS["free QFQ2 K1"];Print["free QFQ2 K1"]];
free QFQ2 K1
 If[FitMagK1Flag["FQ3"]<>0, FFS["free QFQ3 K1"];Print["free QFQ3 K1"]];
free QFQ3 K1
 If[FitMagK1Flag["FQ4"]<>0, FFS["free QFQ4 K1"];Print["free QFQ4 K1"]];
free QFQ4 K1
 
 
 Print[K1fitmaglist];
{"QPQ1","QPQ2","QPQ3","QPQ4","QPQ5","MSDX","MSFX","QFQ1","QFQ2","QFQ3","QFQ4"}
 Do[name=K1fitmaglist[[i]]; cset=NuMagDataEPICS[name,"SET"];
    If[cset<>0.0,
      K1fromI[name] = NuGetCurrent2K1[name,cset];
      tmpk1 = K1fromI[name];
      Print["name="//name//" cset="//cset//"A  k1="//tmpk1];
 
      If[tmpk1<>0.0,
 	FFS[name//" K1 "// tmpk1]; Print[name//" K1 "// tmpk1];
 	If[tmpk1>0,
            mink1=0.75*tmpk1;
            maxk1=1.25*tmpk1;,
            mink1=1.25*tmpk1;
            maxk1=0.75*tmpk1;];
 	FFS[name//" max "//maxk1//" min "//mink1]; Print[name//" max "//maxk1//" min "//mink1];
      ]
    ]
 ,{i,Length[K1fitmaglist]}];
name=QPQ1 cset=520A  k1=.16963359863372682
QPQ1 K1 .16963359863372682
QPQ1 max .21204199829215853 min .1272251989752951
name=QPQ2 cset=485A  k1=-.1893406326292461
QPQ2 K1 -.1893406326292461
QPQ2 max -.14200547447193457 min -.23667579078655765
name=QPQ3 cset=408A  k1=.10127042973288974
QPQ3 K1 .10127042973288974
QPQ3 max .12658803716611217 min .07595282229966731
name=QPQ4 cset=354A  k1=-.17741030884052192
QPQ4 K1 -.17741030884052192
QPQ4 max -.13305773163039145 min -.2217628860506524
name=QPQ5 cset=423A  k1=.17396064856796464
QPQ5 K1 .17396064856796464
QPQ5 max .2174508107099558 min .13047048642597348
name=QFQ1 cset=343.2A  k1=-.141148549143213
QFQ1 K1 -.141148549143213
QFQ1 max -.10586141185740976 min -.17643568642901625
name=QFQ2 cset=326.7A  k1=.13517828224016576
QFQ2 K1 .13517828224016576
QFQ2 max .16897285280020719 min .10138371168012432
name=QFQ3 cset=271.4A  k1=-.11158367640294606
QFQ3 K1 -.11158367640294606
QFQ3 max -.08368775730220954 min -.13947959550368258
name=QFQ4 cset=209.7A  k1=.05129028702435896
QFQ4 K1 .05129028702435896
QFQ4 max .0641128587804487 min .038467715268269226
 
 
 CONVERGENCE=1e-20;
 FFS["go"];
 FFS["save"];
 Print["DP  = "//DP];
DP  = .0002
 Print["DP0 = "//DP0];
DP0 = 0
 
 !! result
 Print["*** RESULT 2 ***"];
*** RESULT 2 ***
 Map[PrintNuMagParamIn,  NuMagList];
PrintNuMagParam : name BPV1, param=ANGLE, cv==0, nv==0
PrintNuMagParam : name BPV1, param=K0, cv==0, nv==0
PrintNuMagParam : name BPV1, param=F1, cv==0, nv==0
PrintNuMagParam : name BPV1, param=DX, cv==0, nv==0
PrintNuMagParam : name BPV1, param=DY, cv==0, nv==0
PrintNuMagParam : name BPV1, param=CSET, cv==0, nv==-1
PrintNuMagParam : name BPH2, param=ANGLE, cv==0, nv==0
PrintNuMagParam : name BPH2, param=K0, cv==-2.6727915947909638e-05, nv==-2.6727915947909638e-05
PrintNuMagParam : name BPH2, param=F1, cv==0, nv==0
PrintNuMagParam : name BPH2, param=DX, cv==0, nv==0
PrintNuMagParam : name BPH2, param=DY, cv==0, nv==0
PrintNuMagParam : name BPH2, param=CSET, cv==-15, nv==-1
PrintNuMagParam : name QPQ1, param=K1, cv==.16963359863372682, nv==.1660473
PrintNuMagParam : name QPQ1, param=F1, cv==0, nv==0
PrintNuMagParam : name QPQ1, param=F2, cv==0, nv==0
PrintNuMagParam : name QPQ1, param=DX, cv==-.000155743626, nv==-.000155743626
PrintNuMagParam : name QPQ1, param=DY, cv==.0003995, nv==.0003995
PrintNuMagParam : name QPQ1, param=CSET, cv==520, nv==-1
PrintNuMagParam : name QPQ2, param=K1, cv==-.1893406326292461, nv==-.1890764
PrintNuMagParam : name QPQ2, param=F1, cv==0, nv==0
PrintNuMagParam : name QPQ2, param=F2, cv==0, nv==0
PrintNuMagParam : name QPQ2, param=DX, cv==-.000123459866, nv==-.000123459866
PrintNuMagParam : name QPQ2, param=DY, cv==.000392, nv==.000392
PrintNuMagParam : name QPQ2, param=CSET, cv==485, nv==-1
PrintNuMagParam : name BPD1, param=ANGLE, cv==.03354700607884197, nv==.03354700607884197
PrintNuMagParam : name BPD1, param=K0, cv==.0001421478260948307, nv==.0001421478260948307
PrintNuMagParam : name BPD1, param=F1, cv==0, nv==0
PrintNuMagParam : name BPD1, param=DX, cv==0, nv==0
PrintNuMagParam : name BPD1, param=DY, cv==0, nv==0
PrintNuMagParam : name BPD1, param=CSET, cv==1140, nv==-1
PrintNuMagParam : name BPD2, param=ANGLE, cv==.03316548691321012, nv==.03316548691321012
PrintNuMagParam : name BPD2, param=K0, cv==-7.405847210761684e-05, nv==-7.405847210761684e-05
PrintNuMagParam : name BPD2, param=F1, cv==0, nv==0
PrintNuMagParam : name BPD2, param=DX, cv==0, nv==0
PrintNuMagParam : name BPD2, param=DY, cv==0, nv==0
PrintNuMagParam : name BPD2, param=CSET, cv==1191, nv==-1
PrintNuMagParam : name QPQ3, param=K1, cv==.10127042973288974, nv==.1088881
PrintNuMagParam : name QPQ3, param=F1, cv==0, nv==0
PrintNuMagParam : name QPQ3, param=F2, cv==0, nv==0
PrintNuMagParam : name QPQ3, param=DX, cv==.000330152577, nv==.000330152577
PrintNuMagParam : name QPQ3, param=DY, cv==-.0003095, nv==-.0003095
PrintNuMagParam : name QPQ3, param=CSET, cv==408, nv==-1
PrintNuMagParam : name BPV2, param=ANGLE, cv==0, nv==0
PrintNuMagParam : name BPV2, param=K0, cv==.00012160988841752276, nv==.00012160988841752276
PrintNuMagParam : name BPV2, param=F1, cv==0, nv==0
PrintNuMagParam : name BPV2, param=DX, cv==0, nv==0
PrintNuMagParam : name BPV2, param=DY, cv==0, nv==0
PrintNuMagParam : name BPV2, param=CSET, cv==15, nv==-1
PrintNuMagParam : name QPQ4, param=K1, cv==-.17741030884052192, nv==-.1882606
PrintNuMagParam : name QPQ4, param=F1, cv==0, nv==0
PrintNuMagParam : name QPQ4, param=F2, cv==0, nv==0
PrintNuMagParam : name QPQ4, param=DX, cv==-.000317780416, nv==-.000317780416
PrintNuMagParam : name QPQ4, param=DY, cv==.000125, nv==.000125
PrintNuMagParam : name QPQ4, param=CSET, cv==354, nv==-1
PrintNuMagParam : name BPH3, param=ANGLE, cv==0, nv==0
PrintNuMagParam : name BPH3, param=K0, cv==-1.2688543157045478e-05, nv==-1.2688543157045478e-05
PrintNuMagParam : name BPH3, param=F1, cv==0, nv==0
PrintNuMagParam : name BPH3, param=DX, cv==0, nv==0
PrintNuMagParam : name BPH3, param=DY, cv==0, nv==0
PrintNuMagParam : name BPH3, param=CSET, cv==-13, nv==-1
PrintNuMagParam : name QPQ5, param=K1, cv==.17396064856796464, nv==.1805399
PrintNuMagParam : name QPQ5, param=F1, cv==0, nv==0
PrintNuMagParam : name QPQ5, param=F2, cv==0, nv==0
PrintNuMagParam : name QPQ5, param=DX, cv==.000123888269, nv==.000123888269
PrintNuMagParam : name QPQ5, param=DY, cv==-.0001135, nv==-.0001135
PrintNuMagParam : name QPQ5, param=CSET, cv==423, nv==-1
PrintNuMagParam : name MSDX, param=ANGLE, cv==.04888884528188256, nv==.04888884528188256
PrintNuMagParam : name MSDX, param=K0, cv==0, nv==0
PrintNuMagParam : name MSDX, param=K1, cv==-.3617, nv==-.3617
PrintNuMagParam : name MSDX, param=K2, cv==0, nv==0
PrintNuMagParam : name MSDX, param=K3, cv==0, nv==0
PrintNuMagParam : name MSDX, param=SK0, cv==0, nv==0
PrintNuMagParam : name MSDX, param=SK1, cv==0, nv==0
PrintNuMagParam : name MSDX, param=SK2, cv==0, nv==0
PrintNuMagParam : name MSDX, param=SK3, cv==0, nv==0
PrintNuMagParam : name MSDX, param=F1, cv==0, nv==0
PrintNuMagParam : name MSDX, param=F2, cv==0, nv==0
PrintNuMagParam : name MSDX, param=DX, cv==0, nv==0
PrintNuMagParam : name MSDX, param=DY, cv==0, nv==0
PrintNuMagParam : name MSDX.1, param=ANGLE, cv==.04888884528188256, nv==.04888884528188256
PrintNuMagParam : name MSDX.1, param=K0, cv==0, nv==0
PrintNuMagParam : name MSDX.1, param=K1, cv==-.3617, nv==-.3617
PrintNuMagParam : name MSDX.1, param=K2, cv==0, nv==0
PrintNuMagParam : name MSDX.1, param=K3, cv==0, nv==0
PrintNuMagParam : name MSDX.1, param=SK0, cv==0, nv==0
PrintNuMagParam : name MSDX.1, param=SK1, cv==0, nv==0
PrintNuMagParam : name MSDX.1, param=SK2, cv==0, nv==0
PrintNuMagParam : name MSDX.1, param=SK3, cv==0, nv==0
PrintNuMagParam : name MSDX.1, param=F1, cv==0, nv==0
PrintNuMagParam : name MSDX.1, param=F2, cv==0, nv==0
PrintNuMagParam : name MSDX.1, param=DX, cv==0, nv==0
PrintNuMagParam : name MSDX.1, param=DY, cv==0, nv==0
PrintNuMagParam : name MSDX.1, param=CSET, cv==4356, nv==-1
PrintNuMagParam : name MSFX, param=ANGLE, cv==.051681459351456266, nv==.051681459351456266
PrintNuMagParam : name MSFX, param=K0, cv==0, nv==0
PrintNuMagParam : name MSFX, param=K1, cv==.3617, nv==.3617
PrintNuMagParam : name MSFX, param=K2, cv==0, nv==0
PrintNuMagParam : name MSFX, param=K3, cv==0, nv==0
PrintNuMagParam : name MSFX, param=SK0, cv==0, nv==0
PrintNuMagParam : name MSFX, param=SK1, cv==0, nv==0
PrintNuMagParam : name MSFX, param=SK2, cv==0, nv==0
PrintNuMagParam : name MSFX, param=SK3, cv==0, nv==0
PrintNuMagParam : name MSFX, param=F1, cv==0, nv==0
PrintNuMagParam : name MSFX, param=F2, cv==0, nv==0
PrintNuMagParam : name MSFX, param=DX, cv==0, nv==0
PrintNuMagParam : name MSFX, param=DY, cv==0, nv==0
PrintNuMagParam : name MSFX.1, param=ANGLE, cv==.051681459351456266, nv==.051681459351456266
PrintNuMagParam : name MSFX.1, param=K0, cv==0, nv==0
PrintNuMagParam : name MSFX.1, param=K1, cv==.3617, nv==.3617
PrintNuMagParam : name MSFX.1, param=K2, cv==0, nv==0
PrintNuMagParam : name MSFX.1, param=K3, cv==0, nv==0
PrintNuMagParam : name MSFX.1, param=SK0, cv==0, nv==0
PrintNuMagParam : name MSFX.1, param=SK1, cv==0, nv==0
PrintNuMagParam : name MSFX.1, param=SK2, cv==0, nv==0
PrintNuMagParam : name MSFX.1, param=SK3, cv==0, nv==0
PrintNuMagParam : name MSFX.1, param=F1, cv==0, nv==0
PrintNuMagParam : name MSFX.1, param=F2, cv==0, nv==0
PrintNuMagParam : name MSFX.1, param=DX, cv==0, nv==0
PrintNuMagParam : name MSFX.1, param=DY, cv==0, nv==0
PrintNuMagParam : name MSFX.1, param=CSET, cv==4356, nv==-1
PrintNuMagParam : name MSDX.2, param=ANGLE, cv==.04888884528188256, nv==.04888884528188256
PrintNuMagParam : name MSDX.2, param=K0, cv==0, nv==0
PrintNuMagParam : name MSDX.2, param=K1, cv==-.3617, nv==-.3617
PrintNuMagParam : name MSDX.2, param=K2, cv==0, nv==0
PrintNuMagParam : name MSDX.2, param=K3, cv==0, nv==0
PrintNuMagParam : name MSDX.2, param=SK0, cv==0, nv==0
PrintNuMagParam : name MSDX.2, param=SK1, cv==0, nv==0
PrintNuMagParam : name MSDX.2, param=SK2, cv==0, nv==0
PrintNuMagParam : name MSDX.2, param=SK3, cv==0, nv==0
PrintNuMagParam : name MSDX.2, param=F1, cv==0, nv==0
PrintNuMagParam : name MSDX.2, param=F2, cv==0, nv==0
PrintNuMagParam : name MSDX.2, param=DX, cv==0, nv==0
PrintNuMagParam : name MSDX.2, param=DY, cv==0, nv==0
PrintNuMagParam : name MSDX.2, param=CSET, cv==4356, nv==-1
PrintNuMagParam : name MSFX.2, param=ANGLE, cv==.051681459351456266, nv==.051681459351456266
PrintNuMagParam : name MSFX.2, param=K0, cv==0, nv==0
PrintNuMagParam : name MSFX.2, param=K1, cv==.3617, nv==.3617
PrintNuMagParam : name MSFX.2, param=K2, cv==0, nv==0
PrintNuMagParam : name MSFX.2, param=K3, cv==0, nv==0
PrintNuMagParam : name MSFX.2, param=SK0, cv==0, nv==0
PrintNuMagParam : name MSFX.2, param=SK1, cv==0, nv==0
PrintNuMagParam : name MSFX.2, param=SK2, cv==0, nv==0
PrintNuMagParam : name MSFX.2, param=SK3, cv==0, nv==0
PrintNuMagParam : name MSFX.2, param=F1, cv==0, nv==0
PrintNuMagParam : name MSFX.2, param=F2, cv==0, nv==0
PrintNuMagParam : name MSFX.2, param=DX, cv==0, nv==0
PrintNuMagParam : name MSFX.2, param=DY, cv==0, nv==0
PrintNuMagParam : name MSFX.2, param=CSET, cv==4356, nv==-1
PrintNuMagParam : name MSDX.3, param=ANGLE, cv==.04888884528188256, nv==.04888884528188256
PrintNuMagParam : name MSDX.3, param=K0, cv==0, nv==0
PrintNuMagParam : name MSDX.3, param=K1, cv==-.3617, nv==-.3617
PrintNuMagParam : name MSDX.3, param=K2, cv==0, nv==0
PrintNuMagParam : name MSDX.3, param=K3, cv==0, nv==0
PrintNuMagParam : name MSDX.3, param=SK0, cv==0, nv==0
PrintNuMagParam : name MSDX.3, param=SK1, cv==0, nv==0
PrintNuMagParam : name MSDX.3, param=SK2, cv==0, nv==0
PrintNuMagParam : name MSDX.3, param=SK3, cv==0, nv==0
PrintNuMagParam : name MSDX.3, param=F1, cv==0, nv==0
PrintNuMagParam : name MSDX.3, param=F2, cv==0, nv==0
PrintNuMagParam : name MSDX.3, param=DX, cv==0, nv==0
PrintNuMagParam : name MSDX.3, param=DY, cv==0, nv==0
PrintNuMagParam : name MSDX.3, param=CSET, cv==4356, nv==-1
PrintNuMagParam : name MSFX.3, param=ANGLE, cv==.051681459351456266, nv==.051681459351456266
PrintNuMagParam : name MSFX.3, param=K0, cv==0, nv==0
PrintNuMagParam : name MSFX.3, param=K1, cv==.3617, nv==.3617
PrintNuMagParam : name MSFX.3, param=K2, cv==0, nv==0
PrintNuMagParam : name MSFX.3, param=K3, cv==0, nv==0
PrintNuMagParam : name MSFX.3, param=SK0, cv==0, nv==0
PrintNuMagParam : name MSFX.3, param=SK1, cv==0, nv==0
PrintNuMagParam : name MSFX.3, param=SK2, cv==0, nv==0
PrintNuMagParam : name MSFX.3, param=SK3, cv==0, nv==0
PrintNuMagParam : name MSFX.3, param=F1, cv==0, nv==0
PrintNuMagParam : name MSFX.3, param=F2, cv==0, nv==0
PrintNuMagParam : name MSFX.3, param=DX, cv==0, nv==0
PrintNuMagParam : name MSFX.3, param=DY, cv==0, nv==0
PrintNuMagParam : name MSFX.3, param=CSET, cv==4356, nv==-1
PrintNuMagParam : name BSND03, param=ANGLE, cv==0, nv==0
PrintNuMagParam : name BSND03, param=K0, cv==0, nv==0
PrintNuMagParam : name BSND03, param=F1, cv==0, nv==0
PrintNuMagParam : name BSND03, param=DX, cv==0, nv==0
PrintNuMagParam : name BSND03, param=DY, cv==0, nv==0
PrintNuMagParam : name BSND03, param=CSET, cv==0, nv==-1
PrintNuMagParam : name BSSD03, param=ANGLE, cv==0, nv==0
PrintNuMagParam : name BSSD03, param=K0, cv==0, nv==0
PrintNuMagParam : name BSSD03, param=F1, cv==0, nv==0
PrintNuMagParam : name BSSD03, param=DX, cv==0, nv==0
PrintNuMagParam : name BSSD03, param=DY, cv==0, nv==0
PrintNuMagParam : name BSSD03, param=CSET, cv==0, nv==-1
PrintNuMagParam : name MSDX.4, param=ANGLE, cv==.04888884528188256, nv==.04888884528188256
PrintNuMagParam : name MSDX.4, param=K0, cv==0, nv==0
PrintNuMagParam : name MSDX.4, param=K1, cv==-.3617, nv==-.3617
PrintNuMagParam : name MSDX.4, param=K2, cv==0, nv==0
PrintNuMagParam : name MSDX.4, param=K3, cv==0, nv==0
PrintNuMagParam : name MSDX.4, param=SK0, cv==0, nv==0
PrintNuMagParam : name MSDX.4, param=SK1, cv==0, nv==0
PrintNuMagParam : name MSDX.4, param=SK2, cv==0, nv==0
PrintNuMagParam : name MSDX.4, param=SK3, cv==0, nv==0
PrintNuMagParam : name MSDX.4, param=F1, cv==0, nv==0
PrintNuMagParam : name MSDX.4, param=F2, cv==0, nv==0
PrintNuMagParam : name MSDX.4, param=DX, cv==0, nv==0
PrintNuMagParam : name MSDX.4, param=DY, cv==0, nv==0
PrintNuMagParam : name MSDX.4, param=CSET, cv==4356, nv==-1
PrintNuMagParam : name MSFX.4, param=ANGLE, cv==.051681459351456266, nv==.051681459351456266
PrintNuMagParam : name MSFX.4, param=K0, cv==0, nv==0
PrintNuMagParam : name MSFX.4, param=K1, cv==.3617, nv==.3617
PrintNuMagParam : name MSFX.4, param=K2, cv==0, nv==0
PrintNuMagParam : name MSFX.4, param=K3, cv==0, nv==0
PrintNuMagParam : name MSFX.4, param=SK0, cv==0, nv==0
PrintNuMagParam : name MSFX.4, param=SK1, cv==0, nv==0
PrintNuMagParam : name MSFX.4, param=SK2, cv==0, nv==0
PrintNuMagParam : name MSFX.4, param=SK3, cv==0, nv==0
PrintNuMagParam : name MSFX.4, param=F1, cv==0, nv==0
PrintNuMagParam : name MSFX.4, param=F2, cv==0, nv==0
PrintNuMagParam : name MSFX.4, param=DX, cv==0, nv==0
PrintNuMagParam : name MSFX.4, param=DY, cv==0, nv==0
PrintNuMagParam : name MSFX.4, param=CSET, cv==4356, nv==-1
PrintNuMagParam : name MSDX.5, param=ANGLE, cv==.04888884528188256, nv==.04888884528188256
PrintNuMagParam : name MSDX.5, param=K0, cv==0, nv==0
PrintNuMagParam : name MSDX.5, param=K1, cv==-.3617, nv==-.3617
PrintNuMagParam : name MSDX.5, param=K2, cv==0, nv==0
PrintNuMagParam : name MSDX.5, param=K3, cv==0, nv==0
PrintNuMagParam : name MSDX.5, param=SK0, cv==0, nv==0
PrintNuMagParam : name MSDX.5, param=SK1, cv==0, nv==0
PrintNuMagParam : name MSDX.5, param=SK2, cv==0, nv==0
PrintNuMagParam : name MSDX.5, param=SK3, cv==0, nv==0
PrintNuMagParam : name MSDX.5, param=F1, cv==0, nv==0
PrintNuMagParam : name MSDX.5, param=F2, cv==0, nv==0
PrintNuMagParam : name MSDX.5, param=DX, cv==0, nv==0
PrintNuMagParam : name MSDX.5, param=DY, cv==0, nv==0
PrintNuMagParam : name MSDX.5, param=CSET, cv==4356, nv==-1
PrintNuMagParam : name MSFX.5, param=ANGLE, cv==.051681459351456266, nv==.051681459351456266
PrintNuMagParam : name MSFX.5, param=K0, cv==0, nv==0
PrintNuMagParam : name MSFX.5, param=K1, cv==.3617, nv==.3617
PrintNuMagParam : name MSFX.5, param=K2, cv==0, nv==0
PrintNuMagParam : name MSFX.5, param=K3, cv==0, nv==0
PrintNuMagParam : name MSFX.5, param=SK0, cv==0, nv==0
PrintNuMagParam : name MSFX.5, param=SK1, cv==0, nv==0
PrintNuMagParam : name MSFX.5, param=SK2, cv==0, nv==0
PrintNuMagParam : name MSFX.5, param=SK3, cv==0, nv==0
PrintNuMagParam : name MSFX.5, param=F1, cv==0, nv==0
PrintNuMagParam : name MSFX.5, param=F2, cv==0, nv==0
PrintNuMagParam : name MSFX.5, param=DX, cv==0, nv==0
PrintNuMagParam : name MSFX.5, param=DY, cv==0, nv==0
PrintNuMagParam : name MSFX.5, param=CSET, cv==4356, nv==-1
PrintNuMagParam : name MSDX.6, param=ANGLE, cv==.04888884528188256, nv==.04888884528188256
PrintNuMagParam : name MSDX.6, param=K0, cv==0, nv==0
PrintNuMagParam : name MSDX.6, param=K1, cv==-.3617, nv==-.3617
PrintNuMagParam : name MSDX.6, param=K2, cv==0, nv==0
PrintNuMagParam : name MSDX.6, param=K3, cv==0, nv==0
PrintNuMagParam : name MSDX.6, param=SK0, cv==0, nv==0
PrintNuMagParam : name MSDX.6, param=SK1, cv==0, nv==0
PrintNuMagParam : name MSDX.6, param=SK2, cv==0, nv==0
PrintNuMagParam : name MSDX.6, param=SK3, cv==0, nv==0
PrintNuMagParam : name MSDX.6, param=F1, cv==0, nv==0
PrintNuMagParam : name MSDX.6, param=F2, cv==0, nv==0
PrintNuMagParam : name MSDX.6, param=DX, cv==0, nv==0
PrintNuMagParam : name MSDX.6, param=DY, cv==0, nv==0
PrintNuMagParam : name MSDX.6, param=CSET, cv==4356, nv==-1
PrintNuMagParam : name MSFX.6, param=ANGLE, cv==.051681459351456266, nv==.051681459351456266
PrintNuMagParam : name MSFX.6, param=K0, cv==0, nv==0
PrintNuMagParam : name MSFX.6, param=K1, cv==.3617, nv==.3617
PrintNuMagParam : name MSFX.6, param=K2, cv==0, nv==0
PrintNuMagParam : name MSFX.6, param=K3, cv==0, nv==0
PrintNuMagParam : name MSFX.6, param=SK0, cv==0, nv==0
PrintNuMagParam : name MSFX.6, param=SK1, cv==0, nv==0
PrintNuMagParam : name MSFX.6, param=SK2, cv==0, nv==0
PrintNuMagParam : name MSFX.6, param=SK3, cv==0, nv==0
PrintNuMagParam : name MSFX.6, param=F1, cv==0, nv==0
PrintNuMagParam : name MSFX.6, param=F2, cv==0, nv==0
PrintNuMagParam : name MSFX.6, param=DX, cv==0, nv==0
PrintNuMagParam : name MSFX.6, param=DY, cv==0, nv==0
PrintNuMagParam : name MSFX.6, param=CSET, cv==4356, nv==-1
PrintNuMagParam : name MSDX.7, param=ANGLE, cv==.04888884528188256, nv==.04888884528188256
PrintNuMagParam : name MSDX.7, param=K0, cv==0, nv==0
PrintNuMagParam : name MSDX.7, param=K1, cv==-.3617, nv==-.3617
PrintNuMagParam : name MSDX.7, param=K2, cv==0, nv==0
PrintNuMagParam : name MSDX.7, param=K3, cv==0, nv==0
PrintNuMagParam : name MSDX.7, param=SK0, cv==0, nv==0
PrintNuMagParam : name MSDX.7, param=SK1, cv==0, nv==0
PrintNuMagParam : name MSDX.7, param=SK2, cv==0, nv==0
PrintNuMagParam : name MSDX.7, param=SK3, cv==0, nv==0
PrintNuMagParam : name MSDX.7, param=F1, cv==0, nv==0
PrintNuMagParam : name MSDX.7, param=F2, cv==0, nv==0
PrintNuMagParam : name MSDX.7, param=DX, cv==0, nv==0
PrintNuMagParam : name MSDX.7, param=DY, cv==0, nv==0
PrintNuMagParam : name MSDX.7, param=CSET, cv==4356, nv==-1
PrintNuMagParam : name MSFX.7, param=ANGLE, cv==.051681459351456266, nv==.051681459351456266
PrintNuMagParam : name MSFX.7, param=K0, cv==0, nv==0
PrintNuMagParam : name MSFX.7, param=K1, cv==.3617, nv==.3617
PrintNuMagParam : name MSFX.7, param=K2, cv==0, nv==0
PrintNuMagParam : name MSFX.7, param=K3, cv==0, nv==0
PrintNuMagParam : name MSFX.7, param=SK0, cv==0, nv==0
PrintNuMagParam : name MSFX.7, param=SK1, cv==0, nv==0
PrintNuMagParam : name MSFX.7, param=SK2, cv==0, nv==0
PrintNuMagParam : name MSFX.7, param=SK3, cv==0, nv==0
PrintNuMagParam : name MSFX.7, param=F1, cv==0, nv==0
PrintNuMagParam : name MSFX.7, param=F2, cv==0, nv==0
PrintNuMagParam : name MSFX.7, param=DX, cv==0, nv==0
PrintNuMagParam : name MSFX.7, param=DY, cv==0, nv==0
PrintNuMagParam : name MSFX.7, param=CSET, cv==4356, nv==-1
PrintNuMagParam : name BSND07, param=ANGLE, cv==0, nv==0
PrintNuMagParam : name BSND07, param=K0, cv==0, nv==0
PrintNuMagParam : name BSND07, param=F1, cv==0, nv==0
PrintNuMagParam : name BSND07, param=DX, cv==0, nv==0
PrintNuMagParam : name BSND07, param=DY, cv==0, nv==0
PrintNuMagParam : name BSND07, param=CSET, cv==0, nv==-1
PrintNuMagParam : name BSSD07, param=ANGLE, cv==0, nv==0
PrintNuMagParam : name BSSD07, param=K0, cv==0, nv==0
PrintNuMagParam : name BSSD07, param=F1, cv==0, nv==0
PrintNuMagParam : name BSSD07, param=DX, cv==0, nv==0
PrintNuMagParam : name BSSD07, param=DY, cv==0, nv==0
PrintNuMagParam : name BSSD07, param=CSET, cv==0, nv==-1
PrintNuMagParam : name MSDX.8, param=ANGLE, cv==.04888884528188256, nv==.04888884528188256
PrintNuMagParam : name MSDX.8, param=K0, cv==0, nv==0
PrintNuMagParam : name MSDX.8, param=K1, cv==-.3617, nv==-.3617
PrintNuMagParam : name MSDX.8, param=K2, cv==0, nv==0
PrintNuMagParam : name MSDX.8, param=K3, cv==0, nv==0
PrintNuMagParam : name MSDX.8, param=SK0, cv==0, nv==0
PrintNuMagParam : name MSDX.8, param=SK1, cv==0, nv==0
PrintNuMagParam : name MSDX.8, param=SK2, cv==0, nv==0
PrintNuMagParam : name MSDX.8, param=SK3, cv==0, nv==0
PrintNuMagParam : name MSDX.8, param=F1, cv==0, nv==0
PrintNuMagParam : name MSDX.8, param=F2, cv==0, nv==0
PrintNuMagParam : name MSDX.8, param=DX, cv==0, nv==0
PrintNuMagParam : name MSDX.8, param=DY, cv==0, nv==0
PrintNuMagParam : name MSDX.8, param=CSET, cv==4356, nv==-1
PrintNuMagParam : name MSFX.8, param=ANGLE, cv==.051681459351456266, nv==.051681459351456266
PrintNuMagParam : name MSFX.8, param=K0, cv==0, nv==0
PrintNuMagParam : name MSFX.8, param=K1, cv==.3617, nv==.3617
PrintNuMagParam : name MSFX.8, param=K2, cv==0, nv==0
PrintNuMagParam : name MSFX.8, param=K3, cv==0, nv==0
PrintNuMagParam : name MSFX.8, param=SK0, cv==0, nv==0
PrintNuMagParam : name MSFX.8, param=SK1, cv==0, nv==0
PrintNuMagParam : name MSFX.8, param=SK2, cv==0, nv==0
PrintNuMagParam : name MSFX.8, param=SK3, cv==0, nv==0
PrintNuMagParam : name MSFX.8, param=F1, cv==0, nv==0
PrintNuMagParam : name MSFX.8, param=F2, cv==0, nv==0
PrintNuMagParam : name MSFX.8, param=DX, cv==0, nv==0
PrintNuMagParam : name MSFX.8, param=DY, cv==0, nv==0
PrintNuMagParam : name MSFX.8, param=CSET, cv==4356, nv==-1
PrintNuMagParam : name BSND08, param=ANGLE, cv==0, nv==0
PrintNuMagParam : name BSND08, param=K0, cv==0, nv==0
PrintNuMagParam : name BSND08, param=F1, cv==0, nv==0
PrintNuMagParam : name BSND08, param=DX, cv==0, nv==0
PrintNuMagParam : name BSND08, param=DY, cv==0, nv==0
PrintNuMagParam : name BSND08, param=CSET, cv==0, nv==-1
PrintNuMagParam : name BSSD08, param=ANGLE, cv==0, nv==0
PrintNuMagParam : name BSSD08, param=K0, cv==0, nv==0
PrintNuMagParam : name BSSD08, param=F1, cv==0, nv==0
PrintNuMagParam : name BSSD08, param=DX, cv==0, nv==0
PrintNuMagParam : name BSSD08, param=DY, cv==0, nv==0
PrintNuMagParam : name BSSD08, param=CSET, cv==0, nv==-1
PrintNuMagParam : name MSDX.9, param=ANGLE, cv==.04888884528188256, nv==.04888884528188256
PrintNuMagParam : name MSDX.9, param=K0, cv==0, nv==0
PrintNuMagParam : name MSDX.9, param=K1, cv==-.3617, nv==-.3617
PrintNuMagParam : name MSDX.9, param=K2, cv==0, nv==0
PrintNuMagParam : name MSDX.9, param=K3, cv==0, nv==0
PrintNuMagParam : name MSDX.9, param=SK0, cv==0, nv==0
PrintNuMagParam : name MSDX.9, param=SK1, cv==0, nv==0
PrintNuMagParam : name MSDX.9, param=SK2, cv==0, nv==0
PrintNuMagParam : name MSDX.9, param=SK3, cv==0, nv==0
PrintNuMagParam : name MSDX.9, param=F1, cv==0, nv==0
PrintNuMagParam : name MSDX.9, param=F2, cv==0, nv==0
PrintNuMagParam : name MSDX.9, param=DX, cv==0, nv==0
PrintNuMagParam : name MSDX.9, param=DY, cv==0, nv==0
PrintNuMagParam : name MSDX.9, param=CSET, cv==4356, nv==-1
PrintNuMagParam : name MSFX.9, param=ANGLE, cv==.051681459351456266, nv==.051681459351456266
PrintNuMagParam : name MSFX.9, param=K0, cv==0, nv==0
PrintNuMagParam : name MSFX.9, param=K1, cv==.3617, nv==.3617
PrintNuMagParam : name MSFX.9, param=K2, cv==0, nv==0
PrintNuMagParam : name MSFX.9, param=K3, cv==0, nv==0
PrintNuMagParam : name MSFX.9, param=SK0, cv==0, nv==0
PrintNuMagParam : name MSFX.9, param=SK1, cv==0, nv==0
PrintNuMagParam : name MSFX.9, param=SK2, cv==0, nv==0
PrintNuMagParam : name MSFX.9, param=SK3, cv==0, nv==0
PrintNuMagParam : name MSFX.9, param=F1, cv==0, nv==0
PrintNuMagParam : name MSFX.9, param=F2, cv==0, nv==0
PrintNuMagParam : name MSFX.9, param=DX, cv==0, nv==0
PrintNuMagParam : name MSFX.9, param=DY, cv==0, nv==0
PrintNuMagParam : name MSFX.9, param=CSET, cv==4356, nv==-1
PrintNuMagParam : name MSDX.10, param=ANGLE, cv==.04888884528188256, nv==.04888884528188256
PrintNuMagParam : name MSDX.10, param=K0, cv==0, nv==0
PrintNuMagParam : name MSDX.10, param=K1, cv==-.3617, nv==-.3617
PrintNuMagParam : name MSDX.10, param=K2, cv==0, nv==0
PrintNuMagParam : name MSDX.10, param=K3, cv==0, nv==0
PrintNuMagParam : name MSDX.10, param=SK0, cv==0, nv==0
PrintNuMagParam : name MSDX.10, param=SK1, cv==0, nv==0
PrintNuMagParam : name MSDX.10, param=SK2, cv==0, nv==0
PrintNuMagParam : name MSDX.10, param=SK3, cv==0, nv==0
PrintNuMagParam : name MSDX.10, param=F1, cv==0, nv==0
PrintNuMagParam : name MSDX.10, param=F2, cv==0, nv==0
PrintNuMagParam : name MSDX.10, param=DX, cv==0, nv==0
PrintNuMagParam : name MSDX.10, param=DY, cv==0, nv==0
PrintNuMagParam : name MSDX.10, param=CSET, cv==4356, nv==-1
PrintNuMagParam : name MSFX.10, param=ANGLE, cv==.051681459351456266, nv==.051681459351456266
PrintNuMagParam : name MSFX.10, param=K0, cv==0, nv==0
PrintNuMagParam : name MSFX.10, param=K1, cv==.3617, nv==.3617
PrintNuMagParam : name MSFX.10, param=K2, cv==0, nv==0
PrintNuMagParam : name MSFX.10, param=K3, cv==0, nv==0
PrintNuMagParam : name MSFX.10, param=SK0, cv==0, nv==0
PrintNuMagParam : name MSFX.10, param=SK1, cv==0, nv==0
PrintNuMagParam : name MSFX.10, param=SK2, cv==0, nv==0
PrintNuMagParam : name MSFX.10, param=SK3, cv==0, nv==0
PrintNuMagParam : name MSFX.10, param=F1, cv==0, nv==0
PrintNuMagParam : name MSFX.10, param=F2, cv==0, nv==0
PrintNuMagParam : name MSFX.10, param=DX, cv==0, nv==0
PrintNuMagParam : name MSFX.10, param=DY, cv==0, nv==0
PrintNuMagParam : name MSFX.10, param=CSET, cv==4356, nv==-1
PrintNuMagParam : name MSDX.11, param=ANGLE, cv==.04888884528188256, nv==.04888884528188256
PrintNuMagParam : name MSDX.11, param=K0, cv==0, nv==0
PrintNuMagParam : name MSDX.11, param=K1, cv==-.3617, nv==-.3617
PrintNuMagParam : name MSDX.11, param=K2, cv==0, nv==0
PrintNuMagParam : name MSDX.11, param=K3, cv==0, nv==0
PrintNuMagParam : name MSDX.11, param=SK0, cv==0, nv==0
PrintNuMagParam : name MSDX.11, param=SK1, cv==0, nv==0
PrintNuMagParam : name MSDX.11, param=SK2, cv==0, nv==0
PrintNuMagParam : name MSDX.11, param=SK3, cv==0, nv==0
PrintNuMagParam : name MSDX.11, param=F1, cv==0, nv==0
PrintNuMagParam : name MSDX.11, param=F2, cv==0, nv==0
PrintNuMagParam : name MSDX.11, param=DX, cv==0, nv==0
PrintNuMagParam : name MSDX.11, param=DY, cv==0, nv==0
PrintNuMagParam : name MSDX.11, param=CSET, cv==4356, nv==-1
PrintNuMagParam : name MSFX.11, param=ANGLE, cv==.051681459351456266, nv==.051681459351456266
PrintNuMagParam : name MSFX.11, param=K0, cv==0, nv==0
PrintNuMagParam : name MSFX.11, param=K1, cv==.3617, nv==.3617
PrintNuMagParam : name MSFX.11, param=K2, cv==0, nv==0
PrintNuMagParam : name MSFX.11, param=K3, cv==0, nv==0
PrintNuMagParam : name MSFX.11, param=SK0, cv==0, nv==0
PrintNuMagParam : name MSFX.11, param=SK1, cv==0, nv==0
PrintNuMagParam : name MSFX.11, param=SK2, cv==0, nv==0
PrintNuMagParam : name MSFX.11, param=SK3, cv==0, nv==0
PrintNuMagParam : name MSFX.11, param=F1, cv==0, nv==0
PrintNuMagParam : name MSFX.11, param=F2, cv==0, nv==0
PrintNuMagParam : name MSFX.11, param=DX, cv==0, nv==0
PrintNuMagParam : name MSFX.11, param=DY, cv==0, nv==0
PrintNuMagParam : name MSFX.11, param=CSET, cv==4356, nv==-1
PrintNuMagParam : name MSDX.12, param=ANGLE, cv==.04888884528188256, nv==.04888884528188256
PrintNuMagParam : name MSDX.12, param=K0, cv==0, nv==0
PrintNuMagParam : name MSDX.12, param=K1, cv==-.3617, nv==-.3617
PrintNuMagParam : name MSDX.12, param=K2, cv==0, nv==0
PrintNuMagParam : name MSDX.12, param=K3, cv==0, nv==0
PrintNuMagParam : name MSDX.12, param=SK0, cv==0, nv==0
PrintNuMagParam : name MSDX.12, param=SK1, cv==0, nv==0
PrintNuMagParam : name MSDX.12, param=SK2, cv==0, nv==0
PrintNuMagParam : name MSDX.12, param=SK3, cv==0, nv==0
PrintNuMagParam : name MSDX.12, param=F1, cv==0, nv==0
PrintNuMagParam : name MSDX.12, param=F2, cv==0, nv==0
PrintNuMagParam : name MSDX.12, param=DX, cv==0, nv==0
PrintNuMagParam : name MSDX.12, param=DY, cv==0, nv==0
PrintNuMagParam : name MSDX.12, param=CSET, cv==4356, nv==-1
PrintNuMagParam : name MSFX.12, param=ANGLE, cv==.051681459351456266, nv==.051681459351456266
PrintNuMagParam : name MSFX.12, param=K0, cv==0, nv==0
PrintNuMagParam : name MSFX.12, param=K1, cv==.3617, nv==.3617
PrintNuMagParam : name MSFX.12, param=K2, cv==0, nv==0
PrintNuMagParam : name MSFX.12, param=K3, cv==0, nv==0
PrintNuMagParam : name MSFX.12, param=SK0, cv==0, nv==0
PrintNuMagParam : name MSFX.12, param=SK1, cv==0, nv==0
PrintNuMagParam : name MSFX.12, param=SK2, cv==0, nv==0
PrintNuMagParam : name MSFX.12, param=SK3, cv==0, nv==0
PrintNuMagParam : name MSFX.12, param=F1, cv==0, nv==0
PrintNuMagParam : name MSFX.12, param=F2, cv==0, nv==0
PrintNuMagParam : name MSFX.12, param=DX, cv==0, nv==0
PrintNuMagParam : name MSFX.12, param=DY, cv==0, nv==0
PrintNuMagParam : name MSFX.12, param=CSET, cv==4356, nv==-1
PrintNuMagParam : name MSDX.13, param=ANGLE, cv==.04888884528188256, nv==.04888884528188256
PrintNuMagParam : name MSDX.13, param=K0, cv==0, nv==0
PrintNuMagParam : name MSDX.13, param=K1, cv==-.3617, nv==-.3617
PrintNuMagParam : name MSDX.13, param=K2, cv==0, nv==0
PrintNuMagParam : name MSDX.13, param=K3, cv==0, nv==0
PrintNuMagParam : name MSDX.13, param=SK0, cv==0, nv==0
PrintNuMagParam : name MSDX.13, param=SK1, cv==0, nv==0
PrintNuMagParam : name MSDX.13, param=SK2, cv==0, nv==0
PrintNuMagParam : name MSDX.13, param=SK3, cv==0, nv==0
PrintNuMagParam : name MSDX.13, param=F1, cv==0, nv==0
PrintNuMagParam : name MSDX.13, param=F2, cv==0, nv==0
PrintNuMagParam : name MSDX.13, param=DX, cv==0, nv==0
PrintNuMagParam : name MSDX.13, param=DY, cv==0, nv==0
PrintNuMagParam : name MSDX.13, param=CSET, cv==4356, nv==-1
PrintNuMagParam : name MSFX.13, param=ANGLE, cv==.051681459351456266, nv==.051681459351456266
PrintNuMagParam : name MSFX.13, param=K0, cv==0, nv==0
PrintNuMagParam : name MSFX.13, param=K1, cv==.3617, nv==.3617
PrintNuMagParam : name MSFX.13, param=K2, cv==0, nv==0
PrintNuMagParam : name MSFX.13, param=K3, cv==0, nv==0
PrintNuMagParam : name MSFX.13, param=SK0, cv==0, nv==0
PrintNuMagParam : name MSFX.13, param=SK1, cv==0, nv==0
PrintNuMagParam : name MSFX.13, param=SK2, cv==0, nv==0
PrintNuMagParam : name MSFX.13, param=SK3, cv==0, nv==0
PrintNuMagParam : name MSFX.13, param=F1, cv==0, nv==0
PrintNuMagParam : name MSFX.13, param=F2, cv==0, nv==0
PrintNuMagParam : name MSFX.13, param=DX, cv==0, nv==0
PrintNuMagParam : name MSFX.13, param=DY, cv==0, nv==0
PrintNuMagParam : name MSFX.13, param=CSET, cv==4356, nv==-1
PrintNuMagParam : name MSDX.14, param=ANGLE, cv==.04888884528188256, nv==.04888884528188256
PrintNuMagParam : name MSDX.14, param=K0, cv==0, nv==0
PrintNuMagParam : name MSDX.14, param=K1, cv==-.3617, nv==-.3617
PrintNuMagParam : name MSDX.14, param=K2, cv==0, nv==0
PrintNuMagParam : name MSDX.14, param=K3, cv==0, nv==0
PrintNuMagParam : name MSDX.14, param=SK0, cv==0, nv==0
PrintNuMagParam : name MSDX.14, param=SK1, cv==0, nv==0
PrintNuMagParam : name MSDX.14, param=SK2, cv==0, nv==0
PrintNuMagParam : name MSDX.14, param=SK3, cv==0, nv==0
PrintNuMagParam : name MSDX.14, param=F1, cv==0, nv==0
PrintNuMagParam : name MSDX.14, param=F2, cv==0, nv==0
PrintNuMagParam : name MSDX.14, param=DX, cv==0, nv==0
PrintNuMagParam : name MSDX.14, param=DY, cv==0, nv==0
PrintNuMagParam : name MSDX.14, param=CSET, cv==4356, nv==-1
PrintNuMagParam : name MSFX.14, param=ANGLE, cv==.051681459351456266, nv==.051681459351456266
PrintNuMagParam : name MSFX.14, param=K0, cv==0, nv==0
PrintNuMagParam : name MSFX.14, param=K1, cv==.3617, nv==.3617
PrintNuMagParam : name MSFX.14, param=K2, cv==0, nv==0
PrintNuMagParam : name MSFX.14, param=K3, cv==0, nv==0
PrintNuMagParam : name MSFX.14, param=SK0, cv==0, nv==0
PrintNuMagParam : name MSFX.14, param=SK1, cv==0, nv==0
PrintNuMagParam : name MSFX.14, param=SK2, cv==0, nv==0
PrintNuMagParam : name MSFX.14, param=SK3, cv==0, nv==0
PrintNuMagParam : name MSFX.14, param=F1, cv==0, nv==0
PrintNuMagParam : name MSFX.14, param=F2, cv==0, nv==0
PrintNuMagParam : name MSFX.14, param=DX, cv==0, nv==0
PrintNuMagParam : name MSFX.14, param=DY, cv==0, nv==0
PrintNuMagParam : name MSFX.14, param=CSET, cv==4356, nv==-1
PrintNuMagParam : name QFQ1, param=K1, cv==-.141148549143213, nv==-.2153297
PrintNuMagParam : name QFQ1, param=F1, cv==0, nv==0
PrintNuMagParam : name QFQ1, param=F2, cv==0, nv==0
PrintNuMagParam : name QFQ1, param=DX, cv==-9.1380231e-05, nv==-9.1380231e-05
PrintNuMagParam : name QFQ1, param=DY, cv==-.000676, nv==-.000676
PrintNuMagParam : name QFQ1, param=CSET, cv==343.2, nv==-1
PrintNuMagParam : name BFV1, param=ANGLE, cv==0, nv==0
PrintNuMagParam : name BFV1, param=K0, cv==5.039987644033264e-05, nv==5.039987644033264e-05
PrintNuMagParam : name BFV1, param=F1, cv==0, nv==0
PrintNuMagParam : name BFV1, param=DX, cv==0, nv==0
PrintNuMagParam : name BFV1, param=DY, cv==0, nv==0
PrintNuMagParam : name BFV1, param=CSET, cv==-54.2, nv==-1
PrintNuMagParam : name BFH1, param=ANGLE, cv==.0013288237573582267, nv==.0013288237573582267
PrintNuMagParam : name BFH1, param=K0, cv==.00010580780151174815, nv==.00010580780151174815
PrintNuMagParam : name BFH1, param=F1, cv==0, nv==0
PrintNuMagParam : name BFH1, param=DX, cv==0, nv==0
PrintNuMagParam : name BFH1, param=DY, cv==0, nv==0
PrintNuMagParam : name BFH1, param=CSET, cv==-123.7, nv==-1
PrintNuMagParam : name BFV2, param=ANGLE, cv==0, nv==0
PrintNuMagParam : name BFV2, param=K0, cv==6.271424654836022e-05, nv==6.271424654836022e-05
PrintNuMagParam : name BFV2, param=F1, cv==0, nv==0
PrintNuMagParam : name BFV2, param=DX, cv==0, nv==0
PrintNuMagParam : name BFV2, param=DY, cv==0, nv==0
PrintNuMagParam : name BFV2, param=CSET, cv==49.5, nv==-1
PrintNuMagParam : name QFQ2, param=K1, cv==.13517828224016576, nv==.1748279
PrintNuMagParam : name QFQ2, param=F1, cv==0, nv==0
PrintNuMagParam : name QFQ2, param=F2, cv==0, nv==0
PrintNuMagParam : name QFQ2, param=DX, cv==6.4609412e-05, nv==6.4609412e-05
PrintNuMagParam : name QFQ2, param=DY, cv==-.00441, nv==-.00441
PrintNuMagParam : name QFQ2, param=CSET, cv==326.7, nv==-1
PrintNuMagParam : name QFQ3, param=K1, cv==-.11158367640294606, nv==-.1846039
PrintNuMagParam : name QFQ3, param=F1, cv==0, nv==0
PrintNuMagParam : name QFQ3, param=F2, cv==0, nv==0
PrintNuMagParam : name QFQ3, param=DX, cv==.000156809582, nv==.000156809582
PrintNuMagParam : name QFQ3, param=DY, cv==-.005009, nv==-.005009
PrintNuMagParam : name QFQ3, param=CSET, cv==271.4, nv==-1
PrintNuMagParam : name BFH2, param=ANGLE, cv==0, nv==0
PrintNuMagParam : name BFH2, param=K0, cv==7.82966805186944e-05, nv==7.82966805186944e-05
PrintNuMagParam : name BFH2, param=F1, cv==0, nv==0
PrintNuMagParam : name BFH2, param=DX, cv==0, nv==0
PrintNuMagParam : name BFH2, param=DY, cv==0, nv==0
PrintNuMagParam : name BFH2, param=CSET, cv==.8, nv==-1
PrintNuMagParam : name BFVD1, param=ANGLE, cv==-.023736477827122886, nv==-.023736477827122886
PrintNuMagParam : name BFVD1, param=K0, cv==8.580333877169168e-05, nv==8.580333877169168e-05
PrintNuMagParam : name BFVD1, param=F1, cv==0, nv==0
PrintNuMagParam : name BFVD1, param=DX, cv==0, nv==0
PrintNuMagParam : name BFVD1, param=DY, cv==0, nv==0
PrintNuMagParam : name BFVD1, param=CSET, cv==1159.5, nv==-1
PrintNuMagParam : name QFQ4, param=K1, cv==.05129028702435896, nv==.0395099
PrintNuMagParam : name QFQ4, param=F1, cv==0, nv==0
PrintNuMagParam : name QFQ4, param=F2, cv==0, nv==0
PrintNuMagParam : name QFQ4, param=DX, cv==.000389638756, nv==.000389638756
PrintNuMagParam : name QFQ4, param=DY, cv==-.001692, nv==-.001692
PrintNuMagParam : name QFQ4, param=CSET, cv==209.7, nv==-1
PrintNuMagParam : name BFVD2, param=ANGLE, cv==-.03974114706791088, nv==-.03974114706791088
PrintNuMagParam : name BFVD2, param=K0, cv==4.0686969369187e-05, nv==4.0686969369187e-05
PrintNuMagParam : name BFVD2, param=F1, cv==0, nv==0
PrintNuMagParam : name BFVD2, param=DX, cv==0, nv==0
PrintNuMagParam : name BFVD2, param=DY, cv==0, nv==0
PrintNuMagParam : name BFVD2, param=CSET, cv==1538.9, nv==-1
 Map[StoreNuMagParamIn,  NuMagList]; ! store results into NuMagParamIn
 
 Print[SetElement["NUIN"]];
{"NUIN","MARK",
 {("AX"->-2.41877),("BX"->37.098),("PSIX"->0),("AY"->.178),("BY"->5.45),("PSIY"->0),("EX"->.423734),("EPX"->.0719639),("EY"->0),
  ("EPY"->0),("R1"->0),("R2"->0),("R3"->0),("R4"->0),("DX"->-.0005213342709778265),("DPX"->3.187370307999629e-05),
  ("DY"->-.00023251528354226788),("DPY"->7.806570728806085e-05),("DZ"->0),("DDP"->0),("DP"->.0002),("AZ"->0),("OFFSET"->0),
  ("SIGZ"->0),("GEO"->0),("JDX"->0),("JDPX"->0),("JDY"->0),("JDPY"->0),("JDZ"->0),("JDPZ"->0),("EMITX"->1e-12),("EMITY"->1e-12),
  ("COUPLE"->0)}}
 Print[SetElement["TARGET"]];
{"TARGET","MARK",
 {("AX"->-.08512398028523369),("BX"->92.54282137563011),("PSIX"->27.681105963292943),("AY"->-8.25141345023256),("BY"->
   228.12799516609917),
  ("PSIY"->29.193697643772996),("EX"->1.536839656553026),("EPX"->-.03955273538911105),("EY"->.3854191466094626),
  ("EPY"->.061441934573458416),("R1"->-8.98079116935271e-05),("R2"->-.009707042328612315),("R3"->-3.5120055146737206e-06),
  ("R4"->-.00028558093364373856),("DX"->.000595513322072302),("DPX"->-1.6440781185210373e-05),("DY"->.007648439800572314),
  ("DPY"->.00029792690597198396),("DZ"->-.00041948112879309856),("DDP"->0),("DP"->.0002),("AZ"->0),("OFFSET"->0),("SIGZ"->0),
  ("GEO"->0),("JDX"->0),("JDPX"->0),("JDY"->0),("JDPY"->0),("JDZ"->0),("JDPZ"->0),("EMITX"->1e-12),("EMITY"->1e-12),("COUPLE"->0)}}
 
 
 
 !!! OrbitFit w/ SSEM,OTR
 Print["*** M005 Orbit fit with SSEM,OTR ***"];
*** M005 Orbit fit with SSEM,OTR ***
 FFS["USE ALL"];
  *** expln *** ALL is re-expanded again
 Design orbit length =   242.02495359999998     
 FFS["trpt calc"];
 FFS["calc"];
 FFS["save"];
 
 Print["*** Twiss params at beggining of Orbit fit ***"];
*** Twiss params at beggining of Orbit fit ***
 Print[NuTopMarkName//" AX  "//Twiss["AX", NuTopMarkName]];
NUIN AX  -2.41877
 Print[NuTopMarkName//" BX  "//Twiss["BX", NuTopMarkName]];
NUIN BX  37.098
 Print[NuTopMarkName//" EX  "//Twiss["EX", NuTopMarkName]];
NUIN EX  .423734
 Print[NuTopMarkName//" EPX "//Twiss["EPX", NuTopMarkName]];
NUIN EPX .0719639
 Print[NuTopMarkName//" DX  "//Twiss["DX", NuTopMarkName]];
NUIN DX  -.0005213342709778265
 Print[NuTopMarkName//" DPX "//Twiss["DPX", NuTopMarkName]];
NUIN DPX 3.187370307999629e-05
 Print[NuTopMarkName//" AY  "//Twiss["AY", NuTopMarkName]];
NUIN AY  .178
 Print[NuTopMarkName//" BY  "//Twiss["BY", NuTopMarkName]];
NUIN BY  5.45
 Print[NuTopMarkName//" EY  "//Twiss["EY", NuTopMarkName]];
NUIN EY  0
 Print[NuTopMarkName//" EPY "//Twiss["EPY", NuTopMarkName]];
NUIN EPY 0
 Print[NuTopMarkName//" DY  "//Twiss["DY", NuTopMarkName]];
NUIN DY  -.00023251528354226788
 Print[NuTopMarkName//" DPY "//Twiss["DPY", NuTopMarkName]];
NUIN DPY 7.806570728806085e-05
 Print["Emix = "//ToString[emix]];
Emix = 2.3452150524022574e-07
 Print["Emiy = "//ToString[emiy]];
Emiy = 2.6132081766365366e-07
 Print["DP   = "//ToString[DP]];
DP   = .0002
 Print["DP0  = "//ToString[DP0]];
DP0  = 0
 
 
 CONVERGENCE=1e-20;
 
 
 
 !! set SSEM data to constraint
 SetSSEMFitDxy["SSEM01",1];
fit SSEM01 DX -.000467201
fit SSEM01 DY -9.9931e-05
 SetSSEMFitDxy["SSEM02",2];
fit SSEM02 DX -.000256656
fit SSEM02 DY .00041574
 SetSSEMFitDxy["SSEM03",3];
fit SSEM03 DX .000334713
fit SSEM03 DY .0008547820000000001
 SetSSEMFitDxy["SSEM04",4];
fit SSEM04 DX .000487795
fit SSEM04 DY .000957871
 SetSSEMFitDxy["SSEM05",5];
fit SSEM05 DX .000653404
fit SSEM05 DY .0008539400000000001
 SetSSEMFitDxy["SSEM06",6];
fit SSEM06 DX .000762805
fit SSEM06 DY .00045755400000000004
 SetSSEMFitDxy["SSEM07",7];
fit SSEM07 DX .000577211
fit SSEM07 DY .0007420600000000001
 SetSSEMFitDxy["SSEM08",8];
fit SSEM08 DX .0012925660000000002
fit SSEM08 DY .001577855
 SetSSEMFitDxy["SSEM09",9];
fit SSEM09 DX .001741672
fit SSEM09 DY .001766155
 !SetSSEMFitDxy["SSEM10",10];
 !SetSSEMFitDxy["SSEM11",11];
 !SetSSEMFitDxy["SSEM12",12];
 !SetSSEMFitDxy["SSEM13",13];
 !SetSSEMFitDxy["SSEM14",14];
 !SetSSEMFitDxy["SSEM15",15];
 !SetSSEMFitDxy["SSEM16",16];
 !SetSSEMFitDxy["SSEM17",17];
 !SetSSEMFitDxy["SSEM18",18];
 !SetSSEMFitDxy["SSEM19",19];
 
 
 otrx=Part[MonOTRDataEPICS, 1]*1e-3 + NuAlignParam["OTR", "DX"];
 otry=Part[MonOTRDataEPICS, 2]*1e-3 + NuAlignParam["OTR", "DY"];
 FFS["fit OTR DX " // ToString[otrx] ];  Print["fit OTR DX " // ToString[otrx] ];
fit OTR DX 0
 FFS["fit OTR DY " // ToString[otry] ];  Print["fit OTR DY " // ToString[otry] ];
fit OTR DY -.00557
 
 
 If[FitMagK0Flag["PV1"]<>0,   FFS["free BPV1 K0"]];
 If[FitMagK0Flag["PH2"]<>0,   FFS["free BPH2 K0"]];
 If[FitMagK0Flag["PD1"]<>0,   FFS["free BPD1 K0"]];
 If[FitMagK0Flag["PD2"]<>0,   FFS["free BPD2 K0"]];
 If[FitMagK0Flag["PV2"]<>0,   FFS["free BPV2 K0"]];
 If[FitMagK0Flag["PH3"]<>0,   FFS["free BPH3 K0"]];
 If[FitMagK0Flag["SDX"]<>0,   FFS["free MSDX K0"];FFS["fix MSDX K1"]];
 If[FitMagK0Flag["SFX"]<>0,   FFS["free MSFX K0"];FFS["fix MSFX K1"]];
 If[FitMagK0Flag["SND03"]<>0, FFS["free BSND03 K0"]];
 If[FitMagK0Flag["SSD03"]<>0, FFS["free BSSD03 K0"]];
 If[FitMagK0Flag["SND07"]<>0, FFS["free BSND07 K0"]];
 If[FitMagK0Flag["SSD07"]<>0, FFS["free BSSD07 K0"]];
 If[FitMagK0Flag["SND08"]<>0, FFS["free BSND08 K0"]];
 If[FitMagK0Flag["SSD08"]<>0, FFS["free BSSD08 K0"]];
 If[FitMagK0Flag["FV1"]<>0,   FFS["free BFV1 K0"]];
 If[FitMagK0Flag["FH1"]<>0,   FFS["free BFH1 K0"]];
 If[FitMagK0Flag["FV2"]<>0,   FFS["free BFV2 K0"]];
 If[FitMagK0Flag["FH2"]<>0,   FFS["free BFH2 K0"]];
 If[FitMagK0Flag["FVD1"]<>0,  FFS["free BFVD1 K0"]];
 If[FitMagK0Flag["FVD2"]<>0,  FFS["free BFVD2 K0"]];
 
 Print[FFS["show"]];
{{"SSEM01","","DX",-.000467201,1,1},{"SSEM01","","DY",-9.9931e-05,1,1},{"SSEM02","","DX",-.000256656,1,1},
 {"SSEM02","","DY",.00041574,1,1},{"SSEM03","","DX",.000334713,1,1},{"SSEM03","","DY",.0008547820000000001,1,1},
 {"SSEM04","","DX",.000487795,1,1},{"SSEM04","","DY",.000957871,1,1},{"SSEM05","","DX",.000653404,1,1},
 {"SSEM05","","DY",.0008539400000000001,1,1},{"SSEM06","","DX",.000762805,1,1},{"SSEM06","","DY",.00045755400000000004,1,1},
 {"SSEM07","","DX",.000577211,1,1},{"SSEM07","","DY",.0007420600000000001,1,1},{"SSEM08","","DX",.0012925660000000002,1,1},
 {"SSEM08","","DY",.001577855,1,1},{"SSEM09","","DX",.001741672,1,1},{"SSEM09","","DY",.001766155,1,1},{"OTR","","DX",0,1,1},
 {"OTR","","DY",-.00557,1,1}}
 FFS["go"];
 ???-FFS-Error-Error in FitFunction 
 ???-FFS-Error-?Too many fit conditions. 
 ???-FFS-Error-Error in FitFunction 
 ???-FFS-Error-?Too many fit conditions. 
???FFS::error:  Error in FFS command in FFS["go"]
Out[196]:= FFS["go"]
 FFS["save"];
 !Print["BPV1 K0    ="//LINE["K0","BPV1"]];
 !Print["BPV1 ANGLE ="//LINE["ANGLE","BPV1"]];
 
 
 !! result
 Print["*** RESULT 3 ***"];
*** RESULT 3 ***
 Map[PrintNuMagParamIn,  NuMagList];
PrintNuMagParam : name BPV1, param=ANGLE, cv==0, nv==0
PrintNuMagParam : name BPV1, param=K0, cv==0, nv==0
PrintNuMagParam : name BPV1, param=F1, cv==0, nv==0
PrintNuMagParam : name BPV1, param=DX, cv==0, nv==0
PrintNuMagParam : name BPV1, param=DY, cv==0, nv==0
PrintNuMagParam : name BPV1, param=CSET, cv==0, nv==-1
PrintNuMagParam : name BPH2, param=ANGLE, cv==0, nv==0
PrintNuMagParam : name BPH2, param=K0, cv==-2.6842324392634023e-05, nv==-2.6727915947909638e-05
PrintNuMagParam : name BPH2, param=F1, cv==0, nv==0
PrintNuMagParam : name BPH2, param=DX, cv==0, nv==0
PrintNuMagParam : name BPH2, param=DY, cv==0, nv==0
PrintNuMagParam : name BPH2, param=CSET, cv==-15, nv==-1
PrintNuMagParam : name QPQ1, param=K1, cv==.16963359863372682, nv==.16963359863372682
PrintNuMagParam : name QPQ1, param=F1, cv==0, nv==0
PrintNuMagParam : name QPQ1, param=F2, cv==0, nv==0
PrintNuMagParam : name QPQ1, param=DX, cv==-.000155743626, nv==-.000155743626
PrintNuMagParam : name QPQ1, param=DY, cv==.0003995, nv==.0003995
PrintNuMagParam : name QPQ1, param=CSET, cv==520, nv==-1
PrintNuMagParam : name QPQ2, param=K1, cv==-.1893406326292461, nv==-.1893406326292461
PrintNuMagParam : name QPQ2, param=F1, cv==0, nv==0
PrintNuMagParam : name QPQ2, param=F2, cv==0, nv==0
PrintNuMagParam : name QPQ2, param=DX, cv==-.000123459866, nv==-.000123459866
PrintNuMagParam : name QPQ2, param=DY, cv==.000392, nv==.000392
PrintNuMagParam : name QPQ2, param=CSET, cv==485, nv==-1
PrintNuMagParam : name BPD1, param=ANGLE, cv==.03354700607884197, nv==.03354700607884197
PrintNuMagParam : name BPD1, param=K0, cv==.00013881020906842529, nv==.0001421478260948307
PrintNuMagParam : name BPD1, param=F1, cv==0, nv==0
PrintNuMagParam : name BPD1, param=DX, cv==0, nv==0
PrintNuMagParam : name BPD1, param=DY, cv==0, nv==0
PrintNuMagParam : name BPD1, param=CSET, cv==1140, nv==-1
PrintNuMagParam : name BPD2, param=ANGLE, cv==.03316548691321012, nv==.03316548691321012
PrintNuMagParam : name BPD2, param=K0, cv==-6.934975503549379e-05, nv==-7.405847210761684e-05
PrintNuMagParam : name BPD2, param=F1, cv==0, nv==0
PrintNuMagParam : name BPD2, param=DX, cv==0, nv==0
PrintNuMagParam : name BPD2, param=DY, cv==0, nv==0
PrintNuMagParam : name BPD2, param=CSET, cv==1191, nv==-1
PrintNuMagParam : name QPQ3, param=K1, cv==.10127042973288974, nv==.10127042973288974
PrintNuMagParam : name QPQ3, param=F1, cv==0, nv==0
PrintNuMagParam : name QPQ3, param=F2, cv==0, nv==0
PrintNuMagParam : name QPQ3, param=DX, cv==.000330152577, nv==.000330152577
PrintNuMagParam : name QPQ3, param=DY, cv==-.0003095, nv==-.0003095
PrintNuMagParam : name QPQ3, param=CSET, cv==408, nv==-1
PrintNuMagParam : name BPV2, param=ANGLE, cv==0, nv==0
PrintNuMagParam : name BPV2, param=K0, cv==.00011105980323456813, nv==.00012160988841752276
PrintNuMagParam : name BPV2, param=F1, cv==0, nv==0
PrintNuMagParam : name BPV2, param=DX, cv==0, nv==0
PrintNuMagParam : name BPV2, param=DY, cv==0, nv==0
PrintNuMagParam : name BPV2, param=CSET, cv==15, nv==-1
PrintNuMagParam : name QPQ4, param=K1, cv==-.17741030884052192, nv==-.17741030884052192
PrintNuMagParam : name QPQ4, param=F1, cv==0, nv==0
PrintNuMagParam : name QPQ4, param=F2, cv==0, nv==0
PrintNuMagParam : name QPQ4, param=DX, cv==-.000317780416, nv==-.000317780416
PrintNuMagParam : name QPQ4, param=DY, cv==.000125, nv==.000125
PrintNuMagParam : name QPQ4, param=CSET, cv==354, nv==-1
PrintNuMagParam : name BPH3, param=ANGLE, cv==0, nv==0
PrintNuMagParam : name BPH3, param=K0, cv==-1.5256335120800778e-05, nv==-1.2688543157045478e-05
PrintNuMagParam : name BPH3, param=F1, cv==0, nv==0
PrintNuMagParam : name BPH3, param=DX, cv==0, nv==0
PrintNuMagParam : name BPH3, param=DY, cv==0, nv==0
PrintNuMagParam : name BPH3, param=CSET, cv==-13, nv==-1
PrintNuMagParam : name QPQ5, param=K1, cv==.17396064856796464, nv==.17396064856796464
PrintNuMagParam : name QPQ5, param=F1, cv==0, nv==0
PrintNuMagParam : name QPQ5, param=F2, cv==0, nv==0
PrintNuMagParam : name QPQ5, param=DX, cv==.000123888269, nv==.000123888269
PrintNuMagParam : name QPQ5, param=DY, cv==-.0001135, nv==-.0001135
PrintNuMagParam : name QPQ5, param=CSET, cv==423, nv==-1
PrintNuMagParam : name MSDX, param=ANGLE, cv==.04888884528188256, nv==.04888884528188256
PrintNuMagParam : name MSDX, param=K0, cv==0, nv==0
PrintNuMagParam : name MSDX, param=K1, cv==-.3617, nv==-.3617
PrintNuMagParam : name MSDX, param=K2, cv==0, nv==0
PrintNuMagParam : name MSDX, param=K3, cv==0, nv==0
PrintNuMagParam : name MSDX, param=SK0, cv==0, nv==0
PrintNuMagParam : name MSDX, param=SK1, cv==0, nv==0
PrintNuMagParam : name MSDX, param=SK2, cv==0, nv==0
PrintNuMagParam : name MSDX, param=SK3, cv==0, nv==0
PrintNuMagParam : name MSDX, param=F1, cv==0, nv==0
PrintNuMagParam : name MSDX, param=F2, cv==0, nv==0
PrintNuMagParam : name MSDX, param=DX, cv==0, nv==0
PrintNuMagParam : name MSDX, param=DY, cv==0, nv==0
PrintNuMagParam : name MSDX.1, param=ANGLE, cv==.04888884528188256, nv==.04888884528188256
PrintNuMagParam : name MSDX.1, param=K0, cv==0, nv==0
PrintNuMagParam : name MSDX.1, param=K1, cv==-.3617, nv==-.3617
PrintNuMagParam : name MSDX.1, param=K2, cv==0, nv==0
PrintNuMagParam : name MSDX.1, param=K3, cv==0, nv==0
PrintNuMagParam : name MSDX.1, param=SK0, cv==0, nv==0
PrintNuMagParam : name MSDX.1, param=SK1, cv==0, nv==0
PrintNuMagParam : name MSDX.1, param=SK2, cv==0, nv==0
PrintNuMagParam : name MSDX.1, param=SK3, cv==0, nv==0
PrintNuMagParam : name MSDX.1, param=F1, cv==0, nv==0
PrintNuMagParam : name MSDX.1, param=F2, cv==0, nv==0
PrintNuMagParam : name MSDX.1, param=DX, cv==0, nv==0
PrintNuMagParam : name MSDX.1, param=DY, cv==0, nv==0
PrintNuMagParam : name MSDX.1, param=CSET, cv==4356, nv==-1
PrintNuMagParam : name MSFX, param=ANGLE, cv==.051681459351456266, nv==.051681459351456266
PrintNuMagParam : name MSFX, param=K0, cv==0, nv==0
PrintNuMagParam : name MSFX, param=K1, cv==.3617, nv==.3617
PrintNuMagParam : name MSFX, param=K2, cv==0, nv==0
PrintNuMagParam : name MSFX, param=K3, cv==0, nv==0
PrintNuMagParam : name MSFX, param=SK0, cv==0, nv==0
PrintNuMagParam : name MSFX, param=SK1, cv==0, nv==0
PrintNuMagParam : name MSFX, param=SK2, cv==0, nv==0
PrintNuMagParam : name MSFX, param=SK3, cv==0, nv==0
PrintNuMagParam : name MSFX, param=F1, cv==0, nv==0
PrintNuMagParam : name MSFX, param=F2, cv==0, nv==0
PrintNuMagParam : name MSFX, param=DX, cv==0, nv==0
PrintNuMagParam : name MSFX, param=DY, cv==0, nv==0
PrintNuMagParam : name MSFX.1, param=ANGLE, cv==.051681459351456266, nv==.051681459351456266
PrintNuMagParam : name MSFX.1, param=K0, cv==0, nv==0
PrintNuMagParam : name MSFX.1, param=K1, cv==.3617, nv==.3617
PrintNuMagParam : name MSFX.1, param=K2, cv==0, nv==0
PrintNuMagParam : name MSFX.1, param=K3, cv==0, nv==0
PrintNuMagParam : name MSFX.1, param=SK0, cv==0, nv==0
PrintNuMagParam : name MSFX.1, param=SK1, cv==0, nv==0
PrintNuMagParam : name MSFX.1, param=SK2, cv==0, nv==0
PrintNuMagParam : name MSFX.1, param=SK3, cv==0, nv==0
PrintNuMagParam : name MSFX.1, param=F1, cv==0, nv==0
PrintNuMagParam : name MSFX.1, param=F2, cv==0, nv==0
PrintNuMagParam : name MSFX.1, param=DX, cv==0, nv==0
PrintNuMagParam : name MSFX.1, param=DY, cv==0, nv==0
PrintNuMagParam : name MSFX.1, param=CSET, cv==4356, nv==-1
PrintNuMagParam : name MSDX.2, param=ANGLE, cv==.04888884528188256, nv==.04888884528188256
PrintNuMagParam : name MSDX.2, param=K0, cv==0, nv==0
PrintNuMagParam : name MSDX.2, param=K1, cv==-.3617, nv==-.3617
PrintNuMagParam : name MSDX.2, param=K2, cv==0, nv==0
PrintNuMagParam : name MSDX.2, param=K3, cv==0, nv==0
PrintNuMagParam : name MSDX.2, param=SK0, cv==0, nv==0
PrintNuMagParam : name MSDX.2, param=SK1, cv==0, nv==0
PrintNuMagParam : name MSDX.2, param=SK2, cv==0, nv==0
PrintNuMagParam : name MSDX.2, param=SK3, cv==0, nv==0
PrintNuMagParam : name MSDX.2, param=F1, cv==0, nv==0
PrintNuMagParam : name MSDX.2, param=F2, cv==0, nv==0
PrintNuMagParam : name MSDX.2, param=DX, cv==0, nv==0
PrintNuMagParam : name MSDX.2, param=DY, cv==0, nv==0
PrintNuMagParam : name MSDX.2, param=CSET, cv==4356, nv==-1
PrintNuMagParam : name MSFX.2, param=ANGLE, cv==.051681459351456266, nv==.051681459351456266
PrintNuMagParam : name MSFX.2, param=K0, cv==0, nv==0
PrintNuMagParam : name MSFX.2, param=K1, cv==.3617, nv==.3617
PrintNuMagParam : name MSFX.2, param=K2, cv==0, nv==0
PrintNuMagParam : name MSFX.2, param=K3, cv==0, nv==0
PrintNuMagParam : name MSFX.2, param=SK0, cv==0, nv==0
PrintNuMagParam : name MSFX.2, param=SK1, cv==0, nv==0
PrintNuMagParam : name MSFX.2, param=SK2, cv==0, nv==0
PrintNuMagParam : name MSFX.2, param=SK3, cv==0, nv==0
PrintNuMagParam : name MSFX.2, param=F1, cv==0, nv==0
PrintNuMagParam : name MSFX.2, param=F2, cv==0, nv==0
PrintNuMagParam : name MSFX.2, param=DX, cv==0, nv==0
PrintNuMagParam : name MSFX.2, param=DY, cv==0, nv==0
PrintNuMagParam : name MSFX.2, param=CSET, cv==4356, nv==-1
PrintNuMagParam : name MSDX.3, param=ANGLE, cv==.04888884528188256, nv==.04888884528188256
PrintNuMagParam : name MSDX.3, param=K0, cv==0, nv==0
PrintNuMagParam : name MSDX.3, param=K1, cv==-.3617, nv==-.3617
PrintNuMagParam : name MSDX.3, param=K2, cv==0, nv==0
PrintNuMagParam : name MSDX.3, param=K3, cv==0, nv==0
PrintNuMagParam : name MSDX.3, param=SK0, cv==0, nv==0
PrintNuMagParam : name MSDX.3, param=SK1, cv==0, nv==0
PrintNuMagParam : name MSDX.3, param=SK2, cv==0, nv==0
PrintNuMagParam : name MSDX.3, param=SK3, cv==0, nv==0
PrintNuMagParam : name MSDX.3, param=F1, cv==0, nv==0
PrintNuMagParam : name MSDX.3, param=F2, cv==0, nv==0
PrintNuMagParam : name MSDX.3, param=DX, cv==0, nv==0
PrintNuMagParam : name MSDX.3, param=DY, cv==0, nv==0
PrintNuMagParam : name MSDX.3, param=CSET, cv==4356, nv==-1
PrintNuMagParam : name MSFX.3, param=ANGLE, cv==.051681459351456266, nv==.051681459351456266
PrintNuMagParam : name MSFX.3, param=K0, cv==0, nv==0
PrintNuMagParam : name MSFX.3, param=K1, cv==.3617, nv==.3617
PrintNuMagParam : name MSFX.3, param=K2, cv==0, nv==0
PrintNuMagParam : name MSFX.3, param=K3, cv==0, nv==0
PrintNuMagParam : name MSFX.3, param=SK0, cv==0, nv==0
PrintNuMagParam : name MSFX.3, param=SK1, cv==0, nv==0
PrintNuMagParam : name MSFX.3, param=SK2, cv==0, nv==0
PrintNuMagParam : name MSFX.3, param=SK3, cv==0, nv==0
PrintNuMagParam : name MSFX.3, param=F1, cv==0, nv==0
PrintNuMagParam : name MSFX.3, param=F2, cv==0, nv==0
PrintNuMagParam : name MSFX.3, param=DX, cv==0, nv==0
PrintNuMagParam : name MSFX.3, param=DY, cv==0, nv==0
PrintNuMagParam : name MSFX.3, param=CSET, cv==4356, nv==-1
PrintNuMagParam : name BSND03, param=ANGLE, cv==0, nv==0
PrintNuMagParam : name BSND03, param=K0, cv==0, nv==0
PrintNuMagParam : name BSND03, param=F1, cv==0, nv==0
PrintNuMagParam : name BSND03, param=DX, cv==0, nv==0
PrintNuMagParam : name BSND03, param=DY, cv==0, nv==0
PrintNuMagParam : name BSND03, param=CSET, cv==0, nv==-1
PrintNuMagParam : name BSSD03, param=ANGLE, cv==0, nv==0
PrintNuMagParam : name BSSD03, param=K0, cv==0, nv==0
PrintNuMagParam : name BSSD03, param=F1, cv==0, nv==0
PrintNuMagParam : name BSSD03, param=DX, cv==0, nv==0
PrintNuMagParam : name BSSD03, param=DY, cv==0, nv==0
PrintNuMagParam : name BSSD03, param=CSET, cv==0, nv==-1
PrintNuMagParam : name MSDX.4, param=ANGLE, cv==.04888884528188256, nv==.04888884528188256
PrintNuMagParam : name MSDX.4, param=K0, cv==0, nv==0
PrintNuMagParam : name MSDX.4, param=K1, cv==-.3617, nv==-.3617
PrintNuMagParam : name MSDX.4, param=K2, cv==0, nv==0
PrintNuMagParam : name MSDX.4, param=K3, cv==0, nv==0
PrintNuMagParam : name MSDX.4, param=SK0, cv==0, nv==0
PrintNuMagParam : name MSDX.4, param=SK1, cv==0, nv==0
PrintNuMagParam : name MSDX.4, param=SK2, cv==0, nv==0
PrintNuMagParam : name MSDX.4, param=SK3, cv==0, nv==0
PrintNuMagParam : name MSDX.4, param=F1, cv==0, nv==0
PrintNuMagParam : name MSDX.4, param=F2, cv==0, nv==0
PrintNuMagParam : name MSDX.4, param=DX, cv==0, nv==0
PrintNuMagParam : name MSDX.4, param=DY, cv==0, nv==0
PrintNuMagParam : name MSDX.4, param=CSET, cv==4356, nv==-1
PrintNuMagParam : name MSFX.4, param=ANGLE, cv==.051681459351456266, nv==.051681459351456266
PrintNuMagParam : name MSFX.4, param=K0, cv==0, nv==0
PrintNuMagParam : name MSFX.4, param=K1, cv==.3617, nv==.3617
PrintNuMagParam : name MSFX.4, param=K2, cv==0, nv==0
PrintNuMagParam : name MSFX.4, param=K3, cv==0, nv==0
PrintNuMagParam : name MSFX.4, param=SK0, cv==0, nv==0
PrintNuMagParam : name MSFX.4, param=SK1, cv==0, nv==0
PrintNuMagParam : name MSFX.4, param=SK2, cv==0, nv==0
PrintNuMagParam : name MSFX.4, param=SK3, cv==0, nv==0
PrintNuMagParam : name MSFX.4, param=F1, cv==0, nv==0
PrintNuMagParam : name MSFX.4, param=F2, cv==0, nv==0
PrintNuMagParam : name MSFX.4, param=DX, cv==0, nv==0
PrintNuMagParam : name MSFX.4, param=DY, cv==0, nv==0
PrintNuMagParam : name MSFX.4, param=CSET, cv==4356, nv==-1
PrintNuMagParam : name MSDX.5, param=ANGLE, cv==.04888884528188256, nv==.04888884528188256
PrintNuMagParam : name MSDX.5, param=K0, cv==0, nv==0
PrintNuMagParam : name MSDX.5, param=K1, cv==-.3617, nv==-.3617
PrintNuMagParam : name MSDX.5, param=K2, cv==0, nv==0
PrintNuMagParam : name MSDX.5, param=K3, cv==0, nv==0
PrintNuMagParam : name MSDX.5, param=SK0, cv==0, nv==0
PrintNuMagParam : name MSDX.5, param=SK1, cv==0, nv==0
PrintNuMagParam : name MSDX.5, param=SK2, cv==0, nv==0
PrintNuMagParam : name MSDX.5, param=SK3, cv==0, nv==0
PrintNuMagParam : name MSDX.5, param=F1, cv==0, nv==0
PrintNuMagParam : name MSDX.5, param=F2, cv==0, nv==0
PrintNuMagParam : name MSDX.5, param=DX, cv==0, nv==0
PrintNuMagParam : name MSDX.5, param=DY, cv==0, nv==0
PrintNuMagParam : name MSDX.5, param=CSET, cv==4356, nv==-1
PrintNuMagParam : name MSFX.5, param=ANGLE, cv==.051681459351456266, nv==.051681459351456266
PrintNuMagParam : name MSFX.5, param=K0, cv==0, nv==0
PrintNuMagParam : name MSFX.5, param=K1, cv==.3617, nv==.3617
PrintNuMagParam : name MSFX.5, param=K2, cv==0, nv==0
PrintNuMagParam : name MSFX.5, param=K3, cv==0, nv==0
PrintNuMagParam : name MSFX.5, param=SK0, cv==0, nv==0
PrintNuMagParam : name MSFX.5, param=SK1, cv==0, nv==0
PrintNuMagParam : name MSFX.5, param=SK2, cv==0, nv==0
PrintNuMagParam : name MSFX.5, param=SK3, cv==0, nv==0
PrintNuMagParam : name MSFX.5, param=F1, cv==0, nv==0
PrintNuMagParam : name MSFX.5, param=F2, cv==0, nv==0
PrintNuMagParam : name MSFX.5, param=DX, cv==0, nv==0
PrintNuMagParam : name MSFX.5, param=DY, cv==0, nv==0
PrintNuMagParam : name MSFX.5, param=CSET, cv==4356, nv==-1
PrintNuMagParam : name MSDX.6, param=ANGLE, cv==.04888884528188256, nv==.04888884528188256
PrintNuMagParam : name MSDX.6, param=K0, cv==0, nv==0
PrintNuMagParam : name MSDX.6, param=K1, cv==-.3617, nv==-.3617
PrintNuMagParam : name MSDX.6, param=K2, cv==0, nv==0
PrintNuMagParam : name MSDX.6, param=K3, cv==0, nv==0
PrintNuMagParam : name MSDX.6, param=SK0, cv==0, nv==0
PrintNuMagParam : name MSDX.6, param=SK1, cv==0, nv==0
PrintNuMagParam : name MSDX.6, param=SK2, cv==0, nv==0
PrintNuMagParam : name MSDX.6, param=SK3, cv==0, nv==0
PrintNuMagParam : name MSDX.6, param=F1, cv==0, nv==0
PrintNuMagParam : name MSDX.6, param=F2, cv==0, nv==0
PrintNuMagParam : name MSDX.6, param=DX, cv==0, nv==0
PrintNuMagParam : name MSDX.6, param=DY, cv==0, nv==0
PrintNuMagParam : name MSDX.6, param=CSET, cv==4356, nv==-1
PrintNuMagParam : name MSFX.6, param=ANGLE, cv==.051681459351456266, nv==.051681459351456266
PrintNuMagParam : name MSFX.6, param=K0, cv==0, nv==0
PrintNuMagParam : name MSFX.6, param=K1, cv==.3617, nv==.3617
PrintNuMagParam : name MSFX.6, param=K2, cv==0, nv==0
PrintNuMagParam : name MSFX.6, param=K3, cv==0, nv==0
PrintNuMagParam : name MSFX.6, param=SK0, cv==0, nv==0
PrintNuMagParam : name MSFX.6, param=SK1, cv==0, nv==0
PrintNuMagParam : name MSFX.6, param=SK2, cv==0, nv==0
PrintNuMagParam : name MSFX.6, param=SK3, cv==0, nv==0
PrintNuMagParam : name MSFX.6, param=F1, cv==0, nv==0
PrintNuMagParam : name MSFX.6, param=F2, cv==0, nv==0
PrintNuMagParam : name MSFX.6, param=DX, cv==0, nv==0
PrintNuMagParam : name MSFX.6, param=DY, cv==0, nv==0
PrintNuMagParam : name MSFX.6, param=CSET, cv==4356, nv==-1
PrintNuMagParam : name MSDX.7, param=ANGLE, cv==.04888884528188256, nv==.04888884528188256
PrintNuMagParam : name MSDX.7, param=K0, cv==0, nv==0
PrintNuMagParam : name MSDX.7, param=K1, cv==-.3617, nv==-.3617
PrintNuMagParam : name MSDX.7, param=K2, cv==0, nv==0
PrintNuMagParam : name MSDX.7, param=K3, cv==0, nv==0
PrintNuMagParam : name MSDX.7, param=SK0, cv==0, nv==0
PrintNuMagParam : name MSDX.7, param=SK1, cv==0, nv==0
PrintNuMagParam : name MSDX.7, param=SK2, cv==0, nv==0
PrintNuMagParam : name MSDX.7, param=SK3, cv==0, nv==0
PrintNuMagParam : name MSDX.7, param=F1, cv==0, nv==0
PrintNuMagParam : name MSDX.7, param=F2, cv==0, nv==0
PrintNuMagParam : name MSDX.7, param=DX, cv==0, nv==0
PrintNuMagParam : name MSDX.7, param=DY, cv==0, nv==0
PrintNuMagParam : name MSDX.7, param=CSET, cv==4356, nv==-1
PrintNuMagParam : name MSFX.7, param=ANGLE, cv==.051681459351456266, nv==.051681459351456266
PrintNuMagParam : name MSFX.7, param=K0, cv==0, nv==0
PrintNuMagParam : name MSFX.7, param=K1, cv==.3617, nv==.3617
PrintNuMagParam : name MSFX.7, param=K2, cv==0, nv==0
PrintNuMagParam : name MSFX.7, param=K3, cv==0, nv==0
PrintNuMagParam : name MSFX.7, param=SK0, cv==0, nv==0
PrintNuMagParam : name MSFX.7, param=SK1, cv==0, nv==0
PrintNuMagParam : name MSFX.7, param=SK2, cv==0, nv==0
PrintNuMagParam : name MSFX.7, param=SK3, cv==0, nv==0
PrintNuMagParam : name MSFX.7, param=F1, cv==0, nv==0
PrintNuMagParam : name MSFX.7, param=F2, cv==0, nv==0
PrintNuMagParam : name MSFX.7, param=DX, cv==0, nv==0
PrintNuMagParam : name MSFX.7, param=DY, cv==0, nv==0
PrintNuMagParam : name MSFX.7, param=CSET, cv==4356, nv==-1
PrintNuMagParam : name BSND07, param=ANGLE, cv==0, nv==0
PrintNuMagParam : name BSND07, param=K0, cv==0, nv==0
PrintNuMagParam : name BSND07, param=F1, cv==0, nv==0
PrintNuMagParam : name BSND07, param=DX, cv==0, nv==0
PrintNuMagParam : name BSND07, param=DY, cv==0, nv==0
PrintNuMagParam : name BSND07, param=CSET, cv==0, nv==-1
PrintNuMagParam : name BSSD07, param=ANGLE, cv==0, nv==0
PrintNuMagParam : name BSSD07, param=K0, cv==0, nv==0
PrintNuMagParam : name BSSD07, param=F1, cv==0, nv==0
PrintNuMagParam : name BSSD07, param=DX, cv==0, nv==0
PrintNuMagParam : name BSSD07, param=DY, cv==0, nv==0
PrintNuMagParam : name BSSD07, param=CSET, cv==0, nv==-1
PrintNuMagParam : name MSDX.8, param=ANGLE, cv==.04888884528188256, nv==.04888884528188256
PrintNuMagParam : name MSDX.8, param=K0, cv==0, nv==0
PrintNuMagParam : name MSDX.8, param=K1, cv==-.3617, nv==-.3617
PrintNuMagParam : name MSDX.8, param=K2, cv==0, nv==0
PrintNuMagParam : name MSDX.8, param=K3, cv==0, nv==0
PrintNuMagParam : name MSDX.8, param=SK0, cv==0, nv==0
PrintNuMagParam : name MSDX.8, param=SK1, cv==0, nv==0
PrintNuMagParam : name MSDX.8, param=SK2, cv==0, nv==0
PrintNuMagParam : name MSDX.8, param=SK3, cv==0, nv==0
PrintNuMagParam : name MSDX.8, param=F1, cv==0, nv==0
PrintNuMagParam : name MSDX.8, param=F2, cv==0, nv==0
PrintNuMagParam : name MSDX.8, param=DX, cv==0, nv==0
PrintNuMagParam : name MSDX.8, param=DY, cv==0, nv==0
PrintNuMagParam : name MSDX.8, param=CSET, cv==4356, nv==-1
PrintNuMagParam : name MSFX.8, param=ANGLE, cv==.051681459351456266, nv==.051681459351456266
PrintNuMagParam : name MSFX.8, param=K0, cv==0, nv==0
PrintNuMagParam : name MSFX.8, param=K1, cv==.3617, nv==.3617
PrintNuMagParam : name MSFX.8, param=K2, cv==0, nv==0
PrintNuMagParam : name MSFX.8, param=K3, cv==0, nv==0
PrintNuMagParam : name MSFX.8, param=SK0, cv==0, nv==0
PrintNuMagParam : name MSFX.8, param=SK1, cv==0, nv==0
PrintNuMagParam : name MSFX.8, param=SK2, cv==0, nv==0
PrintNuMagParam : name MSFX.8, param=SK3, cv==0, nv==0
PrintNuMagParam : name MSFX.8, param=F1, cv==0, nv==0
PrintNuMagParam : name MSFX.8, param=F2, cv==0, nv==0
PrintNuMagParam : name MSFX.8, param=DX, cv==0, nv==0
PrintNuMagParam : name MSFX.8, param=DY, cv==0, nv==0
PrintNuMagParam : name MSFX.8, param=CSET, cv==4356, nv==-1
PrintNuMagParam : name BSND08, param=ANGLE, cv==0, nv==0
PrintNuMagParam : name BSND08, param=K0, cv==0, nv==0
PrintNuMagParam : name BSND08, param=F1, cv==0, nv==0
PrintNuMagParam : name BSND08, param=DX, cv==0, nv==0
PrintNuMagParam : name BSND08, param=DY, cv==0, nv==0
PrintNuMagParam : name BSND08, param=CSET, cv==0, nv==-1
PrintNuMagParam : name BSSD08, param=ANGLE, cv==0, nv==0
PrintNuMagParam : name BSSD08, param=K0, cv==0, nv==0
PrintNuMagParam : name BSSD08, param=F1, cv==0, nv==0
PrintNuMagParam : name BSSD08, param=DX, cv==0, nv==0
PrintNuMagParam : name BSSD08, param=DY, cv==0, nv==0
PrintNuMagParam : name BSSD08, param=CSET, cv==0, nv==-1
PrintNuMagParam : name MSDX.9, param=ANGLE, cv==.04888884528188256, nv==.04888884528188256
PrintNuMagParam : name MSDX.9, param=K0, cv==0, nv==0
PrintNuMagParam : name MSDX.9, param=K1, cv==-.3617, nv==-.3617
PrintNuMagParam : name MSDX.9, param=K2, cv==0, nv==0
PrintNuMagParam : name MSDX.9, param=K3, cv==0, nv==0
PrintNuMagParam : name MSDX.9, param=SK0, cv==0, nv==0
PrintNuMagParam : name MSDX.9, param=SK1, cv==0, nv==0
PrintNuMagParam : name MSDX.9, param=SK2, cv==0, nv==0
PrintNuMagParam : name MSDX.9, param=SK3, cv==0, nv==0
PrintNuMagParam : name MSDX.9, param=F1, cv==0, nv==0
PrintNuMagParam : name MSDX.9, param=F2, cv==0, nv==0
PrintNuMagParam : name MSDX.9, param=DX, cv==0, nv==0
PrintNuMagParam : name MSDX.9, param=DY, cv==0, nv==0
PrintNuMagParam : name MSDX.9, param=CSET, cv==4356, nv==-1
PrintNuMagParam : name MSFX.9, param=ANGLE, cv==.051681459351456266, nv==.051681459351456266
PrintNuMagParam : name MSFX.9, param=K0, cv==0, nv==0
PrintNuMagParam : name MSFX.9, param=K1, cv==.3617, nv==.3617
PrintNuMagParam : name MSFX.9, param=K2, cv==0, nv==0
PrintNuMagParam : name MSFX.9, param=K3, cv==0, nv==0
PrintNuMagParam : name MSFX.9, param=SK0, cv==0, nv==0
PrintNuMagParam : name MSFX.9, param=SK1, cv==0, nv==0
PrintNuMagParam : name MSFX.9, param=SK2, cv==0, nv==0
PrintNuMagParam : name MSFX.9, param=SK3, cv==0, nv==0
PrintNuMagParam : name MSFX.9, param=F1, cv==0, nv==0
PrintNuMagParam : name MSFX.9, param=F2, cv==0, nv==0
PrintNuMagParam : name MSFX.9, param=DX, cv==0, nv==0
PrintNuMagParam : name MSFX.9, param=DY, cv==0, nv==0
PrintNuMagParam : name MSFX.9, param=CSET, cv==4356, nv==-1
PrintNuMagParam : name MSDX.10, param=ANGLE, cv==.04888884528188256, nv==.04888884528188256
PrintNuMagParam : name MSDX.10, param=K0, cv==0, nv==0
PrintNuMagParam : name MSDX.10, param=K1, cv==-.3617, nv==-.3617
PrintNuMagParam : name MSDX.10, param=K2, cv==0, nv==0
PrintNuMagParam : name MSDX.10, param=K3, cv==0, nv==0
PrintNuMagParam : name MSDX.10, param=SK0, cv==0, nv==0
PrintNuMagParam : name MSDX.10, param=SK1, cv==0, nv==0
PrintNuMagParam : name MSDX.10, param=SK2, cv==0, nv==0
PrintNuMagParam : name MSDX.10, param=SK3, cv==0, nv==0
PrintNuMagParam : name MSDX.10, param=F1, cv==0, nv==0
PrintNuMagParam : name MSDX.10, param=F2, cv==0, nv==0
PrintNuMagParam : name MSDX.10, param=DX, cv==0, nv==0
PrintNuMagParam : name MSDX.10, param=DY, cv==0, nv==0
PrintNuMagParam : name MSDX.10, param=CSET, cv==4356, nv==-1
PrintNuMagParam : name MSFX.10, param=ANGLE, cv==.051681459351456266, nv==.051681459351456266
PrintNuMagParam : name MSFX.10, param=K0, cv==0, nv==0
PrintNuMagParam : name MSFX.10, param=K1, cv==.3617, nv==.3617
PrintNuMagParam : name MSFX.10, param=K2, cv==0, nv==0
PrintNuMagParam : name MSFX.10, param=K3, cv==0, nv==0
PrintNuMagParam : name MSFX.10, param=SK0, cv==0, nv==0
PrintNuMagParam : name MSFX.10, param=SK1, cv==0, nv==0
PrintNuMagParam : name MSFX.10, param=SK2, cv==0, nv==0
PrintNuMagParam : name MSFX.10, param=SK3, cv==0, nv==0
PrintNuMagParam : name MSFX.10, param=F1, cv==0, nv==0
PrintNuMagParam : name MSFX.10, param=F2, cv==0, nv==0
PrintNuMagParam : name MSFX.10, param=DX, cv==0, nv==0
PrintNuMagParam : name MSFX.10, param=DY, cv==0, nv==0
PrintNuMagParam : name MSFX.10, param=CSET, cv==4356, nv==-1
PrintNuMagParam : name MSDX.11, param=ANGLE, cv==.04888884528188256, nv==.04888884528188256
PrintNuMagParam : name MSDX.11, param=K0, cv==0, nv==0
PrintNuMagParam : name MSDX.11, param=K1, cv==-.3617, nv==-.3617
PrintNuMagParam : name MSDX.11, param=K2, cv==0, nv==0
PrintNuMagParam : name MSDX.11, param=K3, cv==0, nv==0
PrintNuMagParam : name MSDX.11, param=SK0, cv==0, nv==0
PrintNuMagParam : name MSDX.11, param=SK1, cv==0, nv==0
PrintNuMagParam : name MSDX.11, param=SK2, cv==0, nv==0
PrintNuMagParam : name MSDX.11, param=SK3, cv==0, nv==0
PrintNuMagParam : name MSDX.11, param=F1, cv==0, nv==0
PrintNuMagParam : name MSDX.11, param=F2, cv==0, nv==0
PrintNuMagParam : name MSDX.11, param=DX, cv==0, nv==0
PrintNuMagParam : name MSDX.11, param=DY, cv==0, nv==0
PrintNuMagParam : name MSDX.11, param=CSET, cv==4356, nv==-1
PrintNuMagParam : name MSFX.11, param=ANGLE, cv==.051681459351456266, nv==.051681459351456266
PrintNuMagParam : name MSFX.11, param=K0, cv==0, nv==0
PrintNuMagParam : name MSFX.11, param=K1, cv==.3617, nv==.3617
PrintNuMagParam : name MSFX.11, param=K2, cv==0, nv==0
PrintNuMagParam : name MSFX.11, param=K3, cv==0, nv==0
PrintNuMagParam : name MSFX.11, param=SK0, cv==0, nv==0
PrintNuMagParam : name MSFX.11, param=SK1, cv==0, nv==0
PrintNuMagParam : name MSFX.11, param=SK2, cv==0, nv==0
PrintNuMagParam : name MSFX.11, param=SK3, cv==0, nv==0
PrintNuMagParam : name MSFX.11, param=F1, cv==0, nv==0
PrintNuMagParam : name MSFX.11, param=F2, cv==0, nv==0
PrintNuMagParam : name MSFX.11, param=DX, cv==0, nv==0
PrintNuMagParam : name MSFX.11, param=DY, cv==0, nv==0
PrintNuMagParam : name MSFX.11, param=CSET, cv==4356, nv==-1
PrintNuMagParam : name MSDX.12, param=ANGLE, cv==.04888884528188256, nv==.04888884528188256
PrintNuMagParam : name MSDX.12, param=K0, cv==0, nv==0
PrintNuMagParam : name MSDX.12, param=K1, cv==-.3617, nv==-.3617
PrintNuMagParam : name MSDX.12, param=K2, cv==0, nv==0
PrintNuMagParam : name MSDX.12, param=K3, cv==0, nv==0
PrintNuMagParam : name MSDX.12, param=SK0, cv==0, nv==0
PrintNuMagParam : name MSDX.12, param=SK1, cv==0, nv==0
PrintNuMagParam : name MSDX.12, param=SK2, cv==0, nv==0
PrintNuMagParam : name MSDX.12, param=SK3, cv==0, nv==0
PrintNuMagParam : name MSDX.12, param=F1, cv==0, nv==0
PrintNuMagParam : name MSDX.12, param=F2, cv==0, nv==0
PrintNuMagParam : name MSDX.12, param=DX, cv==0, nv==0
PrintNuMagParam : name MSDX.12, param=DY, cv==0, nv==0
PrintNuMagParam : name MSDX.12, param=CSET, cv==4356, nv==-1
PrintNuMagParam : name MSFX.12, param=ANGLE, cv==.051681459351456266, nv==.051681459351456266
PrintNuMagParam : name MSFX.12, param=K0, cv==0, nv==0
PrintNuMagParam : name MSFX.12, param=K1, cv==.3617, nv==.3617
PrintNuMagParam : name MSFX.12, param=K2, cv==0, nv==0
PrintNuMagParam : name MSFX.12, param=K3, cv==0, nv==0
PrintNuMagParam : name MSFX.12, param=SK0, cv==0, nv==0
PrintNuMagParam : name MSFX.12, param=SK1, cv==0, nv==0
PrintNuMagParam : name MSFX.12, param=SK2, cv==0, nv==0
PrintNuMagParam : name MSFX.12, param=SK3, cv==0, nv==0
PrintNuMagParam : name MSFX.12, param=F1, cv==0, nv==0
PrintNuMagParam : name MSFX.12, param=F2, cv==0, nv==0
PrintNuMagParam : name MSFX.12, param=DX, cv==0, nv==0
PrintNuMagParam : name MSFX.12, param=DY, cv==0, nv==0
PrintNuMagParam : name MSFX.12, param=CSET, cv==4356, nv==-1
PrintNuMagParam : name MSDX.13, param=ANGLE, cv==.04888884528188256, nv==.04888884528188256
PrintNuMagParam : name MSDX.13, param=K0, cv==0, nv==0
PrintNuMagParam : name MSDX.13, param=K1, cv==-.3617, nv==-.3617
PrintNuMagParam : name MSDX.13, param=K2, cv==0, nv==0
PrintNuMagParam : name MSDX.13, param=K3, cv==0, nv==0
PrintNuMagParam : name MSDX.13, param=SK0, cv==0, nv==0
PrintNuMagParam : name MSDX.13, param=SK1, cv==0, nv==0
PrintNuMagParam : name MSDX.13, param=SK2, cv==0, nv==0
PrintNuMagParam : name MSDX.13, param=SK3, cv==0, nv==0
PrintNuMagParam : name MSDX.13, param=F1, cv==0, nv==0
PrintNuMagParam : name MSDX.13, param=F2, cv==0, nv==0
PrintNuMagParam : name MSDX.13, param=DX, cv==0, nv==0
PrintNuMagParam : name MSDX.13, param=DY, cv==0, nv==0
PrintNuMagParam : name MSDX.13, param=CSET, cv==4356, nv==-1
PrintNuMagParam : name MSFX.13, param=ANGLE, cv==.051681459351456266, nv==.051681459351456266
PrintNuMagParam : name MSFX.13, param=K0, cv==0, nv==0
PrintNuMagParam : name MSFX.13, param=K1, cv==.3617, nv==.3617
PrintNuMagParam : name MSFX.13, param=K2, cv==0, nv==0
PrintNuMagParam : name MSFX.13, param=K3, cv==0, nv==0
PrintNuMagParam : name MSFX.13, param=SK0, cv==0, nv==0
PrintNuMagParam : name MSFX.13, param=SK1, cv==0, nv==0
PrintNuMagParam : name MSFX.13, param=SK2, cv==0, nv==0
PrintNuMagParam : name MSFX.13, param=SK3, cv==0, nv==0
PrintNuMagParam : name MSFX.13, param=F1, cv==0, nv==0
PrintNuMagParam : name MSFX.13, param=F2, cv==0, nv==0
PrintNuMagParam : name MSFX.13, param=DX, cv==0, nv==0
PrintNuMagParam : name MSFX.13, param=DY, cv==0, nv==0
PrintNuMagParam : name MSFX.13, param=CSET, cv==4356, nv==-1
PrintNuMagParam : name MSDX.14, param=ANGLE, cv==.04888884528188256, nv==.04888884528188256
PrintNuMagParam : name MSDX.14, param=K0, cv==0, nv==0
PrintNuMagParam : name MSDX.14, param=K1, cv==-.3617, nv==-.3617
PrintNuMagParam : name MSDX.14, param=K2, cv==0, nv==0
PrintNuMagParam : name MSDX.14, param=K3, cv==0, nv==0
PrintNuMagParam : name MSDX.14, param=SK0, cv==0, nv==0
PrintNuMagParam : name MSDX.14, param=SK1, cv==0, nv==0
PrintNuMagParam : name MSDX.14, param=SK2, cv==0, nv==0
PrintNuMagParam : name MSDX.14, param=SK3, cv==0, nv==0
PrintNuMagParam : name MSDX.14, param=F1, cv==0, nv==0
PrintNuMagParam : name MSDX.14, param=F2, cv==0, nv==0
PrintNuMagParam : name MSDX.14, param=DX, cv==0, nv==0
PrintNuMagParam : name MSDX.14, param=DY, cv==0, nv==0
PrintNuMagParam : name MSDX.14, param=CSET, cv==4356, nv==-1
PrintNuMagParam : name MSFX.14, param=ANGLE, cv==.051681459351456266, nv==.051681459351456266
PrintNuMagParam : name MSFX.14, param=K0, cv==0, nv==0
PrintNuMagParam : name MSFX.14, param=K1, cv==.3617, nv==.3617
PrintNuMagParam : name MSFX.14, param=K2, cv==0, nv==0
PrintNuMagParam : name MSFX.14, param=K3, cv==0, nv==0
PrintNuMagParam : name MSFX.14, param=SK0, cv==0, nv==0
PrintNuMagParam : name MSFX.14, param=SK1, cv==0, nv==0
PrintNuMagParam : name MSFX.14, param=SK2, cv==0, nv==0
PrintNuMagParam : name MSFX.14, param=SK3, cv==0, nv==0
PrintNuMagParam : name MSFX.14, param=F1, cv==0, nv==0
PrintNuMagParam : name MSFX.14, param=F2, cv==0, nv==0
PrintNuMagParam : name MSFX.14, param=DX, cv==0, nv==0
PrintNuMagParam : name MSFX.14, param=DY, cv==0, nv==0
PrintNuMagParam : name MSFX.14, param=CSET, cv==4356, nv==-1
PrintNuMagParam : name QFQ1, param=K1, cv==-.141148549143213, nv==-.141148549143213
PrintNuMagParam : name QFQ1, param=F1, cv==0, nv==0
PrintNuMagParam : name QFQ1, param=F2, cv==0, nv==0
PrintNuMagParam : name QFQ1, param=DX, cv==-9.1380231e-05, nv==-9.1380231e-05
PrintNuMagParam : name QFQ1, param=DY, cv==-.000676, nv==-.000676
PrintNuMagParam : name QFQ1, param=CSET, cv==343.2, nv==-1
PrintNuMagParam : name BFV1, param=ANGLE, cv==0, nv==0
PrintNuMagParam : name BFV1, param=K0, cv==-.000169470364289952, nv==5.039987644033264e-05
PrintNuMagParam : name BFV1, param=F1, cv==0, nv==0
PrintNuMagParam : name BFV1, param=DX, cv==0, nv==0
PrintNuMagParam : name BFV1, param=DY, cv==0, nv==0
PrintNuMagParam : name BFV1, param=CSET, cv==-54.2, nv==-1
PrintNuMagParam : name BFH1, param=ANGLE, cv==.0013288237573582267, nv==.0013288237573582267
PrintNuMagParam : name BFH1, param=K0, cv==.00012795879914270162, nv==.00010580780151174815
PrintNuMagParam : name BFH1, param=F1, cv==0, nv==0
PrintNuMagParam : name BFH1, param=DX, cv==0, nv==0
PrintNuMagParam : name BFH1, param=DY, cv==0, nv==0
PrintNuMagParam : name BFH1, param=CSET, cv==-123.7, nv==-1
PrintNuMagParam : name BFV2, param=ANGLE, cv==0, nv==0
PrintNuMagParam : name BFV2, param=K0, cv==-7.433534369637915e-05, nv==6.271424654836022e-05
PrintNuMagParam : name BFV2, param=F1, cv==0, nv==0
PrintNuMagParam : name BFV2, param=DX, cv==0, nv==0
PrintNuMagParam : name BFV2, param=DY, cv==0, nv==0
PrintNuMagParam : name BFV2, param=CSET, cv==49.5, nv==-1
PrintNuMagParam : name QFQ2, param=K1, cv==.13517828224016576, nv==.13517828224016576
PrintNuMagParam : name QFQ2, param=F1, cv==0, nv==0
PrintNuMagParam : name QFQ2, param=F2, cv==0, nv==0
PrintNuMagParam : name QFQ2, param=DX, cv==6.4609412e-05, nv==6.4609412e-05
PrintNuMagParam : name QFQ2, param=DY, cv==-.00441, nv==-.00441
PrintNuMagParam : name QFQ2, param=CSET, cv==326.7, nv==-1
PrintNuMagParam : name QFQ3, param=K1, cv==-.11158367640294606, nv==-.11158367640294606
PrintNuMagParam : name QFQ3, param=F1, cv==0, nv==0
PrintNuMagParam : name QFQ3, param=F2, cv==0, nv==0
PrintNuMagParam : name QFQ3, param=DX, cv==.000156809582, nv==.000156809582
PrintNuMagParam : name QFQ3, param=DY, cv==-.005009, nv==-.005009
PrintNuMagParam : name QFQ3, param=CSET, cv==271.4, nv==-1
PrintNuMagParam : name BFH2, param=ANGLE, cv==0, nv==0
PrintNuMagParam : name BFH2, param=K0, cv==9.584395486586004e-05, nv==7.82966805186944e-05
PrintNuMagParam : name BFH2, param=F1, cv==0, nv==0
PrintNuMagParam : name BFH2, param=DX, cv==0, nv==0
PrintNuMagParam : name BFH2, param=DY, cv==0, nv==0
PrintNuMagParam : name BFH2, param=CSET, cv==.8, nv==-1
PrintNuMagParam : name BFVD1, param=ANGLE, cv==-.023736477827122886, nv==-.023736477827122886
PrintNuMagParam : name BFVD1, param=K0, cv==3.8550249887143215e-06, nv==8.580333877169168e-05
PrintNuMagParam : name BFVD1, param=F1, cv==0, nv==0
PrintNuMagParam : name BFVD1, param=DX, cv==0, nv==0
PrintNuMagParam : name BFVD1, param=DY, cv==0, nv==0
PrintNuMagParam : name BFVD1, param=CSET, cv==1159.5, nv==-1
PrintNuMagParam : name QFQ4, param=K1, cv==.05129028702435896, nv==.05129028702435896
PrintNuMagParam : name QFQ4, param=F1, cv==0, nv==0
PrintNuMagParam : name QFQ4, param=F2, cv==0, nv==0
PrintNuMagParam : name QFQ4, param=DX, cv==.000389638756, nv==.000389638756
PrintNuMagParam : name QFQ4, param=DY, cv==-.001692, nv==-.001692
PrintNuMagParam : name QFQ4, param=CSET, cv==209.7, nv==-1
PrintNuMagParam : name BFVD2, param=ANGLE, cv==-.03974114706791088, nv==-.03974114706791088
PrintNuMagParam : name BFVD2, param=K0, cv==2.7206876484099683e-06, nv==4.0686969369187e-05
PrintNuMagParam : name BFVD2, param=F1, cv==0, nv==0
PrintNuMagParam : name BFVD2, param=DX, cv==0, nv==0
PrintNuMagParam : name BFVD2, param=DY, cv==0, nv==0
PrintNuMagParam : name BFVD2, param=CSET, cv==1538.9, nv==-1
 Map[StoreNuMagParamIn,  NuMagList]; ! store results into NuMagParamIn
 
 
 
 
 !!! Optics fit w/ SSEM,OTR
 Print["*** M006 Optics fit with SSEM,OTR ***"];
*** M006 Optics fit with SSEM,OTR ***
 FFS["USE ALL"];
  *** expln *** ALL is re-expanded again
 Design orbit length =   242.02495359999998     
 FFS["trpt calc"];
 FFS["calc"];
 FFS["save"];
 
 
 
 Print["***** BeamSizX in WidthFit *****"];
***** BeamSizX in WidthFit *****
 Print[MapThread[BeamSizX,{lname,vwx}]];
???General::wrongtype:  Argument must be name of component in Twiss["BX",]
???General::wrongtype:  Argument must be name of component in Twiss["EX",]
{-.36189089687514553,.5706058298989491,.016686837569277913,-1.4993752218494736,-1.389740804221716,-1.5089355664819264,
 -.9839333503252414,-.7963141001772347,-.503987929294293,
 ((-)+(1000 (Sqrt[(2.3452150524022574e-07 Twiss["BX",])]+(.0002 Abs[Twiss["EX",]]))))}
 Print["***** BeamSizY in WidthFit *****"];
***** BeamSizY in WidthFit *****
 Print[MapThread[BeamSizY,{lname,vwy}]];
???General::wrongtype:  Argument must be name of component in Twiss["BY",]
???General::wrongtype:  Argument must be name of component in Twiss["EY",]
{-.07029301475117045,.1267476593563419,1.4221795859711563,.4251372894879577,.08797217316557426,-.2848617634922681,
 .20627209918942135,.44053624214715503,.38585337223889504,
 ((-)+(1000 (Sqrt[(2.6132081766365366e-07 Twiss["BY",])]+(.0002 Abs[Twiss["EY",]]))))}
 FitFunction:= Join[MapThread[BeamSizX,{lname,vwx}], MapThread[BeamSizY,{lname,vwy}]];
 
 !!
 If[FitMagK1Flag["PQ1"]<>0, FFS["free QPQ1 K1"];Print["free QPQ1 K1"]];
free QPQ1 K1
 If[FitMagK1Flag["PQ2"]<>0, FFS["free QPQ2 K1"];Print["free QPQ2 K1"]];
free QPQ2 K1
 If[FitMagK1Flag["PQ3"]<>0, FFS["free QPQ3 K1"];Print["free QPQ3 K1"]];
free QPQ3 K1
 If[FitMagK1Flag["PQ4"]<>0, FFS["free QPQ4 K1"];Print["free QPQ4 K1"]];
free QPQ4 K1
 If[FitMagK1Flag["PQ5"]<>0, FFS["free QPQ5 K1"];Print["free QPQ5 K1"]];
free QPQ5 K1
 
 If[FitMagK1Flag["SDX"]<>0||FitMagK1Flag["SFX"]<>0,
    FFS["COUPLE MSFX MSDX -1.0"];  FFS["free MSDX K1"];
    Print["COUPLE MSFX MSDX -1.0"];Print["free MSDX K1"]];
COUPLE MSFX MSDX -1.0
free MSDX K1
 
 
 If[FitMagK1Flag["FQ1"]<>0, FFS["free QFQ1 K1"];Print["free QFQ1 K1"]];
free QFQ1 K1
 If[FitMagK1Flag["FQ2"]<>0, FFS["free QFQ2 K1"];Print["free QFQ2 K1"]];
free QFQ2 K1
 If[FitMagK1Flag["FQ3"]<>0, FFS["free QFQ3 K1"];Print["free QFQ3 K1"]];
free QFQ3 K1
 If[FitMagK1Flag["FQ4"]<>0, FFS["free QFQ4 K1"];Print["free QFQ4 K1"]];
free QFQ4 K1
 
 
 Print[K1fitmaglist];
{"QPQ1","QPQ2","QPQ3","QPQ4","QPQ5","MSDX","MSFX","QFQ1","QFQ2","QFQ3","QFQ4"}
 Do[name=K1fitmaglist[[i]]; cset=NuMagDataEPICS[name,"SET"];
    If[cset<>0.0,
      K1fromI[name] = NuGetCurrent2K1[name,cset];
      tmpk1 = K1fromI[name];
      Print["name="//name//" cset="//cset//"A  k1="//tmpk1];
 
      If[tmpk1<>0.0,
 	FFS[name//" K1 "// tmpk1]; Print[name//" K1 "// tmpk1];
 	If[tmpk1>0,
            mink1=0.75*tmpk1;
            maxk1=1.25*tmpk1;,
            mink1=1.25*tmpk1;
            maxk1=0.75*tmpk1;];
 	FFS[name//" max "//maxk1//" min "//mink1]; Print[name//" max "//maxk1//" min "//mink1];
      ]
    ]
 ,{i,Length[K1fitmaglist]}];
name=QPQ1 cset=520A  k1=.16963359863372682
QPQ1 K1 .16963359863372682
QPQ1 max .21204199829215853 min .1272251989752951
name=QPQ2 cset=485A  k1=-.1893406326292461
QPQ2 K1 -.1893406326292461
QPQ2 max -.14200547447193457 min -.23667579078655765
name=QPQ3 cset=408A  k1=.10127042973288974
QPQ3 K1 .10127042973288974
QPQ3 max .12658803716611217 min .07595282229966731
name=QPQ4 cset=354A  k1=-.17741030884052192
QPQ4 K1 -.17741030884052192
QPQ4 max -.13305773163039145 min -.2217628860506524
name=QPQ5 cset=423A  k1=.17396064856796464
QPQ5 K1 .17396064856796464
QPQ5 max .2174508107099558 min .13047048642597348
name=QFQ1 cset=343.2A  k1=-.141148549143213
QFQ1 K1 -.141148549143213
QFQ1 max -.10586141185740976 min -.17643568642901625
name=QFQ2 cset=326.7A  k1=.13517828224016576
QFQ2 K1 .13517828224016576
QFQ2 max .16897285280020719 min .10138371168012432
name=QFQ3 cset=271.4A  k1=-.11158367640294606
QFQ3 K1 -.11158367640294606
QFQ3 max -.08368775730220954 min -.13947959550368258
name=QFQ4 cset=209.7A  k1=.05129028702435896
QFQ4 K1 .05129028702435896
QFQ4 max .0641128587804487 min .038467715268269226
 
 
 FFS["go"];
 FFS["save"];
 
 !! result
 Print["*** RESULT 4 ***"];
*** RESULT 4 ***
 Map[PrintNuMagParamIn,  NuMagList];
PrintNuMagParam : name BPV1, param=ANGLE, cv==0, nv==0
PrintNuMagParam : name BPV1, param=K0, cv==0, nv==0
PrintNuMagParam : name BPV1, param=F1, cv==0, nv==0
PrintNuMagParam : name BPV1, param=DX, cv==0, nv==0
PrintNuMagParam : name BPV1, param=DY, cv==0, nv==0
PrintNuMagParam : name BPV1, param=CSET, cv==0, nv==-1
PrintNuMagParam : name BPH2, param=ANGLE, cv==0, nv==0
PrintNuMagParam : name BPH2, param=K0, cv==-2.6842324392634023e-05, nv==-2.6842324392634023e-05
PrintNuMagParam : name BPH2, param=F1, cv==0, nv==0
PrintNuMagParam : name BPH2, param=DX, cv==0, nv==0
PrintNuMagParam : name BPH2, param=DY, cv==0, nv==0
PrintNuMagParam : name BPH2, param=CSET, cv==-15, nv==-1
PrintNuMagParam : name QPQ1, param=K1, cv==.16963359863372682, nv==.16963359863372682
PrintNuMagParam : name QPQ1, param=F1, cv==0, nv==0
PrintNuMagParam : name QPQ1, param=F2, cv==0, nv==0
PrintNuMagParam : name QPQ1, param=DX, cv==-.000155743626, nv==-.000155743626
PrintNuMagParam : name QPQ1, param=DY, cv==.0003995, nv==.0003995
PrintNuMagParam : name QPQ1, param=CSET, cv==520, nv==-1
PrintNuMagParam : name QPQ2, param=K1, cv==-.1893406326292461, nv==-.1893406326292461
PrintNuMagParam : name QPQ2, param=F1, cv==0, nv==0
PrintNuMagParam : name QPQ2, param=F2, cv==0, nv==0
PrintNuMagParam : name QPQ2, param=DX, cv==-.000123459866, nv==-.000123459866
PrintNuMagParam : name QPQ2, param=DY, cv==.000392, nv==.000392
PrintNuMagParam : name QPQ2, param=CSET, cv==485, nv==-1
PrintNuMagParam : name BPD1, param=ANGLE, cv==.03354700607884197, nv==.03354700607884197
PrintNuMagParam : name BPD1, param=K0, cv==.00013881020906842529, nv==.00013881020906842529
PrintNuMagParam : name BPD1, param=F1, cv==0, nv==0
PrintNuMagParam : name BPD1, param=DX, cv==0, nv==0
PrintNuMagParam : name BPD1, param=DY, cv==0, nv==0
PrintNuMagParam : name BPD1, param=CSET, cv==1140, nv==-1
PrintNuMagParam : name BPD2, param=ANGLE, cv==.03316548691321012, nv==.03316548691321012
PrintNuMagParam : name BPD2, param=K0, cv==-6.934975503549379e-05, nv==-6.934975503549379e-05
PrintNuMagParam : name BPD2, param=F1, cv==0, nv==0
PrintNuMagParam : name BPD2, param=DX, cv==0, nv==0
PrintNuMagParam : name BPD2, param=DY, cv==0, nv==0
PrintNuMagParam : name BPD2, param=CSET, cv==1191, nv==-1
PrintNuMagParam : name QPQ3, param=K1, cv==.10127042973288974, nv==.10127042973288974
PrintNuMagParam : name QPQ3, param=F1, cv==0, nv==0
PrintNuMagParam : name QPQ3, param=F2, cv==0, nv==0
PrintNuMagParam : name QPQ3, param=DX, cv==.000330152577, nv==.000330152577
PrintNuMagParam : name QPQ3, param=DY, cv==-.0003095, nv==-.0003095
PrintNuMagParam : name QPQ3, param=CSET, cv==408, nv==-1
PrintNuMagParam : name BPV2, param=ANGLE, cv==0, nv==0
PrintNuMagParam : name BPV2, param=K0, cv==.00011105980323456813, nv==.00011105980323456813
PrintNuMagParam : name BPV2, param=F1, cv==0, nv==0
PrintNuMagParam : name BPV2, param=DX, cv==0, nv==0
PrintNuMagParam : name BPV2, param=DY, cv==0, nv==0
PrintNuMagParam : name BPV2, param=CSET, cv==15, nv==-1
PrintNuMagParam : name QPQ4, param=K1, cv==-.17741030884052192, nv==-.17741030884052192
PrintNuMagParam : name QPQ4, param=F1, cv==0, nv==0
PrintNuMagParam : name QPQ4, param=F2, cv==0, nv==0
PrintNuMagParam : name QPQ4, param=DX, cv==-.000317780416, nv==-.000317780416
PrintNuMagParam : name QPQ4, param=DY, cv==.000125, nv==.000125
PrintNuMagParam : name QPQ4, param=CSET, cv==354, nv==-1
PrintNuMagParam : name BPH3, param=ANGLE, cv==0, nv==0
PrintNuMagParam : name BPH3, param=K0, cv==-1.5256335120800778e-05, nv==-1.5256335120800778e-05
PrintNuMagParam : name BPH3, param=F1, cv==0, nv==0
PrintNuMagParam : name BPH3, param=DX, cv==0, nv==0
PrintNuMagParam : name BPH3, param=DY, cv==0, nv==0
PrintNuMagParam : name BPH3, param=CSET, cv==-13, nv==-1
PrintNuMagParam : name QPQ5, param=K1, cv==.17396064856796464, nv==.17396064856796464
PrintNuMagParam : name QPQ5, param=F1, cv==0, nv==0
PrintNuMagParam : name QPQ5, param=F2, cv==0, nv==0
PrintNuMagParam : name QPQ5, param=DX, cv==.000123888269, nv==.000123888269
PrintNuMagParam : name QPQ5, param=DY, cv==-.0001135, nv==-.0001135
PrintNuMagParam : name QPQ5, param=CSET, cv==423, nv==-1
PrintNuMagParam : name MSDX, param=ANGLE, cv==.04888884528188256, nv==.04888884528188256
PrintNuMagParam : name MSDX, param=K0, cv==0, nv==0
PrintNuMagParam : name MSDX, param=K1, cv==-.3617, nv==-.3617
PrintNuMagParam : name MSDX, param=K2, cv==0, nv==0
PrintNuMagParam : name MSDX, param=K3, cv==0, nv==0
PrintNuMagParam : name MSDX, param=SK0, cv==0, nv==0
PrintNuMagParam : name MSDX, param=SK1, cv==0, nv==0
PrintNuMagParam : name MSDX, param=SK2, cv==0, nv==0
PrintNuMagParam : name MSDX, param=SK3, cv==0, nv==0
PrintNuMagParam : name MSDX, param=F1, cv==0, nv==0
PrintNuMagParam : name MSDX, param=F2, cv==0, nv==0
PrintNuMagParam : name MSDX, param=DX, cv==0, nv==0
PrintNuMagParam : name MSDX, param=DY, cv==0, nv==0
PrintNuMagParam : name MSDX.1, param=ANGLE, cv==.04888884528188256, nv==.04888884528188256
PrintNuMagParam : name MSDX.1, param=K0, cv==0, nv==0
PrintNuMagParam : name MSDX.1, param=K1, cv==-.3617, nv==-.3617
PrintNuMagParam : name MSDX.1, param=K2, cv==0, nv==0
PrintNuMagParam : name MSDX.1, param=K3, cv==0, nv==0
PrintNuMagParam : name MSDX.1, param=SK0, cv==0, nv==0
PrintNuMagParam : name MSDX.1, param=SK1, cv==0, nv==0
PrintNuMagParam : name MSDX.1, param=SK2, cv==0, nv==0
PrintNuMagParam : name MSDX.1, param=SK3, cv==0, nv==0
PrintNuMagParam : name MSDX.1, param=F1, cv==0, nv==0
PrintNuMagParam : name MSDX.1, param=F2, cv==0, nv==0
PrintNuMagParam : name MSDX.1, param=DX, cv==0, nv==0
PrintNuMagParam : name MSDX.1, param=DY, cv==0, nv==0
PrintNuMagParam : name MSDX.1, param=CSET, cv==4356, nv==-1
PrintNuMagParam : name MSFX, param=ANGLE, cv==.051681459351456266, nv==.051681459351456266
PrintNuMagParam : name MSFX, param=K0, cv==0, nv==0
PrintNuMagParam : name MSFX, param=K1, cv==.3617, nv==.3617
PrintNuMagParam : name MSFX, param=K2, cv==0, nv==0
PrintNuMagParam : name MSFX, param=K3, cv==0, nv==0
PrintNuMagParam : name MSFX, param=SK0, cv==0, nv==0
PrintNuMagParam : name MSFX, param=SK1, cv==0, nv==0
PrintNuMagParam : name MSFX, param=SK2, cv==0, nv==0
PrintNuMagParam : name MSFX, param=SK3, cv==0, nv==0
PrintNuMagParam : name MSFX, param=F1, cv==0, nv==0
PrintNuMagParam : name MSFX, param=F2, cv==0, nv==0
PrintNuMagParam : name MSFX, param=DX, cv==0, nv==0
PrintNuMagParam : name MSFX, param=DY, cv==0, nv==0
PrintNuMagParam : name MSFX.1, param=ANGLE, cv==.051681459351456266, nv==.051681459351456266
PrintNuMagParam : name MSFX.1, param=K0, cv==0, nv==0
PrintNuMagParam : name MSFX.1, param=K1, cv==.3617, nv==.3617
PrintNuMagParam : name MSFX.1, param=K2, cv==0, nv==0
PrintNuMagParam : name MSFX.1, param=K3, cv==0, nv==0
PrintNuMagParam : name MSFX.1, param=SK0, cv==0, nv==0
PrintNuMagParam : name MSFX.1, param=SK1, cv==0, nv==0
PrintNuMagParam : name MSFX.1, param=SK2, cv==0, nv==0
PrintNuMagParam : name MSFX.1, param=SK3, cv==0, nv==0
PrintNuMagParam : name MSFX.1, param=F1, cv==0, nv==0
PrintNuMagParam : name MSFX.1, param=F2, cv==0, nv==0
PrintNuMagParam : name MSFX.1, param=DX, cv==0, nv==0
PrintNuMagParam : name MSFX.1, param=DY, cv==0, nv==0
PrintNuMagParam : name MSFX.1, param=CSET, cv==4356, nv==-1
PrintNuMagParam : name MSDX.2, param=ANGLE, cv==.04888884528188256, nv==.04888884528188256
PrintNuMagParam : name MSDX.2, param=K0, cv==0, nv==0
PrintNuMagParam : name MSDX.2, param=K1, cv==-.3617, nv==-.3617
PrintNuMagParam : name MSDX.2, param=K2, cv==0, nv==0
PrintNuMagParam : name MSDX.2, param=K3, cv==0, nv==0
PrintNuMagParam : name MSDX.2, param=SK0, cv==0, nv==0
PrintNuMagParam : name MSDX.2, param=SK1, cv==0, nv==0
PrintNuMagParam : name MSDX.2, param=SK2, cv==0, nv==0
PrintNuMagParam : name MSDX.2, param=SK3, cv==0, nv==0
PrintNuMagParam : name MSDX.2, param=F1, cv==0, nv==0
PrintNuMagParam : name MSDX.2, param=F2, cv==0, nv==0
PrintNuMagParam : name MSDX.2, param=DX, cv==0, nv==0
PrintNuMagParam : name MSDX.2, param=DY, cv==0, nv==0
PrintNuMagParam : name MSDX.2, param=CSET, cv==4356, nv==-1
PrintNuMagParam : name MSFX.2, param=ANGLE, cv==.051681459351456266, nv==.051681459351456266
PrintNuMagParam : name MSFX.2, param=K0, cv==0, nv==0
PrintNuMagParam : name MSFX.2, param=K1, cv==.3617, nv==.3617
PrintNuMagParam : name MSFX.2, param=K2, cv==0, nv==0
PrintNuMagParam : name MSFX.2, param=K3, cv==0, nv==0
PrintNuMagParam : name MSFX.2, param=SK0, cv==0, nv==0
PrintNuMagParam : name MSFX.2, param=SK1, cv==0, nv==0
PrintNuMagParam : name MSFX.2, param=SK2, cv==0, nv==0
PrintNuMagParam : name MSFX.2, param=SK3, cv==0, nv==0
PrintNuMagParam : name MSFX.2, param=F1, cv==0, nv==0
PrintNuMagParam : name MSFX.2, param=F2, cv==0, nv==0
PrintNuMagParam : name MSFX.2, param=DX, cv==0, nv==0
PrintNuMagParam : name MSFX.2, param=DY, cv==0, nv==0
PrintNuMagParam : name MSFX.2, param=CSET, cv==4356, nv==-1
PrintNuMagParam : name MSDX.3, param=ANGLE, cv==.04888884528188256, nv==.04888884528188256
PrintNuMagParam : name MSDX.3, param=K0, cv==0, nv==0
PrintNuMagParam : name MSDX.3, param=K1, cv==-.3617, nv==-.3617
PrintNuMagParam : name MSDX.3, param=K2, cv==0, nv==0
PrintNuMagParam : name MSDX.3, param=K3, cv==0, nv==0
PrintNuMagParam : name MSDX.3, param=SK0, cv==0, nv==0
PrintNuMagParam : name MSDX.3, param=SK1, cv==0, nv==0
PrintNuMagParam : name MSDX.3, param=SK2, cv==0, nv==0
PrintNuMagParam : name MSDX.3, param=SK3, cv==0, nv==0
PrintNuMagParam : name MSDX.3, param=F1, cv==0, nv==0
PrintNuMagParam : name MSDX.3, param=F2, cv==0, nv==0
PrintNuMagParam : name MSDX.3, param=DX, cv==0, nv==0
PrintNuMagParam : name MSDX.3, param=DY, cv==0, nv==0
PrintNuMagParam : name MSDX.3, param=CSET, cv==4356, nv==-1
PrintNuMagParam : name MSFX.3, param=ANGLE, cv==.051681459351456266, nv==.051681459351456266
PrintNuMagParam : name MSFX.3, param=K0, cv==0, nv==0
PrintNuMagParam : name MSFX.3, param=K1, cv==.3617, nv==.3617
PrintNuMagParam : name MSFX.3, param=K2, cv==0, nv==0
PrintNuMagParam : name MSFX.3, param=K3, cv==0, nv==0
PrintNuMagParam : name MSFX.3, param=SK0, cv==0, nv==0
PrintNuMagParam : name MSFX.3, param=SK1, cv==0, nv==0
PrintNuMagParam : name MSFX.3, param=SK2, cv==0, nv==0
PrintNuMagParam : name MSFX.3, param=SK3, cv==0, nv==0
PrintNuMagParam : name MSFX.3, param=F1, cv==0, nv==0
PrintNuMagParam : name MSFX.3, param=F2, cv==0, nv==0
PrintNuMagParam : name MSFX.3, param=DX, cv==0, nv==0
PrintNuMagParam : name MSFX.3, param=DY, cv==0, nv==0
PrintNuMagParam : name MSFX.3, param=CSET, cv==4356, nv==-1
PrintNuMagParam : name BSND03, param=ANGLE, cv==0, nv==0
PrintNuMagParam : name BSND03, param=K0, cv==0, nv==0
PrintNuMagParam : name BSND03, param=F1, cv==0, nv==0
PrintNuMagParam : name BSND03, param=DX, cv==0, nv==0
PrintNuMagParam : name BSND03, param=DY, cv==0, nv==0
PrintNuMagParam : name BSND03, param=CSET, cv==0, nv==-1
PrintNuMagParam : name BSSD03, param=ANGLE, cv==0, nv==0
PrintNuMagParam : name BSSD03, param=K0, cv==0, nv==0
PrintNuMagParam : name BSSD03, param=F1, cv==0, nv==0
PrintNuMagParam : name BSSD03, param=DX, cv==0, nv==0
PrintNuMagParam : name BSSD03, param=DY, cv==0, nv==0
PrintNuMagParam : name BSSD03, param=CSET, cv==0, nv==-1
PrintNuMagParam : name MSDX.4, param=ANGLE, cv==.04888884528188256, nv==.04888884528188256
PrintNuMagParam : name MSDX.4, param=K0, cv==0, nv==0
PrintNuMagParam : name MSDX.4, param=K1, cv==-.3617, nv==-.3617
PrintNuMagParam : name MSDX.4, param=K2, cv==0, nv==0
PrintNuMagParam : name MSDX.4, param=K3, cv==0, nv==0
PrintNuMagParam : name MSDX.4, param=SK0, cv==0, nv==0
PrintNuMagParam : name MSDX.4, param=SK1, cv==0, nv==0
PrintNuMagParam : name MSDX.4, param=SK2, cv==0, nv==0
PrintNuMagParam : name MSDX.4, param=SK3, cv==0, nv==0
PrintNuMagParam : name MSDX.4, param=F1, cv==0, nv==0
PrintNuMagParam : name MSDX.4, param=F2, cv==0, nv==0
PrintNuMagParam : name MSDX.4, param=DX, cv==0, nv==0
PrintNuMagParam : name MSDX.4, param=DY, cv==0, nv==0
PrintNuMagParam : name MSDX.4, param=CSET, cv==4356, nv==-1
PrintNuMagParam : name MSFX.4, param=ANGLE, cv==.051681459351456266, nv==.051681459351456266
PrintNuMagParam : name MSFX.4, param=K0, cv==0, nv==0
PrintNuMagParam : name MSFX.4, param=K1, cv==.3617, nv==.3617
PrintNuMagParam : name MSFX.4, param=K2, cv==0, nv==0
PrintNuMagParam : name MSFX.4, param=K3, cv==0, nv==0
PrintNuMagParam : name MSFX.4, param=SK0, cv==0, nv==0
PrintNuMagParam : name MSFX.4, param=SK1, cv==0, nv==0
PrintNuMagParam : name MSFX.4, param=SK2, cv==0, nv==0
PrintNuMagParam : name MSFX.4, param=SK3, cv==0, nv==0
PrintNuMagParam : name MSFX.4, param=F1, cv==0, nv==0
PrintNuMagParam : name MSFX.4, param=F2, cv==0, nv==0
PrintNuMagParam : name MSFX.4, param=DX, cv==0, nv==0
PrintNuMagParam : name MSFX.4, param=DY, cv==0, nv==0
PrintNuMagParam : name MSFX.4, param=CSET, cv==4356, nv==-1
PrintNuMagParam : name MSDX.5, param=ANGLE, cv==.04888884528188256, nv==.04888884528188256
PrintNuMagParam : name MSDX.5, param=K0, cv==0, nv==0
PrintNuMagParam : name MSDX.5, param=K1, cv==-.3617, nv==-.3617
PrintNuMagParam : name MSDX.5, param=K2, cv==0, nv==0
PrintNuMagParam : name MSDX.5, param=K3, cv==0, nv==0
PrintNuMagParam : name MSDX.5, param=SK0, cv==0, nv==0
PrintNuMagParam : name MSDX.5, param=SK1, cv==0, nv==0
PrintNuMagParam : name MSDX.5, param=SK2, cv==0, nv==0
PrintNuMagParam : name MSDX.5, param=SK3, cv==0, nv==0
PrintNuMagParam : name MSDX.5, param=F1, cv==0, nv==0
PrintNuMagParam : name MSDX.5, param=F2, cv==0, nv==0
PrintNuMagParam : name MSDX.5, param=DX, cv==0, nv==0
PrintNuMagParam : name MSDX.5, param=DY, cv==0, nv==0
PrintNuMagParam : name MSDX.5, param=CSET, cv==4356, nv==-1
PrintNuMagParam : name MSFX.5, param=ANGLE, cv==.051681459351456266, nv==.051681459351456266
PrintNuMagParam : name MSFX.5, param=K0, cv==0, nv==0
PrintNuMagParam : name MSFX.5, param=K1, cv==.3617, nv==.3617
PrintNuMagParam : name MSFX.5, param=K2, cv==0, nv==0
PrintNuMagParam : name MSFX.5, param=K3, cv==0, nv==0
PrintNuMagParam : name MSFX.5, param=SK0, cv==0, nv==0
PrintNuMagParam : name MSFX.5, param=SK1, cv==0, nv==0
PrintNuMagParam : name MSFX.5, param=SK2, cv==0, nv==0
PrintNuMagParam : name MSFX.5, param=SK3, cv==0, nv==0
PrintNuMagParam : name MSFX.5, param=F1, cv==0, nv==0
PrintNuMagParam : name MSFX.5, param=F2, cv==0, nv==0
PrintNuMagParam : name MSFX.5, param=DX, cv==0, nv==0
PrintNuMagParam : name MSFX.5, param=DY, cv==0, nv==0
PrintNuMagParam : name MSFX.5, param=CSET, cv==4356, nv==-1
PrintNuMagParam : name MSDX.6, param=ANGLE, cv==.04888884528188256, nv==.04888884528188256
PrintNuMagParam : name MSDX.6, param=K0, cv==0, nv==0
PrintNuMagParam : name MSDX.6, param=K1, cv==-.3617, nv==-.3617
PrintNuMagParam : name MSDX.6, param=K2, cv==0, nv==0
PrintNuMagParam : name MSDX.6, param=K3, cv==0, nv==0
PrintNuMagParam : name MSDX.6, param=SK0, cv==0, nv==0
PrintNuMagParam : name MSDX.6, param=SK1, cv==0, nv==0
PrintNuMagParam : name MSDX.6, param=SK2, cv==0, nv==0
PrintNuMagParam : name MSDX.6, param=SK3, cv==0, nv==0
PrintNuMagParam : name MSDX.6, param=F1, cv==0, nv==0
PrintNuMagParam : name MSDX.6, param=F2, cv==0, nv==0
PrintNuMagParam : name MSDX.6, param=DX, cv==0, nv==0
PrintNuMagParam : name MSDX.6, param=DY, cv==0, nv==0
PrintNuMagParam : name MSDX.6, param=CSET, cv==4356, nv==-1
PrintNuMagParam : name MSFX.6, param=ANGLE, cv==.051681459351456266, nv==.051681459351456266
PrintNuMagParam : name MSFX.6, param=K0, cv==0, nv==0
PrintNuMagParam : name MSFX.6, param=K1, cv==.3617, nv==.3617
PrintNuMagParam : name MSFX.6, param=K2, cv==0, nv==0
PrintNuMagParam : name MSFX.6, param=K3, cv==0, nv==0
PrintNuMagParam : name MSFX.6, param=SK0, cv==0, nv==0
PrintNuMagParam : name MSFX.6, param=SK1, cv==0, nv==0
PrintNuMagParam : name MSFX.6, param=SK2, cv==0, nv==0
PrintNuMagParam : name MSFX.6, param=SK3, cv==0, nv==0
PrintNuMagParam : name MSFX.6, param=F1, cv==0, nv==0
PrintNuMagParam : name MSFX.6, param=F2, cv==0, nv==0
PrintNuMagParam : name MSFX.6, param=DX, cv==0, nv==0
PrintNuMagParam : name MSFX.6, param=DY, cv==0, nv==0
PrintNuMagParam : name MSFX.6, param=CSET, cv==4356, nv==-1
PrintNuMagParam : name MSDX.7, param=ANGLE, cv==.04888884528188256, nv==.04888884528188256
PrintNuMagParam : name MSDX.7, param=K0, cv==0, nv==0
PrintNuMagParam : name MSDX.7, param=K1, cv==-.3617, nv==-.3617
PrintNuMagParam : name MSDX.7, param=K2, cv==0, nv==0
PrintNuMagParam : name MSDX.7, param=K3, cv==0, nv==0
PrintNuMagParam : name MSDX.7, param=SK0, cv==0, nv==0
PrintNuMagParam : name MSDX.7, param=SK1, cv==0, nv==0
PrintNuMagParam : name MSDX.7, param=SK2, cv==0, nv==0
PrintNuMagParam : name MSDX.7, param=SK3, cv==0, nv==0
PrintNuMagParam : name MSDX.7, param=F1, cv==0, nv==0
PrintNuMagParam : name MSDX.7, param=F2, cv==0, nv==0
PrintNuMagParam : name MSDX.7, param=DX, cv==0, nv==0
PrintNuMagParam : name MSDX.7, param=DY, cv==0, nv==0
PrintNuMagParam : name MSDX.7, param=CSET, cv==4356, nv==-1
PrintNuMagParam : name MSFX.7, param=ANGLE, cv==.051681459351456266, nv==.051681459351456266
PrintNuMagParam : name MSFX.7, param=K0, cv==0, nv==0
PrintNuMagParam : name MSFX.7, param=K1, cv==.3617, nv==.3617
PrintNuMagParam : name MSFX.7, param=K2, cv==0, nv==0
PrintNuMagParam : name MSFX.7, param=K3, cv==0, nv==0
PrintNuMagParam : name MSFX.7, param=SK0, cv==0, nv==0
PrintNuMagParam : name MSFX.7, param=SK1, cv==0, nv==0
PrintNuMagParam : name MSFX.7, param=SK2, cv==0, nv==0
PrintNuMagParam : name MSFX.7, param=SK3, cv==0, nv==0
PrintNuMagParam : name MSFX.7, param=F1, cv==0, nv==0
PrintNuMagParam : name MSFX.7, param=F2, cv==0, nv==0
PrintNuMagParam : name MSFX.7, param=DX, cv==0, nv==0
PrintNuMagParam : name MSFX.7, param=DY, cv==0, nv==0
PrintNuMagParam : name MSFX.7, param=CSET, cv==4356, nv==-1
PrintNuMagParam : name BSND07, param=ANGLE, cv==0, nv==0
PrintNuMagParam : name BSND07, param=K0, cv==0, nv==0
PrintNuMagParam : name BSND07, param=F1, cv==0, nv==0
PrintNuMagParam : name BSND07, param=DX, cv==0, nv==0
PrintNuMagParam : name BSND07, param=DY, cv==0, nv==0
PrintNuMagParam : name BSND07, param=CSET, cv==0, nv==-1
PrintNuMagParam : name BSSD07, param=ANGLE, cv==0, nv==0
PrintNuMagParam : name BSSD07, param=K0, cv==0, nv==0
PrintNuMagParam : name BSSD07, param=F1, cv==0, nv==0
PrintNuMagParam : name BSSD07, param=DX, cv==0, nv==0
PrintNuMagParam : name BSSD07, param=DY, cv==0, nv==0
PrintNuMagParam : name BSSD07, param=CSET, cv==0, nv==-1
PrintNuMagParam : name MSDX.8, param=ANGLE, cv==.04888884528188256, nv==.04888884528188256
PrintNuMagParam : name MSDX.8, param=K0, cv==0, nv==0
PrintNuMagParam : name MSDX.8, param=K1, cv==-.3617, nv==-.3617
PrintNuMagParam : name MSDX.8, param=K2, cv==0, nv==0
PrintNuMagParam : name MSDX.8, param=K3, cv==0, nv==0
PrintNuMagParam : name MSDX.8, param=SK0, cv==0, nv==0
PrintNuMagParam : name MSDX.8, param=SK1, cv==0, nv==0
PrintNuMagParam : name MSDX.8, param=SK2, cv==0, nv==0
PrintNuMagParam : name MSDX.8, param=SK3, cv==0, nv==0
PrintNuMagParam : name MSDX.8, param=F1, cv==0, nv==0
PrintNuMagParam : name MSDX.8, param=F2, cv==0, nv==0
PrintNuMagParam : name MSDX.8, param=DX, cv==0, nv==0
PrintNuMagParam : name MSDX.8, param=DY, cv==0, nv==0
PrintNuMagParam : name MSDX.8, param=CSET, cv==4356, nv==-1
PrintNuMagParam : name MSFX.8, param=ANGLE, cv==.051681459351456266, nv==.051681459351456266
PrintNuMagParam : name MSFX.8, param=K0, cv==0, nv==0
PrintNuMagParam : name MSFX.8, param=K1, cv==.3617, nv==.3617
PrintNuMagParam : name MSFX.8, param=K2, cv==0, nv==0
PrintNuMagParam : name MSFX.8, param=K3, cv==0, nv==0
PrintNuMagParam : name MSFX.8, param=SK0, cv==0, nv==0
PrintNuMagParam : name MSFX.8, param=SK1, cv==0, nv==0
PrintNuMagParam : name MSFX.8, param=SK2, cv==0, nv==0
PrintNuMagParam : name MSFX.8, param=SK3, cv==0, nv==0
PrintNuMagParam : name MSFX.8, param=F1, cv==0, nv==0
PrintNuMagParam : name MSFX.8, param=F2, cv==0, nv==0
PrintNuMagParam : name MSFX.8, param=DX, cv==0, nv==0
PrintNuMagParam : name MSFX.8, param=DY, cv==0, nv==0
PrintNuMagParam : name MSFX.8, param=CSET, cv==4356, nv==-1
PrintNuMagParam : name BSND08, param=ANGLE, cv==0, nv==0
PrintNuMagParam : name BSND08, param=K0, cv==0, nv==0
PrintNuMagParam : name BSND08, param=F1, cv==0, nv==0
PrintNuMagParam : name BSND08, param=DX, cv==0, nv==0
PrintNuMagParam : name BSND08, param=DY, cv==0, nv==0
PrintNuMagParam : name BSND08, param=CSET, cv==0, nv==-1
PrintNuMagParam : name BSSD08, param=ANGLE, cv==0, nv==0
PrintNuMagParam : name BSSD08, param=K0, cv==0, nv==0
PrintNuMagParam : name BSSD08, param=F1, cv==0, nv==0
PrintNuMagParam : name BSSD08, param=DX, cv==0, nv==0
PrintNuMagParam : name BSSD08, param=DY, cv==0, nv==0
PrintNuMagParam : name BSSD08, param=CSET, cv==0, nv==-1
PrintNuMagParam : name MSDX.9, param=ANGLE, cv==.04888884528188256, nv==.04888884528188256
PrintNuMagParam : name MSDX.9, param=K0, cv==0, nv==0
PrintNuMagParam : name MSDX.9, param=K1, cv==-.3617, nv==-.3617
PrintNuMagParam : name MSDX.9, param=K2, cv==0, nv==0
PrintNuMagParam : name MSDX.9, param=K3, cv==0, nv==0
PrintNuMagParam : name MSDX.9, param=SK0, cv==0, nv==0
PrintNuMagParam : name MSDX.9, param=SK1, cv==0, nv==0
PrintNuMagParam : name MSDX.9, param=SK2, cv==0, nv==0
PrintNuMagParam : name MSDX.9, param=SK3, cv==0, nv==0
PrintNuMagParam : name MSDX.9, param=F1, cv==0, nv==0
PrintNuMagParam : name MSDX.9, param=F2, cv==0, nv==0
PrintNuMagParam : name MSDX.9, param=DX, cv==0, nv==0
PrintNuMagParam : name MSDX.9, param=DY, cv==0, nv==0
PrintNuMagParam : name MSDX.9, param=CSET, cv==4356, nv==-1
PrintNuMagParam : name MSFX.9, param=ANGLE, cv==.051681459351456266, nv==.051681459351456266
PrintNuMagParam : name MSFX.9, param=K0, cv==0, nv==0
PrintNuMagParam : name MSFX.9, param=K1, cv==.3617, nv==.3617
PrintNuMagParam : name MSFX.9, param=K2, cv==0, nv==0
PrintNuMagParam : name MSFX.9, param=K3, cv==0, nv==0
PrintNuMagParam : name MSFX.9, param=SK0, cv==0, nv==0
PrintNuMagParam : name MSFX.9, param=SK1, cv==0, nv==0
PrintNuMagParam : name MSFX.9, param=SK2, cv==0, nv==0
PrintNuMagParam : name MSFX.9, param=SK3, cv==0, nv==0
PrintNuMagParam : name MSFX.9, param=F1, cv==0, nv==0
PrintNuMagParam : name MSFX.9, param=F2, cv==0, nv==0
PrintNuMagParam : name MSFX.9, param=DX, cv==0, nv==0
PrintNuMagParam : name MSFX.9, param=DY, cv==0, nv==0
PrintNuMagParam : name MSFX.9, param=CSET, cv==4356, nv==-1
PrintNuMagParam : name MSDX.10, param=ANGLE, cv==.04888884528188256, nv==.04888884528188256
PrintNuMagParam : name MSDX.10, param=K0, cv==0, nv==0
PrintNuMagParam : name MSDX.10, param=K1, cv==-.3617, nv==-.3617
PrintNuMagParam : name MSDX.10, param=K2, cv==0, nv==0
PrintNuMagParam : name MSDX.10, param=K3, cv==0, nv==0
PrintNuMagParam : name MSDX.10, param=SK0, cv==0, nv==0
PrintNuMagParam : name MSDX.10, param=SK1, cv==0, nv==0
PrintNuMagParam : name MSDX.10, param=SK2, cv==0, nv==0
PrintNuMagParam : name MSDX.10, param=SK3, cv==0, nv==0
PrintNuMagParam : name MSDX.10, param=F1, cv==0, nv==0
PrintNuMagParam : name MSDX.10, param=F2, cv==0, nv==0
PrintNuMagParam : name MSDX.10, param=DX, cv==0, nv==0
PrintNuMagParam : name MSDX.10, param=DY, cv==0, nv==0
PrintNuMagParam : name MSDX.10, param=CSET, cv==4356, nv==-1
PrintNuMagParam : name MSFX.10, param=ANGLE, cv==.051681459351456266, nv==.051681459351456266
PrintNuMagParam : name MSFX.10, param=K0, cv==0, nv==0
PrintNuMagParam : name MSFX.10, param=K1, cv==.3617, nv==.3617
PrintNuMagParam : name MSFX.10, param=K2, cv==0, nv==0
PrintNuMagParam : name MSFX.10, param=K3, cv==0, nv==0
PrintNuMagParam : name MSFX.10, param=SK0, cv==0, nv==0
PrintNuMagParam : name MSFX.10, param=SK1, cv==0, nv==0
PrintNuMagParam : name MSFX.10, param=SK2, cv==0, nv==0
PrintNuMagParam : name MSFX.10, param=SK3, cv==0, nv==0
PrintNuMagParam : name MSFX.10, param=F1, cv==0, nv==0
PrintNuMagParam : name MSFX.10, param=F2, cv==0, nv==0
PrintNuMagParam : name MSFX.10, param=DX, cv==0, nv==0
PrintNuMagParam : name MSFX.10, param=DY, cv==0, nv==0
PrintNuMagParam : name MSFX.10, param=CSET, cv==4356, nv==-1
PrintNuMagParam : name MSDX.11, param=ANGLE, cv==.04888884528188256, nv==.04888884528188256
PrintNuMagParam : name MSDX.11, param=K0, cv==0, nv==0
PrintNuMagParam : name MSDX.11, param=K1, cv==-.3617, nv==-.3617
PrintNuMagParam : name MSDX.11, param=K2, cv==0, nv==0
PrintNuMagParam : name MSDX.11, param=K3, cv==0, nv==0
PrintNuMagParam : name MSDX.11, param=SK0, cv==0, nv==0
PrintNuMagParam : name MSDX.11, param=SK1, cv==0, nv==0
PrintNuMagParam : name MSDX.11, param=SK2, cv==0, nv==0
PrintNuMagParam : name MSDX.11, param=SK3, cv==0, nv==0
PrintNuMagParam : name MSDX.11, param=F1, cv==0, nv==0
PrintNuMagParam : name MSDX.11, param=F2, cv==0, nv==0
PrintNuMagParam : name MSDX.11, param=DX, cv==0, nv==0
PrintNuMagParam : name MSDX.11, param=DY, cv==0, nv==0
PrintNuMagParam : name MSDX.11, param=CSET, cv==4356, nv==-1
PrintNuMagParam : name MSFX.11, param=ANGLE, cv==.051681459351456266, nv==.051681459351456266
PrintNuMagParam : name MSFX.11, param=K0, cv==0, nv==0
PrintNuMagParam : name MSFX.11, param=K1, cv==.3617, nv==.3617
PrintNuMagParam : name MSFX.11, param=K2, cv==0, nv==0
PrintNuMagParam : name MSFX.11, param=K3, cv==0, nv==0
PrintNuMagParam : name MSFX.11, param=SK0, cv==0, nv==0
PrintNuMagParam : name MSFX.11, param=SK1, cv==0, nv==0
PrintNuMagParam : name MSFX.11, param=SK2, cv==0, nv==0
PrintNuMagParam : name MSFX.11, param=SK3, cv==0, nv==0
PrintNuMagParam : name MSFX.11, param=F1, cv==0, nv==0
PrintNuMagParam : name MSFX.11, param=F2, cv==0, nv==0
PrintNuMagParam : name MSFX.11, param=DX, cv==0, nv==0
PrintNuMagParam : name MSFX.11, param=DY, cv==0, nv==0
PrintNuMagParam : name MSFX.11, param=CSET, cv==4356, nv==-1
PrintNuMagParam : name MSDX.12, param=ANGLE, cv==.04888884528188256, nv==.04888884528188256
PrintNuMagParam : name MSDX.12, param=K0, cv==0, nv==0
PrintNuMagParam : name MSDX.12, param=K1, cv==-.3617, nv==-.3617
PrintNuMagParam : name MSDX.12, param=K2, cv==0, nv==0
PrintNuMagParam : name MSDX.12, param=K3, cv==0, nv==0
PrintNuMagParam : name MSDX.12, param=SK0, cv==0, nv==0
PrintNuMagParam : name MSDX.12, param=SK1, cv==0, nv==0
PrintNuMagParam : name MSDX.12, param=SK2, cv==0, nv==0
PrintNuMagParam : name MSDX.12, param=SK3, cv==0, nv==0
PrintNuMagParam : name MSDX.12, param=F1, cv==0, nv==0
PrintNuMagParam : name MSDX.12, param=F2, cv==0, nv==0
PrintNuMagParam : name MSDX.12, param=DX, cv==0, nv==0
PrintNuMagParam : name MSDX.12, param=DY, cv==0, nv==0
PrintNuMagParam : name MSDX.12, param=CSET, cv==4356, nv==-1
PrintNuMagParam : name MSFX.12, param=ANGLE, cv==.051681459351456266, nv==.051681459351456266
PrintNuMagParam : name MSFX.12, param=K0, cv==0, nv==0
PrintNuMagParam : name MSFX.12, param=K1, cv==.3617, nv==.3617
PrintNuMagParam : name MSFX.12, param=K2, cv==0, nv==0
PrintNuMagParam : name MSFX.12, param=K3, cv==0, nv==0
PrintNuMagParam : name MSFX.12, param=SK0, cv==0, nv==0
PrintNuMagParam : name MSFX.12, param=SK1, cv==0, nv==0
PrintNuMagParam : name MSFX.12, param=SK2, cv==0, nv==0
PrintNuMagParam : name MSFX.12, param=SK3, cv==0, nv==0
PrintNuMagParam : name MSFX.12, param=F1, cv==0, nv==0
PrintNuMagParam : name MSFX.12, param=F2, cv==0, nv==0
PrintNuMagParam : name MSFX.12, param=DX, cv==0, nv==0
PrintNuMagParam : name MSFX.12, param=DY, cv==0, nv==0
PrintNuMagParam : name MSFX.12, param=CSET, cv==4356, nv==-1
PrintNuMagParam : name MSDX.13, param=ANGLE, cv==.04888884528188256, nv==.04888884528188256
PrintNuMagParam : name MSDX.13, param=K0, cv==0, nv==0
PrintNuMagParam : name MSDX.13, param=K1, cv==-.3617, nv==-.3617
PrintNuMagParam : name MSDX.13, param=K2, cv==0, nv==0
PrintNuMagParam : name MSDX.13, param=K3, cv==0, nv==0
PrintNuMagParam : name MSDX.13, param=SK0, cv==0, nv==0
PrintNuMagParam : name MSDX.13, param=SK1, cv==0, nv==0
PrintNuMagParam : name MSDX.13, param=SK2, cv==0, nv==0
PrintNuMagParam : name MSDX.13, param=SK3, cv==0, nv==0
PrintNuMagParam : name MSDX.13, param=F1, cv==0, nv==0
PrintNuMagParam : name MSDX.13, param=F2, cv==0, nv==0
PrintNuMagParam : name MSDX.13, param=DX, cv==0, nv==0
PrintNuMagParam : name MSDX.13, param=DY, cv==0, nv==0
PrintNuMagParam : name MSDX.13, param=CSET, cv==4356, nv==-1
PrintNuMagParam : name MSFX.13, param=ANGLE, cv==.051681459351456266, nv==.051681459351456266
PrintNuMagParam : name MSFX.13, param=K0, cv==0, nv==0
PrintNuMagParam : name MSFX.13, param=K1, cv==.3617, nv==.3617
PrintNuMagParam : name MSFX.13, param=K2, cv==0, nv==0
PrintNuMagParam : name MSFX.13, param=K3, cv==0, nv==0
PrintNuMagParam : name MSFX.13, param=SK0, cv==0, nv==0
PrintNuMagParam : name MSFX.13, param=SK1, cv==0, nv==0
PrintNuMagParam : name MSFX.13, param=SK2, cv==0, nv==0
PrintNuMagParam : name MSFX.13, param=SK3, cv==0, nv==0
PrintNuMagParam : name MSFX.13, param=F1, cv==0, nv==0
PrintNuMagParam : name MSFX.13, param=F2, cv==0, nv==0
PrintNuMagParam : name MSFX.13, param=DX, cv==0, nv==0
PrintNuMagParam : name MSFX.13, param=DY, cv==0, nv==0
PrintNuMagParam : name MSFX.13, param=CSET, cv==4356, nv==-1
PrintNuMagParam : name MSDX.14, param=ANGLE, cv==.04888884528188256, nv==.04888884528188256
PrintNuMagParam : name MSDX.14, param=K0, cv==0, nv==0
PrintNuMagParam : name MSDX.14, param=K1, cv==-.3617, nv==-.3617
PrintNuMagParam : name MSDX.14, param=K2, cv==0, nv==0
PrintNuMagParam : name MSDX.14, param=K3, cv==0, nv==0
PrintNuMagParam : name MSDX.14, param=SK0, cv==0, nv==0
PrintNuMagParam : name MSDX.14, param=SK1, cv==0, nv==0
PrintNuMagParam : name MSDX.14, param=SK2, cv==0, nv==0
PrintNuMagParam : name MSDX.14, param=SK3, cv==0, nv==0
PrintNuMagParam : name MSDX.14, param=F1, cv==0, nv==0
PrintNuMagParam : name MSDX.14, param=F2, cv==0, nv==0
PrintNuMagParam : name MSDX.14, param=DX, cv==0, nv==0
PrintNuMagParam : name MSDX.14, param=DY, cv==0, nv==0
PrintNuMagParam : name MSDX.14, param=CSET, cv==4356, nv==-1
PrintNuMagParam : name MSFX.14, param=ANGLE, cv==.051681459351456266, nv==.051681459351456266
PrintNuMagParam : name MSFX.14, param=K0, cv==0, nv==0
PrintNuMagParam : name MSFX.14, param=K1, cv==.3617, nv==.3617
PrintNuMagParam : name MSFX.14, param=K2, cv==0, nv==0
PrintNuMagParam : name MSFX.14, param=K3, cv==0, nv==0
PrintNuMagParam : name MSFX.14, param=SK0, cv==0, nv==0
PrintNuMagParam : name MSFX.14, param=SK1, cv==0, nv==0
PrintNuMagParam : name MSFX.14, param=SK2, cv==0, nv==0
PrintNuMagParam : name MSFX.14, param=SK3, cv==0, nv==0
PrintNuMagParam : name MSFX.14, param=F1, cv==0, nv==0
PrintNuMagParam : name MSFX.14, param=F2, cv==0, nv==0
PrintNuMagParam : name MSFX.14, param=DX, cv==0, nv==0
PrintNuMagParam : name MSFX.14, param=DY, cv==0, nv==0
PrintNuMagParam : name MSFX.14, param=CSET, cv==4356, nv==-1
PrintNuMagParam : name QFQ1, param=K1, cv==-.141148549143213, nv==-.141148549143213
PrintNuMagParam : name QFQ1, param=F1, cv==0, nv==0
PrintNuMagParam : name QFQ1, param=F2, cv==0, nv==0
PrintNuMagParam : name QFQ1, param=DX, cv==-9.1380231e-05, nv==-9.1380231e-05
PrintNuMagParam : name QFQ1, param=DY, cv==-.000676, nv==-.000676
PrintNuMagParam : name QFQ1, param=CSET, cv==343.2, nv==-1
PrintNuMagParam : name BFV1, param=ANGLE, cv==0, nv==0
PrintNuMagParam : name BFV1, param=K0, cv==-.000169470364289952, nv==-.000169470364289952
PrintNuMagParam : name BFV1, param=F1, cv==0, nv==0
PrintNuMagParam : name BFV1, param=DX, cv==0, nv==0
PrintNuMagParam : name BFV1, param=DY, cv==0, nv==0
PrintNuMagParam : name BFV1, param=CSET, cv==-54.2, nv==-1
PrintNuMagParam : name BFH1, param=ANGLE, cv==.0013288237573582267, nv==.0013288237573582267
PrintNuMagParam : name BFH1, param=K0, cv==.00012795879914270162, nv==.00012795879914270162
PrintNuMagParam : name BFH1, param=F1, cv==0, nv==0
PrintNuMagParam : name BFH1, param=DX, cv==0, nv==0
PrintNuMagParam : name BFH1, param=DY, cv==0, nv==0
PrintNuMagParam : name BFH1, param=CSET, cv==-123.7, nv==-1
PrintNuMagParam : name BFV2, param=ANGLE, cv==0, nv==0
PrintNuMagParam : name BFV2, param=K0, cv==-7.433534369637915e-05, nv==-7.433534369637915e-05
PrintNuMagParam : name BFV2, param=F1, cv==0, nv==0
PrintNuMagParam : name BFV2, param=DX, cv==0, nv==0
PrintNuMagParam : name BFV2, param=DY, cv==0, nv==0
PrintNuMagParam : name BFV2, param=CSET, cv==49.5, nv==-1
PrintNuMagParam : name QFQ2, param=K1, cv==.13517828224016576, nv==.13517828224016576
PrintNuMagParam : name QFQ2, param=F1, cv==0, nv==0
PrintNuMagParam : name QFQ2, param=F2, cv==0, nv==0
PrintNuMagParam : name QFQ2, param=DX, cv==6.4609412e-05, nv==6.4609412e-05
PrintNuMagParam : name QFQ2, param=DY, cv==-.00441, nv==-.00441
PrintNuMagParam : name QFQ2, param=CSET, cv==326.7, nv==-1
PrintNuMagParam : name QFQ3, param=K1, cv==-.11158367640294606, nv==-.11158367640294606
PrintNuMagParam : name QFQ3, param=F1, cv==0, nv==0
PrintNuMagParam : name QFQ3, param=F2, cv==0, nv==0
PrintNuMagParam : name QFQ3, param=DX, cv==.000156809582, nv==.000156809582
PrintNuMagParam : name QFQ3, param=DY, cv==-.005009, nv==-.005009
PrintNuMagParam : name QFQ3, param=CSET, cv==271.4, nv==-1
PrintNuMagParam : name BFH2, param=ANGLE, cv==0, nv==0
PrintNuMagParam : name BFH2, param=K0, cv==9.584395486586004e-05, nv==9.584395486586004e-05
PrintNuMagParam : name BFH2, param=F1, cv==0, nv==0
PrintNuMagParam : name BFH2, param=DX, cv==0, nv==0
PrintNuMagParam : name BFH2, param=DY, cv==0, nv==0
PrintNuMagParam : name BFH2, param=CSET, cv==.8, nv==-1
PrintNuMagParam : name BFVD1, param=ANGLE, cv==-.023736477827122886, nv==-.023736477827122886
PrintNuMagParam : name BFVD1, param=K0, cv==3.8550249887143215e-06, nv==3.8550249887143215e-06
PrintNuMagParam : name BFVD1, param=F1, cv==0, nv==0
PrintNuMagParam : name BFVD1, param=DX, cv==0, nv==0
PrintNuMagParam : name BFVD1, param=DY, cv==0, nv==0
PrintNuMagParam : name BFVD1, param=CSET, cv==1159.5, nv==-1
PrintNuMagParam : name QFQ4, param=K1, cv==.05129028702435896, nv==.05129028702435896
PrintNuMagParam : name QFQ4, param=F1, cv==0, nv==0
PrintNuMagParam : name QFQ4, param=F2, cv==0, nv==0
PrintNuMagParam : name QFQ4, param=DX, cv==.000389638756, nv==.000389638756
PrintNuMagParam : name QFQ4, param=DY, cv==-.001692, nv==-.001692
PrintNuMagParam : name QFQ4, param=CSET, cv==209.7, nv==-1
PrintNuMagParam : name BFVD2, param=ANGLE, cv==-.03974114706791088, nv==-.03974114706791088
PrintNuMagParam : name BFVD2, param=K0, cv==2.7206876484099683e-06, nv==2.7206876484099683e-06
PrintNuMagParam : name BFVD2, param=F1, cv==0, nv==0
PrintNuMagParam : name BFVD2, param=DX, cv==0, nv==0
PrintNuMagParam : name BFVD2, param=DY, cv==0, nv==0
PrintNuMagParam : name BFVD2, param=CSET, cv==1538.9, nv==-1
 
 
 
 
 
 !DRAW EX EY {BQ}*;
 
 !!!!
 ! data dump
 ! ssem x w/ error
 ss=GetSSEMdataOfflineEList[1,3];
 Print["ssem data x pos"];
ssem data x pos
 Scan[Print, ss];
{"SSEM01",-.000467201,.0005}
{"SSEM02",-.000256656,.0005}
{"SSEM03",.000334713,.0005}
{"SSEM04",.000487795,.0005}
{"SSEM05",.000653404,.0005}
{"SSEM06",.000762805,.0005}
{"SSEM07",.000577211,.0005}
{"SSEM08",.0012925660000000002,.0005}
{"SSEM09",.001741672,.0005}
{"SSEM10",.000243618,.0005}
{"SSEM11",.002362447,.0005}
{"SSEM12",-.002332414,.0005}
{"SSEM13",.00018246499999999998,.0005}
{"SSEM14",.000251945,.0005}
{"SSEM15",-.000497254,.0005}
{"SSEM16",.0006051069999999999,.0005}
{"SSEM17",.00037912600000000003,.0005}
{"SSEM18",.001098936,.0005}
{"SSEM19",.001023898,.0005}
 ! ssem y w/ error
 ss=GetSSEMdataOfflineEList[2,4];
 Print["ssem data y pos"];
ssem data y pos
 Scan[Print, ss];
{"SSEM01",-9.9931e-05,.0005}
{"SSEM02",.00041574,.0005}
{"SSEM03",.0008547820000000001,.0005}
{"SSEM04",.000957871,.0005}
{"SSEM05",.0008539400000000001,.0005}
{"SSEM06",.00045755400000000004,.0005}
{"SSEM07",.0007420600000000001,.0005}
{"SSEM08",.001577855,.0005}
{"SSEM09",.001766155,.0005}
{"SSEM10",-.002004116,.0005}
{"SSEM11",.000738251,.0005}
{"SSEM12",.000703785,.0005}
{"SSEM13",-.0011783459999999998,.0005}
{"SSEM14",.001900191,.0005}
{"SSEM15",-.00345628,.0005}
{"SSEM16",-.00503888,.0005}
{"SSEM17",-.0050989550000000005,.0005}
{"SSEM18",-.005443621,.0005}
{"SSEM19",-.005278868,.0005}
 ! ssem x width
 ss=GetSSEMdataOfflineList[3];
 Print["ssem data x wid"];
ssem data x wid
 Scan[Print, ss];
{"SSEM01",.003750096}
{"SSEM02",.0042278820000000005}
{"SSEM03",.002349172}
{"SSEM04",.003587252}
{"SSEM05",.0035971540000000004}
{"SSEM06",.003851644}
{"SSEM07",.002676888}
{"SSEM08",.002917772}
{"SSEM09",.003748881}
{"SSEM10",.001524225}
{"SSEM11",.003208064}
{"SSEM12",.0022763170000000004}
{"SSEM13",.001559924}
{"SSEM14",.0015155799999999999}
{"SSEM15",.003326234}
{"SSEM16",.003332734}
{"SSEM17",.004569852}
{"SSEM18",.004055495}
{"SSEM19",.004454922}
 ! ssem y width
 ss=GetSSEMdataOfflineList[4];
 Print["ssem data y wid"];
ssem data y wid
 Scan[Print, ss];
{"SSEM01",.001257285}
{"SSEM02",.0018890180000000001}
{"SSEM03",.0033599450000000005}
{"SSEM04",.001973635}
{"SSEM05",.001258837}
{"SSEM06",.0012478279999999999}
{"SSEM07",.002032505}
{"SSEM08",.0020512800000000004}
{"SSEM09",.00153539}
{"SSEM10",.0014392259999999998}
{"SSEM11",.001845089}
{"SSEM12",.001887755}
{"SSEM13",.001559941}
{"SSEM14",.002277532}
{"SSEM15",.001929198}
{"SSEM16",.003039704}
{"SSEM17",.002957633}
{"SSEM18",.002726889}
{"SSEM19",.003735267}
 !
 !
 ! esm x w/ error
 ss=GetESMdataOfflineEList[1,3];
 Print["esm data x pos"];
esm data x pos
 Scan[Print, ss];
{"ESM01",0,0}
{"ESM02",0,0}
{"ESM03",0,0}
{"ESM04",0,0}
{"ESM05",0,0}
{"ESM06",0,0}
{"ESM07",0,0}
{"ESM08",0,0}
{"ESM09",0,0}
{"ESM10",0,0}
{"ESM11",0,0}
{"ESM12",0,0}
{"ESM13",0,0}
{"ESM14",0,0}
{"ESM15",0,0}
{"ESM16",0,0}
{"ESM17",0,0}
{"ESM18",0,0}
{"ESM19",0,0}
{"ESM20",0,0}
{"ESM21",0,0}
 ! esm y w/ error
 ss=GetESMdataOfflineEList[2,4];
 Print["esm data y pos"];
esm data y pos
 Scan[Print, ss];
{"ESM01",0,0}
{"ESM02",0,0}
{"ESM03",0,0}
{"ESM04",0,0}
{"ESM05",0,0}
{"ESM06",0,0}
{"ESM07",0,0}
{"ESM08",0,0}
{"ESM09",0,0}
{"ESM10",0,0}
{"ESM11",0,0}
{"ESM12",0,0}
{"ESM13",0,0}
{"ESM14",0,0}
{"ESM15",0,0}
{"ESM16",0,0}
{"ESM17",0,0}
{"ESM18",0,0}
{"ESM19",0,0}
{"ESM20",0,0}
{"ESM21",0,0}
 !
 ! OTR x pos
 ss={Part[GetOTRdataOfflineEList[1],1,1],Part[GetOTRdataOfflineEList[1],1,2]}
Out[234]:= {"OTR",0}
 Print["otr data x pos"];
otr data x pos
 Print[ss];
{"OTR",0}
 !
 ! OTR y pos
 ss={Part[GetOTRdataOfflineEList[2],1,1],Part[GetOTRdataOfflineEList[2],1,2]}
Out[235]:= {"OTR",-.00557}
 Print["otr data y pos"];
otr data y pos
 Print[ss];
{"OTR",-.00557}
 !
 ! OTR x width
 ss={Part[GetOTRdataOfflineEList[1],1,1],Part[GetOTRdataOfflineEList[1],1,3]}
Out[236]:= {"OTR",0}
 Print["otr data x wid"];
otr data x wid
 Print[ss];
{"OTR",0}
 !
 ! OTR y width
 ss={Part[GetOTRdataOfflineEList[2],1,1],Part[GetOTRdataOfflineEList[2],1,3]}
Out[237]:= {"OTR",0}
 Print["otr data y wid"];
otr data y wid
 Print[ss];
{"OTR",0}
 
 
 
 !
 DISP;
   AX      BX      NX      EX     EPX    Element   Length   Value      s(m)       AY      BY      NY      EY     EPY     DetR     #
 -2.4187 37.0980  .00000  .42373  .07196  NUIN      .00000 0            .000000  .17800 5.45000  .00000  .00000  .00000  .0000    1
 -2.4187 37.0980  .00000  .42373  .07196  LFT00    1.49260 1.4926000    .000000  .17800 5.45000  .00000  .00000  .00000  .0000    2
 -2.6943 44.7299  .00583  .53110  .07196  CT01      .00000 0           1.492600 -.10455 5.34037  .04462 -1.2E-4  .00000  .0000    3
 -2.6943 44.7299  .00583  .53110  .07196  LFT01     .20577  .2057678   1.492600 -.10455 5.34037  .04462 -1.2E-4  .00000  .0000    4
 -2.7323 45.8465  .00656  .54590  .07196  SSEM01    .00000 0           1.698368 -.14350 5.39141  .05072 -1.3E-4  .00000  .0000    5
 -2.7323 45.8465  .00656  .54590  .07196  LFT02     .14882  .1488167   1.698368 -.14350 5.39141  .05072 -1.3E-4  .00000  .0000    6
 -2.7598 46.6639  .00707  .55661  .07196  ESM01     .00000 0           1.847185 -.17167 5.43831  .05509 -1.4E-4  .00000  .0000    7
 -2.7598 46.6639  .00707  .55661  .07196  LFT03     .50548  .5054819   1.847185 -.17167 5.43831  .05509 -1.4E-4  .00000  .0000    8
 -2.8532 49.5012  .00874  .59297  .07196  BPV1     1.00000  .0000000   2.352666 -.26736 5.66023  .06962 -1.8E-4  .00000  .0000    9
 -3.0378 55.3922  .01178  .66490  .07196  LFT04    3.84996 3.8499597   3.352666 -.45666 6.38425  .09621 -2.6E-4  .00000  .0000   10
 -3.7487 81.5206  .02091  .94183  .07196  BPH2      .60000  .0000000   7.202626 -1.1854 12.7063  .16651 -5.6E-4  .00000  .0000   11
 -3.8595 86.0856  .02204  .98498  .07196  LFT05     .35374  .3537362   7.802626 -1.2990 14.1970  .17362 -6.1E-4 1.3E-12  .0000   12
 -3.9249 88.8393  .02269 1.01042  .07196  ESM02     .00000 0           8.156362 -1.3660 15.1397  .17746 -6.4E-4 1.3E-12  .0000   13
 -3.9249 88.8393  .02269 1.01042  .07196  LFT06     .14761  .1476076   8.156362 -1.3660 15.1397  .17746 -6.4E-4 1.3E-12  .0000   14
 -3.9521 90.0020  .02295 1.02103  .07196  SSEM02    .00000 0           8.303970 -1.3939 15.5471  .17899 -6.5E-4 1.3E-12  .0000   15
 -3.9521 90.0020  .02295 1.02103  .07196  LFT07     .64851  .6485108   8.303970 -1.3939 15.5471  .17899 -6.5E-4 1.3E-12  .0000   16
 -4.0719 95.2057  .02407 1.06767  .07196  QPQ1     3.00000  .1696336   8.952481 -1.5167 17.4347  .18526 -7.0E-4 1.3E-12  .0000   17
 10.2335 72.7814  .02933 1.00521 -.11171  LFT08    1.59986 1.5998577  11.952481 -8.1899 42.4488  .20439 -.00118 -1.5E-4 2.E-17   18
 7.90950 43.7552  .03384  .82641 -.11171  QPQ2     3.00000 -.1893406  13.552338 -10.755 72.7591  .20897 -.00160 -1.5E-4 1.E-17   19
  .72630 21.8469  .05082  .70445  .02673  LFT09     .41418  .4141757  16.552338 5.25366 93.3126  .21423 -.00172 1.84E-4 2.E-16   20
  .69734 21.2572  .05388  .71548  .02673  ESM03     .00000 0          16.966514 5.12671 89.0133  .21496 -.00164 1.84E-4 2.E-16   21
  .69734 21.2572  .05388  .71548  .02673  LFT10     .14823  .1482295  16.966514 5.12671 89.0133  .21496 -.00164 1.84E-4 2.E-16   22
  .68698 21.0520  .05500  .71943  .02673  SSEM03    .00000 0          17.114744 5.08128 87.5002  .21522 -.00161 1.84E-4 2.E-16   23
  .68698 21.0520  .05500  .71943  .02673  LFT11     .58722  .5872163  17.114744 5.08128 87.5002  .21522 -.00161 1.84E-4 2.E-16   24
  .64592 20.2693  .05952  .73506  .02673  BPD1     3.00014  .0335470  17.701960 4.90129 81.6383  .21633 -.00149 1.84E-4 2.E-16   25
  .43619 17.0235  .08533  .86546  .06028  LFT12     .53718  .5371789  20.702101 4.00198 54.9118  .22346 -9.1E-4 1.85E-4 -2E-14   26
  .39863 16.5750  .09042  .89786  .06028  ESM04     .00000 0          21.239280 3.83552 50.7016  .22508 -8.1E-4 1.85E-4 -2E-14   27
  .39863 16.5750  .09042  .89786  .06028  LFT13     .66362  .6636177  21.239280 3.83552 50.7016  .22508 -8.1E-4 1.85E-4 -2E-14   28
  .35224 16.0767  .09690  .93789  .06028  BPD2     3.00014  .0331655  21.902897 3.62988 45.7475  .22728 -6.8E-4 1.85E-4 -2E-14   29
  .14251 14.5927  .12827 1.16846  .09345  LFT14     .76684  .7668429  24.903035 2.70946 26.7181  .24095 -9.1E-5 1.86E-4 2.E-13   30
  .08889 14.4153  .13669 1.24010  .09345  ESM05     .00000 0          25.669878 2.47005 22.7462  .24590 5.92E-5 1.86E-4 2.E-13   31
  .08889 14.4153  .13669 1.24010  .09345  LFT15     .14861  .1486059  25.669878 2.47005 22.7462  .24590 5.92E-5 1.86E-4 2.E-13   32
  .07850 14.3904  .13833 1.25398  .09345  SSEM04    .00000 0          25.818484 2.42366 22.0190  .24696 8.82E-5 1.86E-4 2.E-13   33
  .07850 14.3904  .13833 1.25398  .09345  LFT16     .18600  .1860000  25.818484 2.42366 22.0190  .24696 8.82E-5 1.86E-4 2.E-13   34
  .06549 14.3636  .14039 1.27136  .09345  CT02      .00000 0          26.004484 2.36559 21.1282  .24833 1.25E-4 1.86E-4 2.E-13   35
  .06549 14.3636  .14039 1.27136  .09345  LFT17    4.11797 4.1179729  26.004484 2.36559 21.1282  .24833 1.25E-4 1.86E-4 2.E-13   36
 -.22243 15.0099  .18563 1.65604  .09345  SSEM05    .00000 0          30.122456 1.08000 6.93934  .30356 9.29E-4 1.86E-4 2.E-13   37
 -.22243 15.0099  .18563 1.65604  .09345  LFT18    2.41079 2.4107871  30.122456 1.08000 6.93934  .30356 9.29E-4 1.86E-4 2.E-13   38
 -.39099 16.4887  .21012 1.88125  .09345  SSEM06    .00000 0          32.533244  .32737 3.54646  .38433  .00140 1.86E-4 2.E-13   39
 -.39099 16.4887  .21012 1.88125  .09345  LFT19     .14668  .1466786  32.533244  .32737 3.54646  .38433  .00140 1.86E-4 2.E-13   40
 -.40124 16.6049  .21153 1.89495  .09345  ESM06     .00000 0          32.679922  .28158 3.45714  .39099  .00143 1.86E-4 2.E-13   41
 -.40124 16.6049  .21153 1.89495  .09345  LFT20     .57408  .5740789  32.679922  .28158 3.45714  .39099  .00143 1.86E-4 2.E-13   42
 -.44138 17.0886  .21695 1.94858  .09345  QPQ3     1.50000  .1012704  33.254001  .10236 3.23673  .41844  .00154 1.86E-4 2.E-13   43
 1.15205 15.9651  .23106 1.93908 -.10593  LFT21    3.14988 3.1498828  34.754001 -.74411 4.15340  .48735  .00187 3.57E-4 -3E-13   44
  .69290 10.1538  .27085 1.60543 -.10593  BPV2     1.00000  .0000000  37.903884 -1.9224 12.5526  .55919  .00262 3.57E-4 -3E-13   45
  .54713 8.91378  .28761 1.49951 -.10593  LFT22     .35490  .3549042  38.903884 -2.2964 16.7715  .57017  .00281 3.57E-4 -3E-13   46
  .49540 8.54378  .29408 1.46192 -.10593  ESM07     .00000 0          39.258788 -2.4292 18.4487  .57338  .00286 3.57E-4 -3E-13   47
  .49540 8.54378  .29408 1.46192 -.10593  LFT23     .14682  .1468165  39.258788 -2.4292 18.4487  .57338  .00286 3.57E-4 -3E-13   48
  .47399 8.40146  .29684 1.44636 -.10593  SSEM07    .00000 0          39.405605 -2.4841 19.1701  .57463  .00287 3.57E-4 -3E-13   49
  .47399 8.40146  .29684 1.44636 -.10593  LFT24     .58792  .5879227  39.405605 -2.4841 19.1701  .57463  .00287 3.57E-4 -3E-13   50
  .38829 7.89450  .30834 1.38409 -.10593  QPQ4     3.00000 -.1774103  39.993527 -2.7041 22.2204  .57916  .00295 3.57E-4 -3E-13   51
 -1.6826 11.2094  .36490 1.42203  .13251  LFT25     .63765  .6376493  42.993527 1.61915 26.2094  .59728  .00302 -1.8E-4 -9E-13   52
 -1.9006 13.4943  .37316 1.50641  .13251  ESM08     .00000 0          43.631177 1.53104 24.2007  .60131  .00296 -1.8E-4 -9E-13   53
 -1.9006 13.4943  .37316 1.50641  .13251  LFT26     .14840  .1483962  43.631177 1.53104 24.2007  .60131  .00296 -1.8E-4 -9E-13   54
 -1.9513 14.0659  .37487 1.52605  .13251  SSEM08    .00000 0          43.779573 1.51053 23.7493  .60229  .00295 -1.8E-4 -9E-13   55
 -1.9513 14.0659  .37487 1.52605  .13251  LFT27    3.87515 3.8751541  43.779573 1.51053 23.7493  .60229  .00295 -1.8E-4 -9E-13   56
 -3.2758 34.3222  .40309 2.03882  .13251  SSEM09    .00000 0          47.654727  .97506 14.1173  .63623  .00263 -1.8E-4 -9E-13   57
 -3.2758 34.3222  .40309 2.03882  .13251  LFT28     .89963  .8996250  47.654727  .97506 14.1173  .63623  .00263 -1.8E-4 -9E-13   58
 -3.5833 40.4929  .40693 2.15786  .13251  BPH3     1.00000  .0000000  48.554352  .85075 12.4747  .64703  .00256 -1.8E-4 -8E-13   59
 -3.9251 48.0015  .41054 2.29018  .13251  LFT29     .79976  .7997574  49.554352  .71257 10.9114  .66069  .00247 -1.8E-4 -8E-13   60
 -4.1985 54.4985  .41303 2.39599  .13251  QPQ5     2.00000  .1739606  50.354109  .60206 9.86010  .67297  .00241 -1.8E-4 -8E-13   61
 5.29343 52.0136  .41867 2.24106 -.28292  LFT30     .50927  .5092727  52.354109 -1.4149 11.3202  .70509  .00243 2.34E-4 -5E-13   62
 5.00928 46.7667  .42031 2.09707 -.28292  ESM09     .00000 0          52.863382 -1.5499 12.8302  .71182  .00248 2.34E-4 -5E-13   63
 5.00928 46.7667  .42031 2.09707 -.28292  LFT31     .14350  .1435000  52.863382 -1.5499 12.8302  .71182  .00248 2.34E-4 -5E-13   64
 4.92922 45.3406  .42081 2.05650 -.28292  CT03      .00000 0          53.006882 -1.5880 13.2805  .71357  .00249 2.34E-4 -5E-13   65
 4.92922 45.3406  .42081 2.05650 -.28292  LFT32    1.97630 1.9762962  53.006882 -1.5880 13.2805  .71357  .00249 2.34E-4 -5E-13   66
   AX      BX      NX      EX     EPX    Element   Length   Value      s(m)       AY      BY      NY      EY     EPY     DetR     #
 3.82657 28.0365  .42963 1.49775 -.28292 SCCELLIN01 .00000 0          54.983178 -2.1121 20.5931  .73264  .00268 2.34E-4 -5E-13   67
 3.82657 28.0365  .42963 1.49775 -.28292  LFT33    1.40012 1.4001171  54.983178 -2.1121 20.5931  .73264  .00268 2.34E-4 -5E-13   68
 3.04539 18.4150  .43945 1.10190 -.28292  MSDX.1   3.30033 -.3617000  56.383295 -2.4834 27.0274  .74209  .00282 2.34E-4 -5E-13   69
 -3.2978 19.0263  .47380  .77936  .06938  LFT34    1.10000 1.0999992  59.683624 4.78377 13.6015  .76431  .00254 -7.8E-4 -4E-10   70
 -3.9844 27.0368  .48152  .85528  .06938  MSFX.1   3.30037  .3617000  60.783623 2.85216 5.20205  .78518  .00221 -7.8E-4 -4E-10   71
 5.21750 19.8580  .49988  .65423 -.17943  LFT35    1.01745 1.0174546  64.083990 -2.6181 4.63470 1.13307  .00237 -3.3E-5 2.E-10   72
 3.77149 10.7121  .51100  .47215 -.17943  ESM10     .00000 0          65.101445 -4.3424 11.7168 1.15511  .00285 -3.3E-5 2.E-10   73
 3.77149 10.7121  .51100  .47215 -.17943  LFT36     .38266  .3826625  65.101445 -4.3424 11.7168 1.15511  .00285 -3.3E-5 2.E-10   74
 3.22765 8.03380  .51756  .40368 -.17943  SSEM10    .00000 0          65.484107 -4.9909 15.2883 1.15967  .00303 -3.3E-5 2.E-10   75
 3.22765 8.03380  .51756  .40368 -.17943  LFT37    1.40012 1.4001171  65.484107 -4.9909 15.2883 1.15967  .00303 -3.3E-5 2.E-10   76
 1.23779 1.78167  .57790  .15313 -.17943  MSDX.2   3.30033 -.3617000  66.884225 -7.3638 32.5865 1.16966  .00370 -3.3E-5 2.E-10   77
 -5.1657 11.2910  .90193 -.37468 -.17121  LFT38    1.10000 1.0999992  70.184553 6.63212 36.8598 1.18192  .00153 -.00121 -5.E-9   78
 -7.8629 25.6226  .91223 -.56240 -.17121  MSFX.2   3.30037  .3617000  71.284552 5.28964 23.7458 1.18784 -2.8E-4 -.00121 -5.E-9   79
 5.04021 42.0515  .92518 -.63713  .12998  LFT39    1.40012 1.4001171  74.584920 -1.4445 14.4248 1.22260 -.00602 -.00228 -9.E-9   80
 4.16109 29.1686  .93154 -.45545  .12998 SCCELLIN03 .00000 0          75.985037 -1.7441 18.8894 1.23612 -.00906 -.00228 -9.E-9   81
 4.16109 29.1686  .93154 -.45545  .12998  LFT40    1.40012 1.4001171  75.985037 -1.7441 18.8894 1.23612 -.00906 -.00228 -9.E-9   82
 3.28197 18.7475  .94107 -.27378  .12998  MSDX.3   3.30033 -.3617000  77.385154 -2.0438 24.1931 1.24655 -.01210 -.00228 -9.E-9   83
 -2.9403 17.9203  .97616  .15696  .15530  LFT41    1.10000 1.0999992  80.685483 4.20651 11.5721 1.27204 -.01221  .00259 -5.E-9   84
 -3.5323 25.0402  .98443  .32815  .15530  MSFX.3   3.30037  .3617000  81.785482 2.42947 4.27257 1.29704 -.00986  .00259 -5.E-9   85
 4.78918 17.7252 1.00464  .64121  .01601  LFT42    1.40012 1.4001171  85.085849 -2.9102 5.43813 1.64067 -.00769 -2.7E-4 -2.E-9   86
 2.89845 6.96166 1.02475  .66297  .01601  MSXD03    .00000 0          86.485966 -5.3483 17.0012 1.66392 -.00879 -2.7E-4 -2.E-9   87
 2.89845 6.96166 1.02475  .66297  .01601  BSND03    .00000  .0000000  86.485966 -5.3483 17.0012 1.66392 -.00879 -2.7E-4 -2.E-9   88
 2.89845 6.96166 1.02475  .66297  .01601  BSSD03    .00000  .0000000  86.485966 -5.3483 17.0012 1.66392 -.00879 -2.7E-4 -2.E-9   89
 2.89845 6.96166 1.02475  .66297  .01601  LFT43    1.40012 1.4001171  86.485966 -5.3483 17.0012 1.66392 -.00879 -2.7E-4 -2.E-9   90
 1.00773 1.49254 1.09626  .68472  .01601  MSDX.4   3.30033 -.3617000  87.886083 -7.7864 35.3915 1.67301 -.00989 -2.7E-4 -2.E-9   91
 -5.5190 12.4146 1.40562 1.28524  .38277  LFT44    1.10000 1.0999992  91.186412 7.20069 38.8069 1.68448 -.00517  .00291 -2E-10   92
 -8.3065 27.6227 1.41508 1.70566  .38277  MSFX.4   3.30037  .3617000  92.286411 5.70264 24.6133 1.69015 -.00146  .00291 -2E-10   93
 5.46991 44.1377 1.42725 1.87920 -.28756  LFT45    1.01745 1.0174546  95.586779 -1.1566 13.5917 1.72533  .01007  .00437 -6E-11   94
 4.75715 33.7321 1.43144 1.58687 -.28756  ESM11     .00000 0          96.604233 -1.3316 16.1233 1.73628  .01444  .00437 -6E-11   95
 4.75715 33.7321 1.43144 1.58687 -.28756  LFT46     .38266  .3826625  96.604233 -1.3316 16.1233 1.73628  .01444  .00437 -6E-11   96
 4.48908 30.1939 1.43335 1.47693 -.28756  SSEM11    .00000 0          96.986896 -1.3974 17.1676 1.73994  .01608  .00437 -6E-11   97
 4.48908 30.1939 1.43335 1.47693 -.28756  LFT47    1.40012 1.4001171  96.986896 -1.3974 17.1676 1.73994  .01608  .00437 -6E-11   98
 3.50826 18.9967 1.44266 1.07465 -.28756  MSDX.5   3.30033 -.3617000  98.387013 -1.6382 21.4179 1.75157  .02209  .00437 -6E-11   99
 -2.5876 16.7678 1.47872  .71583  .04989  LFT48    1.10000 1.0999992 101.687341 3.64563 9.70205 1.78121  .02238 -.00461 1.E-11  100
 -3.0924 23.0159 1.48763  .77038  .04989  MSFX.5   3.30037  .3617000 102.787341 2.02539 3.46393 1.81159  .01779 -.00461 1.E-11  101
 4.35636 15.6578 1.51007  .56339 -.16323  LFT49    1.40012 1.4001171 106.087708 -3.1934 6.29567 2.14720  .01268 3.56E-4 1.0E-9  102
 2.56994 5.96018 1.53322  .33550 -.16323 SCCELLIN06 .00000 0         107.487825 -5.6837 18.7247 2.16778  .01391 3.56E-4 1.0E-9  103
 2.56994 5.96018 1.53322  .33550 -.16323  LFT50    1.40012 1.4001171 107.487825 -5.6837 18.7247 2.16778  .01391 3.56E-4 1.0E-9  104
  .78353 1.26492 1.61838  .10761 -.16323  MSDX.6   3.30033 -.3617000 108.887942 -8.1740 38.1272 2.17613  .01513 3.56E-4 1.0E-9  105
 -5.8661 13.5695 1.90902 -.38509 -.16416  LFT51    1.10000 1.0999992 112.188271 7.75199 40.5940 2.18693  .00773 -.00442 -4.E-9  106
 -8.7367 29.6327 1.91776 -.56502 -.16416  MSFX.6   3.30037  .3617000 113.288270 6.09651 25.3606 2.19239  .00234 -.00442 -4.E-9  107
 5.89841 46.1520 1.92925 -.61956  .13398  LFT52    1.01745 1.0174546 116.588637 -.87990 12.7147 2.22823 -.01472 -.00648 -9.E-9  108
 5.10937 34.9520 1.93328 -.48350  .13398  ESM12     .00000 0         117.606092 -1.0218 14.6496 2.24011 -.02126 -.00648 -9.E-9  109
 5.10937 34.9520 1.93328 -.48350  .13398  LFT53     .38266  .3826625 117.606092 -1.0218 14.6496 2.24011 -.02126 -.00648 -9.E-9  110
 4.81261 31.1553 1.93513 -.43233  .13398 SCCELLIN07 .00000 0         117.988755 -1.0752 15.4521 2.24416 -.02372 -.00648 -9.E-9  111
 4.81261 31.1553 1.93513 -.43233  .13398  LFT54    1.40012 1.4001171 117.988755 -1.0752 15.4521 2.24416 -.02372 -.00648 -9.E-9  112
 3.72681 19.1991 1.94424 -.24510  .13398  MSDX.7   3.30033 -.3617000 119.388872 -1.2706 18.7367 2.25727 -.03272 -.00648 -9.E-9  113
 -2.2507 15.6256 1.98141  .22033  .17436  LFT55    1.10000 1.0999992 122.689200 3.10811 8.01357 2.29221 -.03282  .00679 -6.E-9  114
 -2.6777 21.0469 1.99107  .41243  .17436  MSFX.7   3.30037  .3617000 123.789199 1.64480 2.78538 2.32961 -.02579  .00679 -6.E-9  115
 3.93498 13.7293 2.01615  .73065 -2.0E-4  LFT56    1.40012 1.4001171 127.089567 -3.4627 7.19247 2.65287 -.01712 -2.0E-4 -2.E-9  116
 2.25394 5.06416 2.04300  .72974 -2.0E-4  MSXD07    .00000 0         128.489684 -5.9915 20.4296 2.67129 -.01813 -2.0E-4 -2.E-9  117
 2.25394 5.06416 2.04300  .72974 -2.0E-4  BSND07    .00000  .0000000 128.489684 -5.9915 20.4296 2.67129 -.01813 -2.0E-4 -2.E-9  118
 2.25394 5.06416 2.04300  .72974 -2.0E-4  BSSD07    .00000  .0000000 128.489684 -5.9915 20.4296 2.67129 -.01813 -2.0E-4 -2.E-9  119
 2.25394 5.06416 2.04300  .72974 -2.0E-4  LFT57    1.40012 1.4001171 128.489684 -5.9915 20.4296 2.67129 -.01813 -2.0E-4 -2.E-9  120
  .57290 1.10625 2.14374  .72883 -2.0E-4  MSDX.8   3.30033 -.3617000 129.889801 -8.5203 40.7479 2.67902 -.01915 -2.0E-4 -2.E-9  121
 -6.1966 14.7216 2.41212 1.29330  .37510  LFT58    1.10000 1.0999992 133.190130 8.27444 42.1795 2.68927 -.00916  .00568 -4E-10  122
 -9.1405 31.5925 2.42024 1.70526  .37510  MSFX.8   3.30037  .3617000 134.290129 6.46283 25.9685 2.69456 -.00235  .00568 -4E-10  123
 6.31875 48.0212 2.43115 1.85858 -.29095  LFT59    1.40012 1.4001171 137.590496 -.61813 11.7985 2.73136  .01989  .00860 -3E-10  124
 5.12549 31.9980 2.43683 1.45161 -.29095  MSXD08    .00000 0         138.990613 -.78214 13.7590 2.74888  .03190  .00860 -3E-10  125
 5.12549 31.9980 2.43683 1.45161 -.29095  BSND08    .00000  .0000000 138.990613 -.78214 13.7590 2.74888  .03190  .00860 -3E-10  126
 5.12549 31.9980 2.43683 1.45161 -.29095  BSSD08    .00000  .0000000 138.990613 -.78214 13.7590 2.74888  .03190  .00860 -3E-10  127
 5.12549 31.9980 2.43683 1.45161 -.29095  LFT60    1.40012 1.4001171 138.990613 -.78214 13.7590 2.74888  .03190  .00860 -3E-10  128
 3.93222 19.3161 2.44580 1.04464 -.29095  MSDX.9   3.30033 -.3617000 140.390730 -.94615 16.1788 2.76384  .04390  .00860 -3E-10  129
 -1.9236 14.4533 2.48436  .65268  .03126  LFT61    1.10000 1.0999992 143.691059 2.59998 6.52671 2.80565  .04361 -.00915 3.E-10  130
 -2.2814 19.0789 2.49491  .68678  .03126  MSFX.9   3.30037  .3617000 144.791058 1.29214 2.24538 2.85204  .03396 -.00915 3.E-10  131
 3.51504 11.8969 2.52324  .47539 -.14702  LFT62    1.40012 1.4001171 148.091426 -3.7161 8.12212 3.15787  .02112 -1.8E-4 1.7E-9  132
   AX      BX      NX      EX     EPX    Element   Length   Value      s(m)       AY      BY      NY      EY     EPY     DetR     #
 1.94326 4.25464 2.55477  .27016 -.14702 SCCELLIN10 .00000 0         149.491543 -6.2691 22.1027 3.17453  .02160 -1.8E-4 1.7E-9  133
 1.94326 4.25464 2.55477  .27016 -.14702  LFT63    1.40012 1.4001171 149.491543 -6.2691 22.1027 3.17453  .02160 -1.8E-4 1.7E-9  134
  .37149 1.01372 2.67252  .06493 -.14702  MSDX.10  3.30033 -.3617000 150.891660 -8.8221 43.2322 3.18175  .02208 -1.8E-4 1.7E-9  135
 -6.5151 15.8871 2.91501 -.39081 -.15587  LFT64    1.10000 1.0999992 154.191988 8.76624 43.5621 3.19154  .00942 -.00671 -4.E-9  136
 -9.5233 33.5295 2.92260 -.56161 -.15587  MSFX.10  3.30037  .3617000 155.291988 6.80050 26.4387 3.19670  .00146 -.00671 -4.E-9  137
 6.73051 49.7841 2.93299 -.59594  .13677  LFT65    1.01745 1.0174546 158.592355 -.37429 10.8604 3.23472 -.02557 -.01068 -9.E-9  138
 5.78427 37.0508 2.93676 -.45709  .13677  ESM13     .00000 0         159.609810 -.48110 11.7307 3.24909 -.03645 -.01068 -9.E-9  139
 5.78427 37.0508 2.93676 -.45709  .13677  LFT66     .38266  .3826625 159.609810 -.48110 11.7307 3.24909 -.03645 -.01068 -9.E-9  140
 5.42839 32.7602 2.93851 -.40486  .13677  SSEM12    .00000 0         159.992472 -.52127 12.1143 3.25420 -.04054 -.01068 -9.E-9  141
 5.42839 32.7602 2.93851 -.40486  .13677  LFT67    1.40012 1.4001171 159.992472 -.52127 12.1143 3.25420 -.04054 -.01068 -9.E-9  142
 4.12626 19.3826 2.94736 -.21379  .13677  MSDX.11  3.30033 -.3617000 161.392589 -.66825 13.7798 3.27148 -.05551 -.01068 -9.E-9  143
 -1.6173 13.3087 2.98751  .28316  .19254  LFT68    1.10000 1.0999992 164.692918 2.12808 5.26043 3.32222 -.05446  .01163 -7.E-9  144
 -1.9162 17.1958 2.99909  .49520  .19254  MSFX.11  3.30037  .3617000 165.792917  .97198 1.85036 3.37957 -.04205  .01163 -7.E-9  145
 3.11308 10.2297 3.03132  .81706 -.01636  LFT69    1.40012 1.4001171 169.093284 -3.9497 9.06906 3.66232 -.02448 7.90E-4 -3.E-9  146
 1.64980 3.56118 3.06858  .79355 -.01636 SCCELLIN12 .00000 0         170.493401 -6.5125 23.7174 3.67753 -.02410 7.90E-4 -3.E-9  147
 1.64980 3.56118 3.06858  .79355 -.01636  LFT70    1.40012 1.4001171 170.493401 -6.5125 23.7174 3.67753 -.02410 7.90E-4 -3.E-9  148
  .18652  .99012 3.20250  .77004 -.01636  MSDX.12  3.30033 -.3617000 171.893519 -9.0753 45.5423 3.68432 -.02373 7.90E-4 -3.E-9  149
 -6.8131 17.0334 3.41767 1.29674  .36625  LFT71    1.10000 1.0999992 175.193847 9.21737 44.7094 3.69373 -.00853  .00749 -7E-10  150
 -9.8753 35.3908 3.42480 1.69894  .36625  MSFX.12  3.30037  .3617000 176.293846 7.10247 26.7576 3.69880 2.99E-4  .00749 -7E-10  151
 7.12899 51.3806 3.43476 1.83210 -.29314  LFT72    1.40012 1.4001171 179.594214 -.15140 9.90535 3.73841  .03169  .01276 -6E-10  152
 5.71683 33.3950 3.44014 1.42211 -.29314 SCCELLIN13 .00000 0         180.994331 -.29599 10.5317 3.76030  .04960  .01276 -6E-10  153
 5.71683 33.3950 3.44014 1.42211 -.29314  LFT73    1.40012 1.4001171 180.994331 -.29599 10.5317 3.76030  .04960  .01276 -6E-10  154
 4.30468 19.3637 3.44891 1.01213 -.29314  MSDX.13  3.30033 -.3617000 182.394448 -.44058 11.5630 3.78054  .06751  .01276 -6E-10  155
 -1.3257 12.1515 3.49099  .59023  .01353  LFT74    1.10000 1.0999992 185.694777 1.69726 4.22877 3.84287  .06549 -.01426 4.E-10  156
 -1.5753 15.3427 3.50383  .60490  .01353  MSFX.13  3.30037  .3617000 186.794776  .68780 1.60520 3.91224  .05016 -.01426 4.E-10  157
 2.71858 8.68718 3.54093  .39061 -.13091  LFT75    1.01745 1.0174546 190.095143 -4.1611 10.0259 4.16633  .02731 -.00163 2.1E-9  158
 1.73585 4.15500 3.56802  .25784 -.13091  ESM14     .00000 0         191.112598 -6.0198 20.3847 4.17766  .02618 -.00163 2.1E-9  159
 1.73585 4.15500 3.56802  .25784 -.13091  LFT76     .38266  .3826625 191.112598 -6.0198 20.3847 4.17766  .02618 -.00163 2.1E-9  160
 1.36625 2.96794 3.58540  .20791 -.13091  SSEM13    .00000 0         191.495260 -6.7189 25.2594 4.18035  .02575 -.00163 2.1E-9  161
 1.36625 2.96794 3.58540  .20791 -.13091  LFT77    1.40012 1.4001171 191.495260 -6.7189 25.2594 4.18035  .02575 -.00163 2.1E-9  162
  .01392 1.03554 3.73262  .02521 -.13091  MSDX.14  3.30033 -.3617000 192.895377 -9.2766 47.6551 4.18677  .02419 -.00163 2.1E-9  163
 -7.0935 18.1748 3.92018 -.39200 -.14646  LFT78    1.10000 1.0999992 196.195706 9.62593 45.6209 4.19589  .00644 -.00800 -3.E-9  164
 -10.199 37.1971 3.92691 -.55242 -.14646  MSFX.14  3.30037  .3617000 197.295705 7.36766 26.9280 4.20088 -.00298 -.00800 -3.E-9  165
 7.51175 52.8398 3.93649 -.56664  .13836  LFT79    2.39862 2.3986221 200.596073  .04784 8.95150 4.24246 -.03822 -.01475 -8.E-9  166
 4.90493 23.0569 3.94744 -.23557  .13836  CT04      .00000 0         202.994695 -.22073 9.36620 4.28464 -.07376 -.01475 -8.E-9  167
 4.90493 23.0569 3.94744 -.23557  .13836  LFT80     .87501  .8750068 202.994695 -.22073 9.36620 4.28464 -.07376 -.01475 -8.E-9  168
 3.95397 15.3053 3.95485 -.11479  .13836  QFQ1     2.00000 -.1411485 203.869702 -.31870 9.83821 4.29917 -.08672 -.01475 -8.E-9  169
 1.20762 5.85516 3.99038  .15802  .14134  LFT81     .50573  .5057306 205.869702  .80249 8.76798 4.33209 -.10304 -.00104 -8.E-9  170
  .99528 4.74109 4.00568  .22942  .14134  ESM15     .00000 0         206.375432  .70767 8.00425 4.34170 -.10361 -.00104 -8.E-9  171
  .99528 4.74109 4.00568  .22942  .14134  LFT82     .14803  .1480311 206.375432  .70767 8.00425 4.34170 -.10361 -.00104 -8.E-9  172
  .93313 4.45563 4.01081  .25031  .14134  SSEM14    .00000 0         206.523463  .67991 7.79884 4.34468 -.10377 -.00104 -8.E-9  173
  .93313 4.45563 4.01081  .25031  .14134  LFT83     .54617  .5461724 206.523463  .67991 7.79884 4.34468 -.10377 -.00104 -8.E-9  174
  .70381 3.56157 4.03270  .32742  .14134  BFV1     1.00000  .0000000 207.069636  .57750 7.11208 4.35637 -.10438 -.00104 -8.E-9  175
  .28396 2.57380 4.08627  .46858  .14134  LFT84    1.09790 1.0978958 208.069636  .39000 6.14457 4.38053 -.10541 -.00104 -8.E-9  176
 -.17700 2.45638 4.15818  .62357  .14134  BFH1     1.00000  .0013288 209.167531  .18415 5.51421 4.41073 -.10645 -.00104 -8.E-9  177
 -.59685 3.23024 4.21594  .76546  .14267  LFT85     .76981  .7698088 210.167531 -.00335 5.33341 4.44025 -.10739 -.00104 -8.E-9  178
 -.92006 4.39798 4.24868  .87525  .14267  ESM16     .00000 0         210.937340 -.14769 5.44968 4.46305 -.10812 -.00104 -8.E-9  179
 -.92006 4.39798 4.24868  .87525  .14267  LFT86    4.31855 4.3185453 210.937340 -.14769 5.44968 4.46305 -.10812 -.00104 -8.E-9  180
 -2.7332 20.1748 4.32448 1.49117  .14267  BFV2      .75000  .0000000 215.255886 -.95741 10.2221 4.56126 -.11220 -.00104 -8.E-9  181
 -3.0481 24.5109 4.32985 1.59814  .14267  LFT87     .68800  .6880000 216.005886 -1.0980 11.7636 4.57215 -.11288 -.00104 -8.E-9  182
 -3.3369 28.9038 4.33396 1.69626  .14267  SSEM15    .00000 0         216.693885 -1.2270 13.3633 4.58089 -.11348 -.00104 -8.E-9  183
 -3.3369 28.9038 4.33396 1.69626  .14267  LFT88     .14869  .1486906 216.693885 -1.2270 13.3633 4.58089 -.11348 -.00104 -8.E-9  184
 -3.3994 29.9055 4.33477 1.71747  .14267  ESM17     .00000 0         216.842576 -1.2549 13.7323 4.58263 -.11361 -.00104 -8.E-9  185
 -3.3994 29.9055 4.33477 1.71747  .14267  LFT89     .48900  .4890000 216.842576 -1.2549 13.7323 4.58263 -.11361 -.00104 -8.E-9  186
 -3.6047 33.3305 4.33723 1.78721  .14267  QFQ2     2.50000  .1351783 217.331576 -1.3466 15.0045 4.58806 -.11404 -.00104 -8.E-9  187
 1.29757 39.8498 4.34755 1.83043 -.10897  LFT90    2.25074 2.2507424 219.831576 -5.4629 30.3386 4.60782 -.13664 -.01751 -8.E-9  188
 1.14600 34.3500 4.35724 1.58505 -.10897  QFQ3     2.50000 -.1115837 222.082319 -7.7510 60.0799 4.61622 -.17652 -.01751 -8.E-9  189
 -2.9409 38.4619 4.36871 1.52591  .06067  LFT91     .63000  .6300000 224.582319 -.38374 82.5459 4.62161 -.19417  .00368 -8.E-9  190
 -3.0990 42.2671 4.37120 1.56409  .06067  ESM18     .00000 0         225.212318 -.39249 83.0349 4.62282 -.19171  .00368 -8.E-9  191
 -3.0990 42.2671 4.37120 1.56409  .06067  LFT92     .14800  .1480000 225.212318 -.39249 83.0349 4.62282 -.19171  .00368 -8.E-9  192
 -3.1361 43.1899 4.37175 1.57306  .06067  SSEM16    .00000 0         225.360318 -.39455 83.1514 4.62311 -.19113  .00368 -8.E-9  193
 -3.1361 43.1899 4.37175 1.57306  .06067  LFT93     .64700  .6470000 225.360318 -.39455 83.1514 4.62311 -.19113  .00368 -8.E-9  194
 -3.2984 47.3531 4.37403 1.61227  .06067  BFH2      .75000  .0000000 226.007318 -.40354 83.6677 4.62434 -.18859  .00368 -8.E-9  195
 -3.4866 52.4419 4.37643 1.65776  .06067  LFT94    1.04500 1.0450000 226.757318 -.41396 84.2809 4.62576 -.18565  .00368 -8.E-9  196
 -3.7487 60.0028 4.37939 1.72119  .06067  BFVD1    2.00005 -.0237365 227.802318 -.42849 85.1612 4.62772 -.18156  .00368 -8.E-9  197
 -4.2292 75.9642 4.38411 1.84197  .06016  LFT95    1.00000 1.0000000 229.802372 -.45628 86.9296 4.63142 -.14999  .02742 -8.E-9  198
   AX      BX      NX      EX     EPX    Element   Length   Value      s(m)       AY      BY      NY      EY     EPY     DetR     #
 -4.4778 84.6713 4.38609 1.90217  .06016  QFQ4     1.50000  .0512903 230.802372 -.47018 87.8561 4.63325 -.12234  .02742 -8.E-9  199
 -.03699 91.6228 4.38877 1.91859 -.03846  LFT96     .55800  .5580000 232.302372 -5.3072 96.3066 4.63587 -.08502  .02213 -8.E-9  200
 -.04308 91.6675 4.38974 1.89715 -.03846  SSEM17    .00000 0         232.860372 -5.4762 102.323 4.63677 -.07251  .02213 -8.E-9  201
 -.04308 91.6675 4.38974 1.89715 -.03846  LFT97     .14777  .1477743 232.860372 -5.4762 102.323 4.63677 -.07251  .02213 -8.E-9  202
 -.04470 91.6805 4.38999 1.89147 -.03846  ESM19     .00000 0         233.008146 -5.5209 103.948 4.63700 -.06920  .02213 -8.E-9  203
 -.04470 91.6805 4.38999 1.89147 -.03846  LFT98     .59200  .5920000 233.008146 -5.5209 103.948 4.63700 -.06920  .02213 -8.E-9  204
 -.05117 91.7372 4.39102 1.86872 -.03846  BFVD2    2.50018 -.0397411 233.600146 -5.7002 110.591 4.63788 -.05592  .02213 -8.E-9  205
 -.02043 91.9185 4.39535 1.77090 -.03961  LFT99     .55900  .5590000 236.100328 -6.4571 140.974 4.64106  .04979  .06188 -8.E-9  206
 -.02651 91.9447 4.39632 1.74878 -.03961  ESM20     .00000 0         236.659328 -6.6264 148.288 4.64168  .08454  .06188 -8.E-9  207
 -.02651 91.9447 4.39632 1.74878 -.03961  LFT100    .14863  .1486253 236.659328 -6.6264 148.288 4.64168  .08454  .06188 -8.E-9  208
 -.02813 91.9529 4.39658 1.74289 -.03961  SSEM18    .00000 0         236.807954 -6.6714 150.265 4.64184  .09378  .06188 -8.E-9  209
 -.02813 91.9529 4.39658 1.74289 -.03961  LFT101    .18500  .1850000 236.807954 -6.6714 150.265 4.64184  .09378  .06188 -8.E-9  210
 -.03014 91.9636 4.39690 1.73557 -.03961  CT05      .00000 0         236.992954 -6.7275 152.743 4.64203  .10528  .06188 -8.E-9  211
 -.03014 91.9636 4.39690 1.73557 -.03961  LFT102   1.41740 1.4174000 236.992954 -6.7275 152.743 4.64203  .10528  .06188 -8.E-9  212
 -.04557 92.0710 4.39935 1.67948 -.03961  SSEM19    .00000 0         238.410354 -7.1567 172.423 4.64342  .19340  .06188 -8.E-9  213
 -.04557 92.0710 4.39935 1.67948 -.03961  LFT103    .20400  .2040000 238.410354 -7.1567 172.423 4.64342  .19340  .06188 -8.E-9  214
 -.04779 92.0900 4.39970 1.67140 -.03961  ESM21     .00000 0         238.614354 -7.2185 175.356 4.64361  .20608  .06188 -8.E-9  215
 -.04779 92.0900 4.39970 1.67140 -.03961  LFT104   1.58910 1.5891000 238.614354 -7.2185 175.356 4.64361  .20608  .06188 -8.E-9  216
 -.06509 92.2694 4.40245 1.60851 -.03961  BAFFLE    .00000 0         240.203454 -7.6998 199.062 4.64496  .30487  .06188 -8.E-9  217
 -.06509 92.2694 4.40245 1.60851 -.03961  LFT105   1.05214 1.0521400 240.203454 -7.6998 199.062 4.64496  .30487  .06188 -8.E-9  218
 -.07654 92.4184 4.40426 1.56687 -.03961  OTR       .00000 0         241.255594 -8.0184 215.600 4.64577  .37028  .06188 -8.E-9  219
 -.07654 92.4184 4.40426 1.56687 -.03961  LFT106    .76936  .7693600 241.255594 -8.0184 215.600 4.64577  .37028  .06188 -8.E-9  220
 -.08491 92.5426 4.40558 1.53642 -.03961  TARGET    .00000 0         242.024954 -8.2514 228.118 4.64632  .41811  .06188 -8.E-9  221
 -.08491 92.5426 4.40558 1.53642 -.03961  $$$       .00000 0         242.024954 -8.2514 228.118 4.64632  .41811  .06188 -8.E-9  222
 !
 DISP O;
   AX      BX      NX      EX     EPX    Element    DX     DPX    DY     DPY      AY      BY      NY      EY     EPY     DetR     #
 -2.4187 37.0980  .00000  .42373  .07196  NUIN     -5.E-4 3.2E-5 -2.E-4 7.8E-5   .17800 5.45000  .00000  .00000  .00000  .0000    1
 -2.4187 37.0980  .00000  .42373  .07196  LFT00    -5.E-4 3.2E-5 -2.E-4 7.8E-5   .17800 5.45000  .00000  .00000  .00000  .0000    2
 -2.6943 44.7299  .00583  .53110  .07196  CT01     -5.E-4 3.2E-5 -1.E-4 7.8E-5  -.10455 5.34037  .04462 -1.2E-4  .00000  .0000    3
 -2.6943 44.7299  .00583  .53110  .07196  LFT01    -5.E-4 3.2E-5 -1.E-4 7.8E-5  -.10455 5.34037  .04462 -1.2E-4  .00000  .0000    4
 -2.7323 45.8465  .00656  .54590  .07196  SSEM01   -5.E-4 3.2E-5 -1.E-4 7.8E-5  -.14350 5.39141  .05072 -1.3E-4  .00000  .0000    5
 -2.7323 45.8465  .00656  .54590  .07196  LFT02    -5.E-4 3.2E-5 -1.E-4 7.8E-5  -.14350 5.39141  .05072 -1.3E-4  .00000  .0000    6
 -2.7598 46.6639  .00707  .55661  .07196  ESM01    -5.E-4 3.2E-5 -9.E-5 7.8E-5  -.17167 5.43831  .05509 -1.4E-4  .00000  .0000    7
 -2.7598 46.6639  .00707  .55661  .07196  LFT03    -5.E-4 3.2E-5 -9.E-5 7.8E-5  -.17167 5.43831  .05509 -1.4E-4  .00000  .0000    8
 -2.8532 49.5012  .00874  .59297  .07196  BPV1     -4.E-4 3.2E-5 -5.E-5 7.8E-5  -.26736 5.66023  .06962 -1.8E-4  .00000  .0000    9
 -3.0378 55.3922  .01178  .66490  .07196  LFT04    -4.E-4 3.2E-5 2.9E-5 7.8E-5  -.45666 6.38425  .09621 -2.6E-4  .00000  .0000   10
 -3.7487 81.5206  .02091  .94183  .07196  BPH2     -3.E-4 3.2E-5 3.3E-4 7.8E-5  -1.1854 12.7063  .16651 -5.6E-4  .00000  .0000   11
 -3.8595 86.0856  .02204  .98498  .07196  LFT05    -3.E-4 5.9E-5 3.8E-4 7.8E-5  -1.2990 14.1970  .17362 -6.1E-4 1.3E-12  .0000   12
 -3.9249 88.8393  .02269 1.01042  .07196  ESM02    -2.E-4 5.9E-5 4.0E-4 7.8E-5  -1.3660 15.1397  .17746 -6.4E-4 1.3E-12  .0000   13
 -3.9249 88.8393  .02269 1.01042  .07196  LFT06    -2.E-4 5.9E-5 4.0E-4 7.8E-5  -1.3660 15.1397  .17746 -6.4E-4 1.3E-12  .0000   14
 -3.9521 90.0020  .02295 1.02103  .07196  SSEM02   -2.E-4 5.9E-5 4.2E-4 7.8E-5  -1.3939 15.5471  .17899 -6.5E-4 1.3E-12  .0000   15
 -3.9521 90.0020  .02295 1.02103  .07196  LFT07    -2.E-4 5.9E-5 4.2E-4 7.8E-5  -1.3939 15.5471  .17899 -6.5E-4 1.3E-12  .0000   16
 -4.0719 95.2057  .02407 1.06767  .07196  QPQ1     -2.E-4 5.9E-5 4.7E-4 7.8E-5  -1.5167 17.4347  .18526 -7.0E-4 1.3E-12  .0000   17
 10.2335 72.7814  .02933 1.00521 -.11171  LFT08    -3.E-5 5.1E-5 7.4E-4 1.1E-4  -8.1899 42.4488  .20439 -.00118 -1.5E-4 2.E-17   18
 7.90950 43.7552  .03384  .82641 -.11171  QPQ2     5.6E-5 5.1E-5 9.2E-4 1.1E-4  -10.755 72.7591  .20897 -.00160 -1.5E-4 1.E-17   19
  .72630 21.8469  .05082  .70445  .02673  LFT09    2.8E-4 1.0E-4  .0011 -9.E-6  5.25366 93.3126  .21423 -.00172 1.84E-4 2.E-16   20
  .69734 21.2572  .05388  .71548  .02673  ESM03    3.2E-4 1.0E-4  .0011 -9.E-6  5.12671 89.0133  .21496 -.00164 1.84E-4 2.E-16   21
  .69734 21.2572  .05388  .71548  .02673  LFT10    3.2E-4 1.0E-4  .0011 -9.E-6  5.12671 89.0133  .21496 -.00164 1.84E-4 2.E-16   22
  .68698 21.0520  .05500  .71943  .02673  SSEM03   3.3E-4 1.0E-4  .0011 -9.E-6  5.08128 87.5002  .21522 -.00161 1.84E-4 2.E-16   23
  .68698 21.0520  .05500  .71943  .02673  LFT11    3.3E-4 1.0E-4  .0011 -9.E-6  5.08128 87.5002  .21522 -.00161 1.84E-4 2.E-16   24
  .64592 20.2693  .05952  .73506  .02673  BPD1     4.0E-4 1.0E-4  .0011 -9.E-6  4.90129 81.6383  .21633 -.00149 1.84E-4 2.E-16   25
  .43619 17.0235  .08533  .86546  .06028  LFT12    5.0E-4 -4.E-5  .0010 -1.E-5  4.00198 54.9118  .22346 -9.1E-4 1.85E-4 -2E-14   26
  .39863 16.5750  .09042  .89786  .06028  ESM04    4.8E-4 -4.E-5  .0010 -1.E-5  3.83552 50.7016  .22508 -8.1E-4 1.85E-4 -2E-14   27
  .39863 16.5750  .09042  .89786  .06028  LFT13    4.8E-4 -4.E-5  .0010 -1.E-5  3.83552 50.7016  .22508 -8.1E-4 1.85E-4 -2E-14   28
  .35224 16.0767  .09690  .93789  .06028  BPD2     4.5E-4 -4.E-5  .0010 -1.E-5  3.62988 45.7475  .22728 -6.8E-4 1.85E-4 -2E-14   29
  .14251 14.5927  .12827 1.16846  .09345  LFT14    4.5E-4 3.4E-5  .0010 -1.E-5  2.70946 26.7181  .24095 -9.1E-5 1.86E-4 2.E-13   30
  .08889 14.4153  .13669 1.24010  .09345  ESM05    4.8E-4 3.4E-5 9.9E-4 -1.E-5  2.47005 22.7462  .24590 5.92E-5 1.86E-4 2.E-13   31
  .08889 14.4153  .13669 1.24010  .09345  LFT15    4.8E-4 3.4E-5 9.9E-4 -1.E-5  2.47005 22.7462  .24590 5.92E-5 1.86E-4 2.E-13   32
  .07850 14.3904  .13833 1.25398  .09345  SSEM04   4.8E-4 3.4E-5 9.9E-4 -1.E-5  2.42366 22.0190  .24696 8.82E-5 1.86E-4 2.E-13   33
  .07850 14.3904  .13833 1.25398  .09345  LFT16    4.8E-4 3.4E-5 9.9E-4 -1.E-5  2.42366 22.0190  .24696 8.82E-5 1.86E-4 2.E-13   34
  .06549 14.3636  .14039 1.27136  .09345  CT02     4.9E-4 3.4E-5 9.9E-4 -1.E-5  2.36559 21.1282  .24833 1.25E-4 1.86E-4 2.E-13   35
  .06549 14.3636  .14039 1.27136  .09345  LFT17    4.9E-4 3.4E-5 9.9E-4 -1.E-5  2.36559 21.1282  .24833 1.25E-4 1.86E-4 2.E-13   36
 -.22243 15.0099  .18563 1.65604  .09345  SSEM05   6.3E-4 3.4E-5 9.5E-4 -1.E-5  1.08000 6.93934  .30356 9.29E-4 1.86E-4 2.E-13   37
 -.22243 15.0099  .18563 1.65604  .09345  LFT18    6.3E-4 3.4E-5 9.5E-4 -1.E-5  1.08000 6.93934  .30356 9.29E-4 1.86E-4 2.E-13   38
 -.39099 16.4887  .21012 1.88125  .09345  SSEM06   7.1E-4 3.4E-5 9.2E-4 -1.E-5   .32737 3.54646  .38433  .00140 1.86E-4 2.E-13   39
 -.39099 16.4887  .21012 1.88125  .09345  LFT19    7.1E-4 3.4E-5 9.2E-4 -1.E-5   .32737 3.54646  .38433  .00140 1.86E-4 2.E-13   40
 -.40124 16.6049  .21153 1.89495  .09345  ESM06    7.1E-4 3.4E-5 9.2E-4 -1.E-5   .28158 3.45714  .39099  .00143 1.86E-4 2.E-13   41
 -.40124 16.6049  .21153 1.89495  .09345  LFT20    7.1E-4 3.4E-5 9.2E-4 -1.E-5   .28158 3.45714  .39099  .00143 1.86E-4 2.E-13   42
 -.44138 17.0886  .21695 1.94858  .09345  QPQ3     7.3E-4 3.4E-5 9.2E-4 -1.E-5   .10236 3.23673  .41844  .00154 1.86E-4 2.E-13   43
 1.15205 15.9651  .23106 1.93908 -.10593  LFT21    7.5E-4 -9.E-6 9.9E-4 1.2E-4  -.74411 4.15340  .48735  .00187 3.57E-4 -3E-13   44
  .69290 10.1538  .27085 1.60543 -.10593  BPV2     7.3E-4 -9.E-6  .0014 1.2E-4  -1.9224 12.5526  .55919  .00262 3.57E-4 -3E-13   45
  .54713 8.91378  .28761 1.49951 -.10593  LFT22    7.2E-4 -9.E-6  .0015 2.3E-4  -2.2964 16.7715  .57017  .00281 3.57E-4 -3E-13   46
  .49540 8.54378  .29408 1.46192 -.10593  ESM07    7.1E-4 -9.E-6  .0016 2.3E-4  -2.4292 18.4487  .57338  .00286 3.57E-4 -3E-13   47
  .49540 8.54378  .29408 1.46192 -.10593  LFT23    7.1E-4 -9.E-6  .0016 2.3E-4  -2.4292 18.4487  .57338  .00286 3.57E-4 -3E-13   48
  .47399 8.40146  .29684 1.44636 -.10593  SSEM07   7.1E-4 -9.E-6  .0016 2.3E-4  -2.4841 19.1701  .57463  .00287 3.57E-4 -3E-13   49
  .47399 8.40146  .29684 1.44636 -.10593  LFT24    7.1E-4 -9.E-6  .0016 2.3E-4  -2.4841 19.1701  .57463  .00287 3.57E-4 -3E-13   50
  .38829 7.89450  .30834 1.38409 -.10593  QPQ4     7.1E-4 -9.E-6  .0018 2.3E-4  -2.7041 22.2204  .57916  .00295 3.57E-4 -3E-13   51
 -1.6826 11.2094  .36490 1.42203  .13251  LFT25    9.6E-4 1.9E-4  .0020 -1.E-4  1.61915 26.2094  .59728  .00302 -1.8E-4 -9E-13   52
 -1.9006 13.4943  .37316 1.50641  .13251  ESM08     .0011 1.9E-4  .0019 -1.E-4  1.53104 24.2007  .60131  .00296 -1.8E-4 -9E-13   53
 -1.9006 13.4943  .37316 1.50641  .13251  LFT26     .0011 1.9E-4  .0019 -1.E-4  1.53104 24.2007  .60131  .00296 -1.8E-4 -9E-13   54
 -1.9513 14.0659  .37487 1.52605  .13251  SSEM08    .0011 1.9E-4  .0019 -1.E-4  1.51053 23.7493  .60229  .00295 -1.8E-4 -9E-13   55
 -1.9513 14.0659  .37487 1.52605  .13251  LFT27     .0011 1.9E-4  .0019 -1.E-4  1.51053 23.7493  .60229  .00295 -1.8E-4 -9E-13   56
 -3.2758 34.3222  .40309 2.03882  .13251  SSEM09    .0018 1.9E-4  .0015 -1.E-4   .97506 14.1173  .63623  .00263 -1.8E-4 -9E-13   57
 -3.2758 34.3222  .40309 2.03882  .13251  LFT28     .0018 1.9E-4  .0015 -1.E-4   .97506 14.1173  .63623  .00263 -1.8E-4 -9E-13   58
 -3.5833 40.4929  .40693 2.15786  .13251  BPH3      .0020 1.9E-4  .0014 -1.E-4   .85075 12.4747  .64703  .00256 -1.8E-4 -8E-13   59
 -3.9251 48.0015  .41054 2.29018  .13251  LFT29     .0022 2.0E-4  .0013 -1.E-4   .71257 10.9114  .66069  .00247 -1.8E-4 -8E-13   60
 -4.1985 54.4985  .41303 2.39599  .13251  QPQ5      .0024 2.0E-4  .0013 -1.E-4   .60206 9.86010  .67297  .00241 -1.8E-4 -8E-13   61
 5.29343 52.0136  .41867 2.24106 -.28292  LFT30     .0024 -2.E-4  .0013 1.4E-4  -1.4149 11.3202  .70509  .00243 2.34E-4 -5E-13   62
 5.00928 46.7667  .42031 2.09707 -.28292  ESM09     .0023 -2.E-4  .0014 1.4E-4  -1.5499 12.8302  .71182  .00248 2.34E-4 -5E-13   63
 5.00928 46.7667  .42031 2.09707 -.28292  LFT31     .0023 -2.E-4  .0014 1.4E-4  -1.5499 12.8302  .71182  .00248 2.34E-4 -5E-13   64
 4.92922 45.3406  .42081 2.05650 -.28292  CT03      .0022 -2.E-4  .0014 1.4E-4  -1.5880 13.2805  .71357  .00249 2.34E-4 -5E-13   65
 4.92922 45.3406  .42081 2.05650 -.28292  LFT32     .0022 -2.E-4  .0014 1.4E-4  -1.5880 13.2805  .71357  .00249 2.34E-4 -5E-13   66
   AX      BX      NX      EX     EPX    Element    DX     DPX    DY     DPY      AY      BY      NY      EY     EPY     DetR     #
 3.82657 28.0365  .42963 1.49775 -.28292 SCCELLIN01 .0018 -2.E-4  .0016 1.4E-4  -2.1121 20.5931  .73264  .00268 2.34E-4 -5E-13   67
 3.82657 28.0365  .42963 1.49775 -.28292  LFT33     .0018 -2.E-4  .0016 1.4E-4  -2.1121 20.5931  .73264  .00268 2.34E-4 -5E-13   68
 3.04539 18.4150  .43945 1.10190 -.28292  MSDX.1    .0016 -2.E-4  .0018 1.4E-4  -2.4834 27.0274  .74209  .00282 2.34E-4 -5E-13   69
 -3.2978 19.0263  .47380  .77936  .06938  LFT34     .0018 3.5E-4  .0012 -5.E-4  4.78377 13.6015  .76431  .00254 -7.8E-4 -4E-10   70
 -3.9844 27.0368  .48152  .85528  .06938  MSFX.1    .0022 3.5E-4 6.7E-4 -5.E-4  2.85216 5.20205  .78518  .00221 -7.8E-4 -4E-10   71
 5.21750 19.8580  .49988  .65423 -.17943  LFT35     .0019 -5.E-4 -8.E-4 -5.E-4  -2.6181 4.63470 1.13307  .00237 -3.3E-5 2.E-10   72
 3.77149 10.7121  .51100  .47215 -.17943  ESM10     .0014 -5.E-4 -.0013 -5.E-4  -4.3424 11.7168 1.15511  .00285 -3.3E-5 2.E-10   73
 3.77149 10.7121  .51100  .47215 -.17943  LFT36     .0014 -5.E-4 -.0013 -5.E-4  -4.3424 11.7168 1.15511  .00285 -3.3E-5 2.E-10   74
 3.22765 8.03380  .51756  .40368 -.17943  SSEM10    .0013 -5.E-4 -.0015 -5.E-4  -4.9909 15.2883 1.15967  .00303 -3.3E-5 2.E-10   75
 3.22765 8.03380  .51756  .40368 -.17943  LFT37     .0013 -5.E-4 -.0015 -5.E-4  -4.9909 15.2883 1.15967  .00303 -3.3E-5 2.E-10   76
 1.23779 1.78167  .57790  .15313 -.17943  MSDX.2   5.8E-4 -5.E-4 -.0022 -5.E-4  -7.3638 32.5865 1.16966  .00370 -3.3E-5 2.E-10   77
 -5.1657 11.2910  .90193 -.37468 -.17121  LFT38    -.0010 -6.E-4 -.0024 4.3E-4  6.63212 36.8598 1.18192  .00153 -.00121 -5.E-9   78
 -7.8629 25.6226  .91223 -.56240 -.17121  MSFX.2   -.0016 -6.E-4 -.0019 4.3E-4  5.28964 23.7458 1.18784 -2.8E-4 -.00121 -5.E-9   79
 5.04021 42.0515  .92518 -.63713  .12998  LFT39    -.0022 2.2E-4 -.0014 -1.E-4  -1.4445 14.4248 1.22260 -.00602 -.00228 -9.E-9   80
 4.16109 29.1686  .93154 -.45545  .12998 SCCELLIN03 -.0019 2.2E-4 -.0016 -1.E-4 -1.7441 18.8894 1.23612 -.00906 -.00228 -9.E-9   81
 4.16109 29.1686  .93154 -.45545  .12998  LFT40    -.0019 2.2E-4 -.0016 -1.E-4  -1.7441 18.8894 1.23612 -.00906 -.00228 -9.E-9   82
 3.28197 18.7475  .94107 -.27378  .12998  MSDX.3   -.0016 2.2E-4 -.0017 -1.E-4  -2.0438 24.1931 1.24655 -.01210 -.00228 -9.E-9   83
 -2.9403 17.9203  .97616  .15696  .15530  LFT41    -.0018 -3.E-4 -.0011 4.6E-4  4.20651 11.5721 1.27204 -.01221  .00259 -5.E-9   84
 -3.5323 25.0402  .98443  .32815  .15530  MSFX.3   -.0021 -3.E-4 -6.E-4 4.6E-4  2.42947 4.27257 1.29704 -.00986  .00259 -5.E-9   85
 4.78918 17.7252 1.00464  .64121  .01601  LFT42    -.0018 4.8E-4 9.0E-4 5.1E-4  -2.9102 5.43813 1.64067 -.00769 -2.7E-4 -2.E-9   86
 2.89845 6.96166 1.02475  .66297  .01601  MSXD03   -.0012 4.8E-4  .0016 5.1E-4  -5.3483 17.0012 1.66392 -.00879 -2.7E-4 -2.E-9   87
 2.89845 6.96166 1.02475  .66297  .01601  BSND03   -.0012 4.8E-4  .0016 5.1E-4  -5.3483 17.0012 1.66392 -.00879 -2.7E-4 -2.E-9   88
 2.89845 6.96166 1.02475  .66297  .01601  BSSD03   -.0012 4.8E-4  .0016 5.1E-4  -5.3483 17.0012 1.66392 -.00879 -2.7E-4 -2.E-9   89
 2.89845 6.96166 1.02475  .66297  .01601  LFT43    -.0012 4.8E-4  .0016 5.1E-4  -5.3483 17.0012 1.66392 -.00879 -2.7E-4 -2.E-9   90
 1.00773 1.49254 1.09626  .68472  .01601  MSDX.4   -5.E-4 4.8E-4  .0023 5.1E-4  -7.7864 35.3915 1.67301 -.00989 -2.7E-4 -2.E-9   91
 -5.5190 12.4146 1.40562 1.28524  .38277  LFT44     .0011 5.7E-4  .0024 -5.E-4  7.20069 38.8069 1.68448 -.00517  .00291 -2E-10   92
 -8.3065 27.6227 1.41508 1.70566  .38277  MSFX.4    .0017 5.7E-4  .0019 -5.E-4  5.70264 24.6133 1.69015 -.00146  .00291 -2E-10   93
 5.46991 44.1377 1.42725 1.87920 -.28756  LFT45     .0023 -2.E-4  .0014 8.0E-5  -1.1566 13.5917 1.72533  .01007  .00437 -6E-11   94
 4.75715 33.7321 1.43144 1.58687 -.28756  ESM11     .0020 -2.E-4  .0014 8.0E-5  -1.3316 16.1233 1.73628  .01444  .00437 -6E-11   95
 4.75715 33.7321 1.43144 1.58687 -.28756  LFT46     .0020 -2.E-4  .0014 8.0E-5  -1.3316 16.1233 1.73628  .01444  .00437 -6E-11   96
 4.48908 30.1939 1.43335 1.47693 -.28756  SSEM11    .0020 -2.E-4  .0015 8.0E-5  -1.3974 17.1676 1.73994  .01608  .00437 -6E-11   97
 4.48908 30.1939 1.43335 1.47693 -.28756  LFT47     .0020 -2.E-4  .0015 8.0E-5  -1.3974 17.1676 1.73994  .01608  .00437 -6E-11   98
 3.50826 18.9967 1.44266 1.07465 -.28756  MSDX.5    .0016 -2.E-4  .0016 8.0E-5  -1.6382 21.4179 1.75157  .02209  .00437 -6E-11   99
 -2.5876 16.7678 1.47872  .71583  .04989  LFT48     .0017 3.0E-4 9.4E-4 -4.E-4  3.64563 9.70205 1.78121  .02238 -.00461 1.E-11  100
 -3.0924 23.0159 1.48763  .77038  .04989  MSFX.5    .0020 3.0E-4 4.6E-4 -4.E-4  2.02539 3.46393 1.81159  .01779 -.00461 1.E-11  101
 4.35636 15.6578 1.51007  .56339 -.16323  LFT49     .0017 -5.E-4 -.0010 -5.E-4  -3.1934 6.29567 2.14720  .01268 3.56E-4 1.0E-9  102
 2.56994 5.96018 1.53322  .33550 -.16323 SCCELLIN06 .0011 -5.E-4 -.0017 -5.E-4  -5.6837 18.7247 2.16778  .01391 3.56E-4 1.0E-9  103
 2.56994 5.96018 1.53322  .33550 -.16323  LFT50     .0011 -5.E-4 -.0017 -5.E-4  -5.6837 18.7247 2.16778  .01391 3.56E-4 1.0E-9  104
  .78353 1.26492 1.61838  .10761 -.16323  MSDX.6   4.4E-4 -5.E-4 -.0024 -5.E-4  -8.1740 38.1272 2.17613  .01513 3.56E-4 1.0E-9  105
 -5.8661 13.5695 1.90902 -.38509 -.16416  LFT51    -.0011 -6.E-4 -.0025 4.8E-4  7.75199 40.5940 2.18693  .00773 -.00442 -4.E-9  106
 -8.7367 29.6327 1.91776 -.56502 -.16416  MSFX.6   -.0018 -6.E-4 -.0020 4.8E-4  6.09651 25.3606 2.19239  .00234 -.00442 -4.E-9  107
 5.89841 46.1520 1.92925 -.61956  .13398  LFT52    -.0024 2.6E-4 -.0013 -5.E-5  -.87990 12.7147 2.22823 -.01472 -.00648 -9.E-9  108
 5.10937 34.9520 1.93328 -.48350  .13398  ESM12    -.0021 2.6E-4 -.0014 -5.E-5  -1.0218 14.6496 2.24011 -.02126 -.00648 -9.E-9  109
 5.10937 34.9520 1.93328 -.48350  .13398  LFT53    -.0021 2.6E-4 -.0014 -5.E-5  -1.0218 14.6496 2.24011 -.02126 -.00648 -9.E-9  110
 4.81261 31.1553 1.93513 -.43233  .13398 SCCELLIN07 -.0020 2.6E-4 -.0014 -5.E-5 -1.0752 15.4521 2.24416 -.02372 -.00648 -9.E-9  111
 4.81261 31.1553 1.93513 -.43233  .13398  LFT54    -.0020 2.6E-4 -.0014 -5.E-5  -1.0752 15.4521 2.24416 -.02372 -.00648 -9.E-9  112
 3.72681 19.1991 1.94424 -.24510  .13398  MSDX.7   -.0016 2.6E-4 -.0015 -5.E-5  -1.2706 18.7367 2.25727 -.03272 -.00648 -9.E-9  113
 -2.2507 15.6256 1.98141  .22033  .17436  LFT55    -.0017 -3.E-4 -8.E-4 4.1E-4  3.10811 8.01357 2.29221 -.03282  .00679 -6.E-9  114
 -2.6777 21.0469 1.99107  .41243  .17436  MSFX.7   -.0020 -3.E-4 -4.E-4 4.1E-4  1.64480 2.78538 2.32961 -.02579  .00679 -6.E-9  115
 3.93498 13.7293 2.01615  .73065 -2.0E-4  LFT56    -.0016 4.5E-4  .0010 5.2E-4  -3.4627 7.19247 2.65287 -.01712 -2.0E-4 -2.E-9  116
 2.25394 5.06416 2.04300  .72974 -2.0E-4  MSXD07   -.0010 4.5E-4  .0018 5.2E-4  -5.9915 20.4296 2.67129 -.01813 -2.0E-4 -2.E-9  117
 2.25394 5.06416 2.04300  .72974 -2.0E-4  BSND07   -.0010 4.5E-4  .0018 5.2E-4  -5.9915 20.4296 2.67129 -.01813 -2.0E-4 -2.E-9  118
 2.25394 5.06416 2.04300  .72974 -2.0E-4  BSSD07   -.0010 4.5E-4  .0018 5.2E-4  -5.9915 20.4296 2.67129 -.01813 -2.0E-4 -2.E-9  119
 2.25394 5.06416 2.04300  .72974 -2.0E-4  LFT57    -.0010 4.5E-4  .0018 5.2E-4  -5.9915 20.4296 2.67129 -.01813 -2.0E-4 -2.E-9  120
  .57290 1.10625 2.14374  .72883 -2.0E-4  MSDX.8   -4.E-4 4.5E-4  .0025 5.2E-4  -8.5203 40.7479 2.67902 -.01915 -2.0E-4 -2.E-9  121
 -6.1966 14.7216 2.41212 1.29330  .37510  LFT58     .0012 5.9E-4  .0025 -5.E-4  8.27444 42.1795 2.68927 -.00916  .00568 -4E-10  122
 -9.1405 31.5925 2.42024 1.70526  .37510  MSFX.8    .0019 5.9E-4  .0020 -5.E-4  6.46283 25.9685 2.69456 -.00235  .00568 -4E-10  123
 6.31875 48.0212 2.43115 1.85858 -.29095  LFT59     .0024 -3.E-4  .0013 2.2E-5  -.61813 11.7985 2.73136  .01989  .00860 -3E-10  124
 5.12549 31.9980 2.43683 1.45161 -.29095  MSXD08    .0020 -3.E-4  .0013 2.2E-5  -.78214 13.7590 2.74888  .03190  .00860 -3E-10  125
 5.12549 31.9980 2.43683 1.45161 -.29095  BSND08    .0020 -3.E-4  .0013 2.2E-5  -.78214 13.7590 2.74888  .03190  .00860 -3E-10  126
 5.12549 31.9980 2.43683 1.45161 -.29095  BSSD08    .0020 -3.E-4  .0013 2.2E-5  -.78214 13.7590 2.74888  .03190  .00860 -3E-10  127
 5.12549 31.9980 2.43683 1.45161 -.29095  LFT60     .0020 -3.E-4  .0013 2.2E-5  -.78214 13.7590 2.74888  .03190  .00860 -3E-10  128
 3.93222 19.3161 2.44580 1.04464 -.29095  MSDX.9    .0016 -3.E-4  .0013 2.2E-5  -.94615 16.1788 2.76384  .04390  .00860 -3E-10  129
 -1.9236 14.4533 2.48436  .65268  .03126  LFT61     .0016 2.5E-4 6.6E-4 -4.E-4  2.59998 6.52671 2.80565  .04361 -.00915 3.E-10  130
 -2.2814 19.0789 2.49491  .68678  .03126  MSFX.9    .0019 2.5E-4 2.4E-4 -4.E-4  1.29214 2.24538 2.85204  .03396 -.00915 3.E-10  131
 3.51504 11.8969 2.52324  .47539 -.14702  LFT62     .0015 -4.E-4 -.0011 -5.E-4  -3.7161 8.12212 3.15787  .02112 -1.8E-4 1.7E-9  132
   AX      BX      NX      EX     EPX    Element    DX     DPX    DY     DPY      AY      BY      NY      EY     EPY     DetR     #
 1.94326 4.25464 2.55477  .27016 -.14702 SCCELLIN10 9.2E-4 -4.E-4 -.0019 -5.E-4 -6.2691 22.1027 3.17453  .02160 -1.8E-4 1.7E-9  133
 1.94326 4.25464 2.55477  .27016 -.14702  LFT63    9.2E-4 -4.E-4 -.0019 -5.E-4  -6.2691 22.1027 3.17453  .02160 -1.8E-4 1.7E-9  134
  .37149 1.01372 2.67252  .06493 -.14702  MSDX.10  3.0E-4 -4.E-4 -.0026 -5.E-4  -8.8221 43.2322 3.18175  .02208 -1.8E-4 1.7E-9  135
 -6.5151 15.8871 2.91501 -.39081 -.15587  LFT64    -.0013 -6.E-4 -.0026 5.3E-4  8.76624 43.5621 3.19154  .00942 -.00671 -4.E-9  136
 -9.5233 33.5295 2.92260 -.56161 -.15587  MSFX.10  -.0019 -6.E-4 -.0020 5.3E-4  6.80050 26.4387 3.19670  .00146 -.00671 -4.E-9  137
 6.73051 49.7841 2.93299 -.59594  .13677  LFT65    -.0025 3.0E-4 -.0012 6.3E-6  -.37429 10.8604 3.23472 -.02557 -.01068 -9.E-9  138
 5.78427 37.0508 2.93676 -.45709  .13677  ESM13    -.0022 3.0E-4 -.0012 6.3E-6  -.48110 11.7307 3.24909 -.03645 -.01068 -9.E-9  139
 5.78427 37.0508 2.93676 -.45709  .13677  LFT66    -.0022 3.0E-4 -.0012 6.3E-6  -.48110 11.7307 3.24909 -.03645 -.01068 -9.E-9  140
 5.42839 32.7602 2.93851 -.40486  .13677  SSEM12   -.0021 3.0E-4 -.0012 6.3E-6  -.52127 12.1143 3.25420 -.04054 -.01068 -9.E-9  141
 5.42839 32.7602 2.93851 -.40486  .13677  LFT67    -.0021 3.0E-4 -.0012 6.3E-6  -.52127 12.1143 3.25420 -.04054 -.01068 -9.E-9  142
 4.12626 19.3826 2.94736 -.21379  .13677  MSDX.11  -.0017 3.0E-4 -.0012 6.3E-6  -.66825 13.7798 3.27148 -.05551 -.01068 -9.E-9  143
 -1.6173 13.3087 2.98751  .28316  .19254  LFT68    -.0016 -2.E-4 -5.E-4 3.5E-4  2.12808 5.26043 3.32222 -.05446  .01163 -7.E-9  144
 -1.9162 17.1958 2.99909  .49520  .19254  MSFX.11  -.0018 -2.E-4 -1.E-4 3.5E-4   .97198 1.85036 3.37957 -.04205  .01163 -7.E-9  145
 3.11308 10.2297 3.03132  .81706 -.01636  LFT69    -.0014 4.3E-4  .0012 5.2E-4  -3.9497 9.06906 3.66232 -.02448 7.90E-4 -3.E-9  146
 1.64980 3.56118 3.06858  .79355 -.01636 SCCELLIN12 -8.E-4 4.3E-4 .0019 5.2E-4  -6.5125 23.7174 3.67753 -.02410 7.90E-4 -3.E-9  147
 1.64980 3.56118 3.06858  .79355 -.01636  LFT70    -8.E-4 4.3E-4  .0019 5.2E-4  -6.5125 23.7174 3.67753 -.02410 7.90E-4 -3.E-9  148
  .18652  .99012 3.20250  .77004 -.01636  MSDX.12  -2.E-4 4.3E-4  .0026 5.2E-4  -9.0753 45.5423 3.68432 -.02373 7.90E-4 -3.E-9  149
 -6.8131 17.0334 3.41767 1.29674  .36625  LFT71     .0013 6.1E-4  .0026 -5.E-4  9.21737 44.7094 3.69373 -.00853  .00749 -7E-10  150
 -9.8753 35.3908 3.42480 1.69894  .36625  MSFX.12   .0020 6.1E-4  .0020 -5.E-4  7.10247 26.7576 3.69880 2.99E-4  .00749 -7E-10  151
 7.12899 51.3806 3.43476 1.83210 -.29314  LFT72     .0026 -3.E-4  .0011 -3.E-5  -.15140 9.90535 3.73841  .03169  .01276 -6E-10  152
 5.71683 33.3950 3.44014 1.42211 -.29314 SCCELLIN13 .0021 -3.E-4  .0011 -3.E-5  -.29599 10.5317 3.76030  .04960  .01276 -6E-10  153
 5.71683 33.3950 3.44014 1.42211 -.29314  LFT73     .0021 -3.E-4  .0011 -3.E-5  -.29599 10.5317 3.76030  .04960  .01276 -6E-10  154
 4.30468 19.3637 3.44891 1.01213 -.29314  MSDX.13   .0017 -3.E-4  .0010 -3.E-5  -.44058 11.5630 3.78054  .06751  .01276 -6E-10  155
 -1.3257 12.1515 3.49099  .59023  .01353  LFT74     .0015 2.0E-4 3.8E-4 -3.E-4  1.69726 4.22877 3.84287  .06549 -.01426 4.E-10  156
 -1.5753 15.3427 3.50383  .60490  .01353  MSFX.13   .0017 2.0E-4 2.4E-5 -3.E-4   .68780 1.60520 3.91224  .05016 -.01426 4.E-10  157
 2.71858 8.68718 3.54093  .39061 -.13091  LFT75     .0013 -4.E-4 -.0012 -5.E-4  -4.1611 10.0259 4.16633  .02731 -.00163 2.1E-9  158
 1.73585 4.15500 3.56802  .25784 -.13091  ESM14    8.9E-4 -4.E-4 -.0018 -5.E-4  -6.0198 20.3847 4.17766  .02618 -.00163 2.1E-9  159
 1.73585 4.15500 3.56802  .25784 -.13091  LFT76    8.9E-4 -4.E-4 -.0018 -5.E-4  -6.0198 20.3847 4.17766  .02618 -.00163 2.1E-9  160
 1.36625 2.96794 3.58540  .20791 -.13091  SSEM13   7.3E-4 -4.E-4 -.0020 -5.E-4  -6.7189 25.2594 4.18035  .02575 -.00163 2.1E-9  161
 1.36625 2.96794 3.58540  .20791 -.13091  LFT77    7.3E-4 -4.E-4 -.0020 -5.E-4  -6.7189 25.2594 4.18035  .02575 -.00163 2.1E-9  162
  .01392 1.03554 3.73262  .02521 -.13091  MSDX.14  1.5E-4 -4.E-4 -.0027 -5.E-4  -9.2766 47.6551 4.18677  .02419 -.00163 2.1E-9  163
 -7.0935 18.1748 3.92018 -.39200 -.14646  LFT78    -.0014 -6.E-4 -.0026 5.6E-4  9.62593 45.6209 4.19589  .00644 -.00800 -3.E-9  164
 -10.199 37.1971 3.92691 -.55242 -.14646  MSFX.14  -.0021 -6.E-4 -.0020 5.6E-4  7.36766 26.9280 4.20088 -.00298 -.00800 -3.E-9  165
 7.51175 52.8398 3.93649 -.56664  .13836  LFT79    -.0026 3.4E-4 -.0011 6.4E-5   .04784 8.95150 4.24246 -.03822 -.01475 -8.E-9  166
 4.90493 23.0569 3.94744 -.23557  .13836  CT04     -.0018 3.4E-4 -9.E-4 6.4E-5  -.22073 9.36620 4.28464 -.07376 -.01475 -8.E-9  167
 4.90493 23.0569 3.94744 -.23557  .13836  LFT80    -.0018 3.4E-4 -9.E-4 6.4E-5  -.22073 9.36620 4.28464 -.07376 -.01475 -8.E-9  168
 3.95397 15.3053 3.95485 -.11479  .13836  QFQ1     -.0015 3.4E-4 -8.E-4 6.4E-5  -.31870 9.83821 4.29917 -.08672 -.01475 -8.E-9  169
 1.20762 5.85516 3.99038  .15802  .14134  LFT81    -.0010 1.7E-4 -7.E-4 7.8E-5   .80249 8.76798 4.33209 -.10304 -.00104 -8.E-9  170
  .99528 4.74109 4.00568  .22942  .14134  ESM15    -9.E-4 1.7E-4 -7.E-4 7.8E-5   .70767 8.00425 4.34170 -.10361 -.00104 -8.E-9  171
  .99528 4.74109 4.00568  .22942  .14134  LFT82    -9.E-4 1.7E-4 -7.E-4 7.8E-5   .70767 8.00425 4.34170 -.10361 -.00104 -8.E-9  172
  .93313 4.45563 4.01081  .25031  .14134  SSEM14   -9.E-4 1.7E-4 -7.E-4 7.8E-5   .67991 7.79884 4.34468 -.10377 -.00104 -8.E-9  173
  .93313 4.45563 4.01081  .25031  .14134  LFT83    -9.E-4 1.7E-4 -7.E-4 7.8E-5   .67991 7.79884 4.34468 -.10377 -.00104 -8.E-9  174
  .70381 3.56157 4.03270  .32742  .14134  BFV1     -8.E-4 1.7E-4 -6.E-4 7.8E-5   .57750 7.11208 4.35637 -.10438 -.00104 -8.E-9  175
  .28396 2.57380 4.08627  .46858  .14134  LFT84    -6.E-4 1.7E-4 -6.E-4 -9.E-5   .39000 6.14457 4.38053 -.10541 -.00104 -8.E-9  176
 -.17700 2.45638 4.15818  .62357  .14134  BFH1     -4.E-4 1.7E-4 -7.E-4 -9.E-5   .18415 5.51421 4.41073 -.10645 -.00104 -8.E-9  177
 -.59685 3.23024 4.21594  .76546  .14267  LFT85    -3.E-4 4.5E-5 -8.E-4 -9.E-5  -.00335 5.33341 4.44025 -.10739 -.00104 -8.E-9  178
 -.92006 4.39798 4.24868  .87525  .14267  ESM16    -3.E-4 4.5E-5 -9.E-4 -9.E-5  -.14769 5.44968 4.46305 -.10812 -.00104 -8.E-9  179
 -.92006 4.39798 4.24868  .87525  .14267  LFT86    -3.E-4 4.5E-5 -9.E-4 -9.E-5  -.14769 5.44968 4.46305 -.10812 -.00104 -8.E-9  180
 -2.7332 20.1748 4.32448 1.49117  .14267  BFV2     -1.E-4 4.5E-5 -.0013 -9.E-5  -.95741 10.2221 4.56126 -.11220 -.00104 -8.E-9  181
 -3.0481 24.5109 4.32985 1.59814  .14267  LFT87    -7.E-5 4.5E-5 -.0014 -2.E-4  -1.0980 11.7636 4.57215 -.11288 -.00104 -8.E-9  182
 -3.3369 28.9038 4.33396 1.69626  .14267  SSEM15   -4.E-5 4.5E-5 -.0015 -2.E-4  -1.2270 13.3633 4.58089 -.11348 -.00104 -8.E-9  183
 -3.3369 28.9038 4.33396 1.69626  .14267  LFT88    -4.E-5 4.5E-5 -.0015 -2.E-4  -1.2270 13.3633 4.58089 -.11348 -.00104 -8.E-9  184
 -3.3994 29.9055 4.33477 1.71747  .14267  ESM17    -4.E-5 4.5E-5 -.0015 -2.E-4  -1.2549 13.7323 4.58263 -.11361 -.00104 -8.E-9  185
 -3.3994 29.9055 4.33477 1.71747  .14267  LFT89    -4.E-5 4.5E-5 -.0015 -2.E-4  -1.2549 13.7323 4.58263 -.11361 -.00104 -8.E-9  186
 -3.6047 33.3305 4.33723 1.78721  .14267  QFQ2     -1.E-5 4.5E-5 -.0016 -2.E-4  -1.3466 15.0045 4.58806 -.11404 -.00104 -8.E-9  187
 1.29757 39.8498 4.34755 1.83043 -.10897  LFT90    1.1E-4 4.8E-5 -.0015 2.1E-4  -5.4629 30.3386 4.60782 -.13664 -.01751 -8.E-9  188
 1.14600 34.3500 4.35724 1.58505 -.10897  QFQ3     2.1E-4 4.8E-5 -.0011 2.1E-4  -7.7510 60.0799 4.61622 -.17652 -.01751 -8.E-9  189
 -2.9409 38.4619 4.36871 1.52591  .06067  LFT91    3.5E-4 6.2E-5 -.0011 -2.E-4  -.38374 82.5459 4.62161 -.19417  .00368 -8.E-9  190
 -3.0990 42.2671 4.37120 1.56409  .06067  ESM18    3.9E-4 6.2E-5 -.0013 -2.E-4  -.39249 83.0349 4.62282 -.19171  .00368 -8.E-9  191
 -3.0990 42.2671 4.37120 1.56409  .06067  LFT92    3.9E-4 6.2E-5 -.0013 -2.E-4  -.39249 83.0349 4.62282 -.19171  .00368 -8.E-9  192
 -3.1361 43.1899 4.37175 1.57306  .06067  SSEM16   4.0E-4 6.2E-5 -.0013 -2.E-4  -.39455 83.1514 4.62311 -.19113  .00368 -8.E-9  193
 -3.1361 43.1899 4.37175 1.57306  .06067  LFT93    4.0E-4 6.2E-5 -.0013 -2.E-4  -.39455 83.1514 4.62311 -.19113  .00368 -8.E-9  194
 -3.2984 47.3531 4.37403 1.61227  .06067  BFH2     4.4E-4 6.2E-5 -.0014 -2.E-4  -.40354 83.6677 4.62434 -.18859  .00368 -8.E-9  195
 -3.4866 52.4419 4.37643 1.65776  .06067  LFT94    4.5E-4 -3.E-5 -.0016 -2.E-4  -.41396 84.2809 4.62576 -.18565  .00368 -8.E-9  196
 -3.7487 60.0028 4.37939 1.72119  .06067  BFVD1    4.1E-4 -3.E-5 -.0019 -2.E-4  -.42849 85.1612 4.62772 -.18156  .00368 -8.E-9  197
 -4.2292 75.9642 4.38411 1.84197  .06016  LFT95    3.4E-4 -3.E-5 -.0024 -2.E-4  -.45628 86.9296 4.63142 -.14999  .02742 -8.E-9  198
   AX      BX      NX      EX     EPX    Element    DX     DPX    DY     DPY      AY      BY      NY      EY     EPY     DetR     #
 -4.4778 84.6713 4.38609 1.90217  .06016  QFQ4     3.1E-4 -3.E-5 -.0026 -2.E-4  -.47018 87.8561 4.63325 -.12234  .02742 -8.E-9  199
 -.03699 91.6228 4.38877 1.91859 -.03846  LFT96    2.6E-4 -3.E-5 -.0030 -3.E-4  -5.3072 96.3066 4.63587 -.08502  .02213 -8.E-9  200
 -.04308 91.6675 4.38974 1.89715 -.03846  SSEM17   2.4E-4 -3.E-5 -.0031 -3.E-4  -5.4762 102.323 4.63677 -.07251  .02213 -8.E-9  201
 -.04308 91.6675 4.38974 1.89715 -.03846  LFT97    2.4E-4 -3.E-5 -.0031 -3.E-4  -5.4762 102.323 4.63677 -.07251  .02213 -8.E-9  202
 -.04470 91.6805 4.38999 1.89147 -.03846  ESM19    2.4E-4 -3.E-5 -.0032 -3.E-4  -5.5209 103.948 4.63700 -.06920  .02213 -8.E-9  203
 -.04470 91.6805 4.38999 1.89147 -.03846  LFT98    2.4E-4 -3.E-5 -.0032 -3.E-4  -5.5209 103.948 4.63700 -.06920  .02213 -8.E-9  204
 -.05117 91.7372 4.39102 1.86872 -.03846  BFVD2    2.2E-4 -3.E-5 -.0034 -3.E-4  -5.7002 110.591 4.63788 -.05592  .02213 -8.E-9  205
 -.02043 91.9185 4.39535 1.77090 -.03961  LFT99    1.5E-4 -3.E-5 -.0041 -3.E-4  -6.4571 140.974 4.64106  .04979  .06188 -8.E-9  206
 -.02651 91.9447 4.39632 1.74878 -.03961  ESM20    1.3E-4 -3.E-5 -.0042 -3.E-4  -6.6264 148.288 4.64168  .08454  .06188 -8.E-9  207
 -.02651 91.9447 4.39632 1.74878 -.03961  LFT100   1.3E-4 -3.E-5 -.0042 -3.E-4  -6.6264 148.288 4.64168  .08454  .06188 -8.E-9  208
 -.02813 91.9529 4.39658 1.74289 -.03961  SSEM18   1.3E-4 -3.E-5 -.0043 -3.E-4  -6.6714 150.265 4.64184  .09378  .06188 -8.E-9  209
 -.02813 91.9529 4.39658 1.74289 -.03961  LFT101   1.3E-4 -3.E-5 -.0043 -3.E-4  -6.6714 150.265 4.64184  .09378  .06188 -8.E-9  210
 -.03014 91.9636 4.39690 1.73557 -.03961  CT05     1.2E-4 -3.E-5 -.0043 -3.E-4  -6.7275 152.743 4.64203  .10528  .06188 -8.E-9  211
 -.03014 91.9636 4.39690 1.73557 -.03961  LFT102   1.2E-4 -3.E-5 -.0043 -3.E-4  -6.7275 152.743 4.64203  .10528  .06188 -8.E-9  212
 -.04557 92.0710 4.39935 1.67948 -.03961  SSEM19   8.2E-5 -3.E-5 -.0047 -3.E-4  -7.1567 172.423 4.64342  .19340  .06188 -8.E-9  213
 -.04557 92.0710 4.39935 1.67948 -.03961  LFT103   8.2E-5 -3.E-5 -.0047 -3.E-4  -7.1567 172.423 4.64342  .19340  .06188 -8.E-9  214
 -.04779 92.0900 4.39970 1.67140 -.03961  ESM21    7.7E-5 -3.E-5 -.0048 -3.E-4  -7.2185 175.356 4.64361  .20608  .06188 -8.E-9  215
 -.04779 92.0900 4.39970 1.67140 -.03961  LFT104   7.7E-5 -3.E-5 -.0048 -3.E-4  -7.2185 175.356 4.64361  .20608  .06188 -8.E-9  216
 -.06509 92.2694 4.40245 1.60851 -.03961  BAFFLE   3.1E-5 -3.E-5 -.0053 -3.E-4  -7.6998 199.062 4.64496  .30487  .06188 -8.E-9  217
 -.06509 92.2694 4.40245 1.60851 -.03961  LFT105   3.1E-5 -3.E-5 -.0053 -3.E-4  -7.6998 199.062 4.64496  .30487  .06188 -8.E-9  218
 -.07654 92.4184 4.40426 1.56687 -.03961  OTR      -5E-16 -3.E-5 -.0056 -3.E-4  -8.0184 215.600 4.64577  .37028  .06188 -8.E-9  219
 -.07654 92.4184 4.40426 1.56687 -.03961  LFT106   -5E-16 -3.E-5 -.0056 -3.E-4  -8.0184 215.600 4.64577  .37028  .06188 -8.E-9  220
 -.08491 92.5426 4.40558 1.53642 -.03961  TARGET   -2.E-5 -3.E-5 -.0058 -3.E-4  -8.2514 228.118 4.64632  .41811  .06188 -8.E-9  221
 -.08491 92.5426 4.40558 1.53642 -.03961  $$$      -2.E-5 -3.E-5 -.0058 -3.E-4  -8.2514 228.118 4.64632  .41811  .06188 -8.E-9  222
 !
 !BEAMSIZE;
 !DISP B;
 
 
 !beam size x
 Print['beam size x'];
beam size x
 Scan[Function[{m},Print[m//", "//BeamSizeXm[m]]],Thread[LINE["NAME"]]];
NUIN, .0030343703016357413
LFT00, .0030343703016357413
CT01, .0033450660961033257
LFT01, .0033450660961033257
SSEM01, .0033882051031248546
LFT02, .0033882051031248546
ESM01, .0034194456750358156
LFT03, .0034194456750358156
BPV1, .0035258058290288984
LFT04, .00373723847216431
BPH2, .004560819874674593
LFT05, .004690207847260178
ESM02, .004766592375381298
LFT06, .004766592375381298
SSEM02, .00479848782989895
LFT07, .00479848782989895
QPQ1, .004938763105502201
LFT08, .004332484146186872
QPQ2, .0033686471135644623
LFT09, .0024044211535259622
ESM03, .0023758720936580976
LFT10, .0023758720936580976
SSEM03, .0023658588375692776
LFT11, .0023658588375692776
BPD1, .002327289231235408
LFT12, .0021711875318818187
ESM04, .002151174118161942
LFT13, .002151174118161942
BPD2, .0021293177012781843
LFT14, .0020836421824767777
ESM05, .0020866874205064333
LFT15, .0020866874205064333
SSEM04, .0020878767781505264
LFT16, .0020878767781505264
CT02, .0020896415198841693
LFT17, .0020896415198841693
SSEM05, .0022074131957782843
LFT18, .0022074131957782843
SSEM06, .0023427084335180736
LFT19, .0023427084335180736
ESM06, .0023523659757149766
LFT20, .0023523659757149766
QPQ3, .0023916294944320866
LFT21, .0023228037056070108
BPV2, .0018642277533220887
LFT22, .0017457482477142665
ESM07, .0017079043090281658
LFT23, .0017079043090281658
SSEM07, .0016929546496747584
LFT24, .0016929546496747584
QPQ4, .0016374904923698319
LFT25, .001905778704971337
ESM08, .002080243046968642
LFT26, .002080243046968642
SSEM08, .002121457899822765
LFT27, .002121457899822765
SSEM09, .003244893070705707
LFT28, .003244893070705707
BPH3, .0035132077652443297
LFT29, .0038132395192011555
QPQ5, .0040542620514377545
LFT30, .003940821049533218
ESM09, .003731183490714967
LFT31, .003731183490714967
CT03, .0036721812971970418
LFT32, .0036721812971970418
SCCELLIN01, .0028637610179410426
LFT33, .0028637610179410426
MSDX.1, .002298532360773711
LFT34, .0022682336328780865
MSFX.1, .002689133645763741
LFT35, .0022888836059143554
ESM10, .0016794296893903433
LFT36, .0016794296893903433
SSEM10, .0014533609728083316
LFT37, .0014533609728083316
MSDX.2, .0006770317366063303
LFT38, .001702205441536153
MSFX.2, .0025638216531105595
LFT39, .0032678088238397357
SCCELLIN03, .002706561095223575
LFT40, .002706561095223575
MSDX.3, .002151585597212669
LFT41, .002081441143689772
MSFX.3, .0024889503032261588
LFT42, .0021671036609474696
MSXD03, .0014103497442018566
BSND03, .0014103497442018566
BSSD03, .0014103497442018566
LFT43, .0014103497442018566
MSDX.4, .0007285804369681814
LFT44, .001963359824690152
MSFX.4, .002886350611233243
LFT45, .00359317536786505
ESM11, .0031300089011066477
LFT46, .0031300089011066477
SSEM11, .002956425023633402
LFT47, .002956425023633402
MSDX.5, .0023256517826246294
LFT48, .002126202025304857
MSFX.5, .0024773810003408947
LFT49, .002028948671652635
SCCELLIN06, .001249381933271266
LFT50, .001249381933271266
MSDX.6, .0005661799305626353
LFT51, .001860934504607731
MSFX.6, .0027491965646755595
LFT52, .003413840759482463
ESM12, .0029597426403649087
LFT53, .0029597426403649087
SCCELLIN07, .002789536150269829
LFT54, .002789536150269829
MSDX.7, .0021709549152196805
LFT55, .0019583649948309114
MSFX.7, .0023041881997066175
LFT56, .001940520722973977
MSXD07, .0012357445148540773
BSND07, .0012357445148540773
BSSD07, .0012357445148540773
LFT57, .0012357445148540773
MSDX.8, .0006551191816474823
LFT58, .002116763592296321
MSFX.8, .003063025383787411
LFT59, .00372761060475254
MSXD08, .0030297054325684634
BSND08, .0030297054325684634
BSSD08, .0030297054325684634
LFT60, .0030297054325684634
MSDX.9, .0023373195538447535
LFT61, .0019716280224808857
MSFX.9, .0022526375654520906
LFT62, .0017654310050092064
SCCELLIN10, .0010529333972805316
LFT63, .0010529333972805316
MSDX.10, .0005005704907370078
LFT64, .0020084156804034982
MSFX.10, .002916496277982523
LFT65, .0035361222202979865
ESM13, .0030391674606341673
LFT66, .0030391674606341673
SSEM12, .00285279170647559
LFT67, .00285279170647559
MSDX.11, .0021748089391653673
LFT68, .0018233218654620468
MSFX.11, .0021072203206847612
LFT69, .0017123169451480388
SCCELLIN12, .0010725894958625519
LFT70, .0010725894958625519
MSDX.12, .0006358848164217529
LFT71, .0022580279370032984
MSFX.12, .0032207438876822
LFT72, .0038377118061227256
SCCELLIN13, .0030829663723412927
LFT73, .0030829663723412927
MSDX.13, .002333436979166994
LFT74, .0018061817951826142
MSFX.13, .0020178720593109784
LFT75, .0015054734553312686
ESM14, .0010387042723672966
LFT76, .0010387042723672966
SSEM13, .0008758755663431764
LFT77, .0008758755663431764
MSDX.14, .0004978458584887077
LFT78, .002142956763350959
MSFX.14, .003064048127765163
LFT79, .0036335674048301957
CT04, .0023724851735816427
LFT80, .0023724851735816427
QFQ1, .0019175400090625286
LFT81, .0012034247477285495
ESM15, .0011003443285043345
LFT82, .0011003443285043345
SSEM14, .0010722860166620639
LFT83, .0010722860166620639
BFV1, .0009794117828153353
LFT84, .0008706413094370303
BFH1, .0008837090687267796
LFT85, .0010234720975540448
ESM16, .0011906393476227971
LFT86, .0011906393476227971
BFV2, .002473423258674676
LFT87, .0027171963082017517
SSEM15, .0029428225246366903
LFT88, .0029428225246366903
ESM17, .0029917918736839235
LFT89, .0029917918736839235
QFQ2, .003153282655220111
LFT90, .003423152786892491
QFQ3, .0031552886700027343
LFT91, .003308539818827942
ESM18, .003461238835446875
LFT92, .003461238835446875
SSEM16, .003497216212464771
LFT93, .003497216212464771
BFH2, .0036549193292078445
LFT94, .0038385101749955778
BFVD1, .004095500323785186
LFT95, .004589205435106681
QFQ4, .004836581497718233
LFT96, .005019183728453332
SSEM17, .005016025073478002
LFT97, .005016025073478002
ESM19, .005015217351111511
LFT98, .005015217351111511
BFVD2, .005012102299681596
LFT99, .00499711790570975
ESM20, .004993355923895912
LFT100, .004993355923895912
SSEM18, .0049923845868905135
LFT101, .0049923845868905135
CT05, .004991192472704266
LFT102, .004991192472704266
SSEM19, .004982682251437028
LFT103, .004982682251437028
ESM21, .0049815481194970465
LFT104, .0049815481194970465
BAFFLE, .004973493677561686
LFT105, .004973493677561686
OTR, .004968920291205464
LFT106, .004968920291205464
TARGET, .004965958086167814
$$$, .004965958086167814
 !beam size y
 Print['beam size y'];
beam size y
 Scan[Function[{m},Print[m//", "//BeamSizeYm[m]]],Thread[LINE["NAME"]]];
NUIN, .0011933978616818922
LFT00, .0011933978616818922
CT01, .0011813568916982091
LFT01, .0011813568916982091
SSEM01, .0011869919852488294
LFT02, .0011869919852488294
ESM01, .0011921461718304883
LFT03, .0011921461718304883
BPV1, .0012162343444391502
LFT04, .0012916938321878805
BPH2, .0018223165927842915
LFT05, .0019262520216183929
ESM02, .001989179784887582
LFT06, .001989179784887582
SSEM02, .002015765659356342
LFT07, .002015765659356342
QPQ1, .00213463113339837
LFT08, .0033308154800263455
QPQ2, .004360765545778107
LFT09, .004938414446899792
ESM03, .004823298486733427
LFT10, .004823298486733427
SSEM03, .004782124585971157
LFT11, .004782124585971157
BPD1, .004619151182471221
LFT12, .0037882688456177386
ESM04, .003640134310948295
LFT13, .003640134310948295
BPD2, .003457703296381574
LFT14, .0026423652087521963
ESM05, .0024380572621288473
LFT15, .0024380572621288473
SSEM04, .002398772289487958
LFT16, .002398772289487958
CT02, .002349756579794293
LFT17, .002349756579794293
SSEM05, .0013468091731655741
LFT18, .0013468091731655741
SSEM06, .0009629662365077318
LFT19, .0009629662365077318
ESM06, .0009507716079970627
LFT20, .0009507716079970627
QPQ3, .0009199955512532961
LFT21, .00104218418251383
BPV2, .001811675440876322
LFT22, .0020940649472097673
ESM07, .0021962576139451747
LFT23, .0021962576139451747
SSEM07, .0022387770991894214
LFT24, .0022387770991894214
QPQ4, .0024102910536596125
LFT25, .00261767675297186
ESM08, .0025153801366032697
LFT26, .0025153801366032697
SSEM08, .002491816242147155
LFT27, .002491816242147155
SSEM09, .001921243372238895
LFT28, .001921243372238895
BPH3, .0018060372914427555
LFT29, .0016891027685596222
QPQ5, .0016056759853348213
LFT30, .0017204344749871842
ESM09, .0018315616923530067
LFT31, .0018315616923530067
CT03, .0018634199704966113
LFT32, .0018634199704966113
SCCELLIN01, .0023203234863898026
LFT33, .0023203234863898026
MSDX.1, .00265816147410852
LFT34, .0018858125974137178
MSFX.1, .0011663774972622291
LFT35, .0011009929823294702
ESM10, .0017503820081999498
LFT36, .0017503820081999498
SSEM10, .0019993971380185814
LFT37, .0019993971380185814
MSDX.2, .002918878479366784
LFT38, .003103890729031833
MSFX.2, .002491098587350508
LFT39, .0019427262155782548
SCCELLIN03, .0022235716922279396
LFT40, .0022235716922279396
MSDX.3, .002516812546958345
LFT41, .0017414176401655053
MSFX.3, .0010586223381677908
LFT42, .001193635567941287
MSXD03, .0021095463889204288
BSND03, .0021095463889204288
BSSD03, .0021095463889204288
LFT43, .0021095463889204288
MSDX.4, .0030431210382133615
LFT44, .0031855380308772265
MSFX.4, .0025364244194936944
LFT45, .0018866385922575212
ESM11, .002055538236053528
LFT46, .002055538236053528
SSEM11, .002121297479150922
LFT47, .002121297479150922
MSDX.5, .0023702045117386726
LFT48, .001596752973386265
MSFX.5, .000954975861092716
LFT49, .0012851860168507756
SCCELLIN06, .002214829766534273
LFT50, .002214829766534273
MSDX.6, .0031595195900188415
LFT51, .0032585487066379283
MSFX.6, .002574817222182414
LFT52, .0018257491542089574
ESM12, .001960846657830387
LFT53, .001960846657830387
SCCELLIN07, .0020142142847006336
LFT54, .0020142142847006336
MSDX.7, .0022192998777222925
LFT55, .0014536688771633968
MSFX.7, .0008583162210099261
LFT56, .0013743870360600294
MSXD07, .0023141845614100013
BSND07, .0023141845614100013
BSSD07, .0023141845614100013
LFT57, .0023141845614100013
MSDX.8, .003267002269079075
LFT58, .0033218286419013747
MSFX.8, .002605487119967216
LFT59, .001759882666389679
MSXD08, .0019025676499131977
BSND08, .0019025676499131977
BSSD08, .0019025676499131977
LFT60, .0019025676499131977
MSDX.9, .002064960362053794
LFT61, .0013146957313726656
MSFX.9, .0007727990256743692
LFT62, .0014610964723318306
SCCELLIN10, .0024076294638882465
LFT63, .0024076294638882465
MSDX.10, .003365588196079189
LFT64, .0033758569614059934
MSFX.10, .0026287868676870287
LFT65, .0016897685147262416
ESM13, .001758145169530818
LFT66, .001758145169530818
SSEM12, .0017873578114792324
LFT67, .0017873578114792324
MSDX.11, .0019087196727924976
LFT68, .0011833501124270313
MSFX.11, .0007037785290976664
LFT69, .0015443546949151816
SCCELLIN12, .002494371155490559
LFT70, .002494371155490559
MSDX.12, .003454550715666963
LFT71, .0034198222612642163
MSFX.12, .002644360791536877
LFT72, .001615212277548306
SCCELLIN13, .0016688852292298197
LFT73, .0016688852292298197
MSDX.13, .0017517941567413353
LFT74, .0010643189162638403
MSFX.13, .0006576996017252914
LFT75, .0016241014854836758
ESM14, .0023132553992061956
LFT76, .0023132553992061956
SSEM13, .0025743537871853656
LFT77, .0025743537871853656
MSDX.14, .003533757606645312
LFT78, .0034540700653761724
MSFX.14, .0026533018620599567
LFT79, .0015370927291148849
CT04, .0015792269270922708
LFT80, .0015792269270922708
QFQ1, .0016207560768161506
LFT81, .0015342979959953001
ESM15, .0014669842586190315
LFT82, .0014669842586190315
SSEM14, .0014483397008180346
LFT83, .0014483397008180346
BFV1, .0013841567147511
LFT84, .0012882459244147135
BFH1, .0012216970159916864
LFT85, .001202042361396618
ESM16, .0012149868085129737
LFT86, .0012149868085129737
BFV2, .0016568362957185606
LFT87, .0017758874920479116
SSEM15, .0018914183030305997
LFT88, .0018914183030305997
ESM17, .001917071857395674
LFT89, .001917071857395674
QFQ2, .0020029584587402346
LFT90, .0028430194922809686
QFQ3, .003997642830502628
LFT91, .0046832905707978436
ESM18, .004696534016831774
LFT92, .004696534016831774
SSEM16, .004699684160205405
LFT93, .004699684160205405
BFH2, .004713628373685924
LFT94, .004730142175021487
BFVD1, .004753770122842695
LFT95, .004796184612771107
QFQ4, .004815984916396013
LFT96, .005033669053719624
SSEM17, .005185510366065241
LFT97, .005185510366065241
ESM19, .005225748611297508
LFT98, .005225748611297508
BFVD2, .005387050630695228
LFT99, .006079526767776545
ESM20, .006241930779334232
LFT100, .006241930779334232
SSEM18, .006285125454341084
LFT101, .006285125454341084
CT05, .006338900187109926
LFT102, .006338900187109926
SSEM19, .006751193666363768
LFT103, .006751193666363768
ESM21, .006810572551533804
LFT104, .006810572551533804
BAFFLE, .007273413473868739
LFT105, .007273413473868739
OTR, .007580118467177891
LFT106, .007580118467177891
TARGET, .007804505906468195
$$$, .007804505906468195
 
 
 
 
 abort;
